Patient Id,Patient Admission Date,Patient Admission Time,Merged,Patient Gender,Patient Age,Patient Race,Department Referral,Patient Admission Flag,Patient Satisfaction Score,Patient Waittime
780-96-6113,09/09/2024,9:25:00 am,W. Breede,Female,63,African American,None,Not Admission,5,32
714-35-6722,09/09/2024,4:42:00 pm,Y. Baldetti,Male,31,Asian,Orthopedics,Not Admission,,22
571-85-3714,09/09/2024,12:14:00 am,M. Semerad,Male,75,White,General Practice,Not Admission,,16
404-43-9499,09/09/2024,8:33:00 pm,K. Blaydes,Male,79,African American,General Practice,Admission,,38
552-51-5855,09/09/2024,7:25:00 pm,F. Dickerson,Female,24,African American,None,Admission,,36
736-98-3342,09/09/2024,12:05:00 pm,B. Glasman,Male,27,Asian,None,Not Admission,,52
634-04-5264,09/09/2024,5:25:00 pm,R. Possek,Female,70,White,General Practice,Not Admission,,57
237-07-3349,09/09/2024,7:46:00 pm,H. Cloake,Female,64,Two or More Races,General Practice,Not Admission,,13
695-54-0916,09/09/2024,12:34:00 pm,G. Tregonna,Female,69,Two or More Races,General Practice,Not Admission,,48
536-68-0475,09/09/2024,1:14:00 pm,T. Shillaker,Female,25,African American,General Practice,Admission,6,14
166-50-3397,09/09/2024,9:47:00 am,S. Hebblewaite,Male,43,White,None,Admission,,15
800-71-0609,09/09/2024,12:57:00 am,X. McCart,Female,1,Declined to Identify,None,Not Admission,,17
223-54-0736,09/09/2024,12:34:00 pm,B. Carman,Female,51,Two or More Races,None,Admission,7,35
792-04-6423,09/09/2024,2:00:00 pm,K. Brittan,Female,59,White,General Practice,Admission,,56
898-30-3232,09/09/2024,10:47:00 am,L. Week,Female,33,Native American/Alaska Native,None,Not Admission,2,42
255-19-2946,09/09/2024,11:18:00 am,Q. Dalglish,Female,59,White,None,Not Admission,,45
193-27-1560,09/09/2024,2:19:00 am,E. Norcliff,Female,12,White,None,Admission,,17
684-59-6729,09/09/2023,6:44:00 am,M. Harsent,Female,31,African American,None,Not Admission,,43
419-20-6236,09/09/2023,9:54:00 pm,L. Scargle,Male,46,Declined to Identify,None,Not Admission,,26
867-15-2683,09/09/2023,7:15:00 pm,G. Edington,Male,14,Declined to Identify,Orthopedics,Not Admission,,36
308-46-0712,09/09/2023,3:09:00 pm,X. Seabrocke,Female,8,Asian,None,Not Admission,,60
215-29-2936,09/09/2023,1:19:00 pm,B. Emberson,Female,44,African American,None,Admission,,53
693-70-1074,09/09/2023,3:28:00 pm,P. McCloud,Male,49,Asian,None,Not Admission,,55
824-34-1887,09/09/2023,11:21:00 pm,A. Coushe,Male,42,African American,None,Admission,,54
649-56-1131,09/09/2023,6:46:00 pm,H. Northeast,Male,7,African American,None,Admission,,29
552-80-5445,09/09/2023,12:28:00 pm,U. Bento,Female,17,African American,None,Not Admission,3,37
168-40-7318,09/09/2023,9:24:00 pm,X. Wiseman,Male,69,Asian,None,Not Admission,,40
338-56-5549,09/09/2023,7:25:00 pm,F. Cod,Male,56,African American,Orthopedics,Admission,,59
288-66-5811,09/09/2023,12:20:00 am,K. Beseke,Male,63,Declined to Identify,General Practice,Not Admission,0,50
495-29-7252,09/09/2023,10:31:00 pm,A. Belt,Female,21,African American,None,Not Admission,,23
719-40-0257,09/09/2023,8:49:00 pm,X. Stevenson,Male,53,African American,None,Admission,,36
432-50-6802,09/09/2023,11:47:00 am,A. Keysel,Male,49,White,None,Admission,,51
544-63-0784,09/08/2024,3:12:00 am,P. Cappleman,Male,74,Native American/Alaska Native,Orthopedics,Not Admission,,56
646-42-4348,09/08/2024,8:08:00 am,T. Beaushaw,Male,74,African American,None,Admission,,36
685-87-5099,09/08/2024,8:29:00 pm,J. Buten,Female,22,White,None,Not Admission,,19
712-41-7615,09/08/2024,9:07:00 pm,N. Gummery,Female,52,White,None,Admission,,20
806-43-1330,09/08/2024,7:54:00 am,N. Legion,Female,72,White,None,Not Admission,,11
110-38-1118,09/08/2024,10:49:00 pm,W. Laing,Female,45,White,None,Not Admission,,45
409-18-9979,09/08/2024,10:55:00 am,S. Wayvill,Female,52,Asian,Physiotherapy,Admission,,18
543-16-9617,09/08/2024,9:28:00 pm,U. Ervin,Male,79,Pacific Islander,General Practice,Admission,1,34
225-66-0995,09/08/2024,8:03:00 am,Z. Verden,Female,46,African American,Orthopedics,Admission,,53
644-62-8312,09/08/2024,12:34:00 am,O. Bille,Male,60,Declined to Identify,Orthopedics,Not Admission,4,28
250-68-0102,09/08/2024,9:28:00 am,F. Burgane,Female,25,Pacific Islander,None,Admission,7,34
795-89-9000,09/08/2024,7:51:00 am,Q. Foottit,Male,51,African American,None,Admission,,22
662-15-8330,09/08/2023,4:04:00 am,B. Dyet,Male,4,African American,Orthopedics,Not Admission,10,20
567-46-9140,09/08/2023,5:41:00 am,W. Kirmond,Female,39,Declined to Identify,None,Not Admission,,23
215-03-5942,09/08/2023,8:03:00 am,V. Inns,Female,3,Pacific Islander,Physiotherapy,Not Admission,,29
581-11-0547,09/08/2023,10:42:00 am,E. Gorries,Female,67,African American,None,Admission,,25
801-82-1101,09/08/2023,5:05:00 pm,W. Pamment,Male,5,Two or More Races,General Practice,Not Admission,,46
560-55-4242,09/08/2023,6:09:00 pm,W. Simonassi,Female,49,White,Orthopedics,Not Admission,,20
247-25-0172,09/08/2023,12:22:00 am,Y. Line,Male,5,African American,None,Admission,,36
255-92-8939,09/08/2023,8:30:00 pm,V. Dy,Male,65,Two or More Races,Renal,Admission,8,26
258-52-1051,09/08/2023,6:13:00 pm,R. Duddell,Male,15,White,Orthopedics,Not Admission,2,36
856-56-9240,09/08/2023,3:10:00 pm,K. Wearden,Male,76,Native American/Alaska Native,None,Admission,,57
298-15-6094,09/08/2023,1:53:00 am,H. Ransome,Female,79,White,Orthopedics,Admission,,11
639-46-1546,09/08/2023,8:55:00 am,Y. Capey,Female,62,Two or More Races,General Practice,Not Admission,,10
431-19-3103,09/07/2024,11:09:00 pm,Z. Verrick,Male,17,Two or More Races,Orthopedics,Admission,,17
842-24-1245,09/07/2024,1:18:00 am,S. Toothill,Female,33,Native American/Alaska Native,None,Admission,6,59
378-53-6554,09/07/2024,10:44:00 pm,C. Londors,Female,60,Two or More Races,General Practice,Admission,,14
644-15-9218,09/07/2024,6:27:00 pm,G. Deadman,Female,56,Asian,None,Not Admission,,43
317-63-8141,09/07/2024,6:23:00 am,A. Maudling,Male,60,African American,General Practice,Admission,,10
659-64-3380,09/07/2024,4:33:00 am,C. Wahner,Female,61,Asian,General Practice,Not Admission,,58
596-94-3459,09/07/2024,11:54:00 am,S. Dabney,Female,50,Native American/Alaska Native,None,Admission,,27
876-79-7112,09/07/2024,7:30:00 pm,Q. Halfacre,Female,49,White,Orthopedics,Admission,,11
705-64-5728,09/07/2024,12:52:00 am,I. Showell,Male,47,White,None,Admission,,49
814-79-4525,09/07/2024,5:51:00 pm,O. Seago,Female,41,Declined to Identify,None,Not Admission,,36
289-52-5345,09/07/2024,9:10:00 am,P. Schollar,Female,23,Declined to Identify,None,Not Admission,,43
323-30-5176,09/07/2024,9:39:00 pm,S. Roz,Male,54,White,None,Admission,7,56
564-20-5727,09/07/2024,4:09:00 am,L. Rodolico,Male,9,African American,None,Admission,,34
288-52-5096,09/07/2024,12:47:00 pm,X. Ginty,Male,49,African American,Gastroenterology,Not Admission,2,50
518-92-6308,09/07/2024,10:42:00 am,L. Goodbarne,Male,28,Two or More Races,None,Not Admission,,48
346-54-6833,09/07/2024,4:03:00 am,O. Linnard,Female,29,Two or More Races,None,Admission,,22
480-43-2139,09/07/2024,5:22:00 am,Q. Selesnick,Female,5,Two or More Races,None,Not Admission,,57
441-73-7448,09/07/2024,3:46:00 am,Z. Stickles,Male,60,African American,Gastroenterology,Not Admission,9,45
172-88-6642,09/07/2024,11:43:00 am,O. Boggon,Male,53,African American,General Practice,Admission,8,42
488-25-3285,09/07/2023,2:42:00 am,E. Garroway,Female,6,African American,None,Admission,8,30
860-08-2680,09/07/2023,1:11:00 am,S. Drinkall,Female,68,Asian,None,Admission,,25
302-08-4790,09/07/2023,9:13:00 pm,F. Trahear,Female,3,Declined to Identify,General Practice,Admission,,10
679-06-4862,09/07/2023,10:33:00 am,B. Meas,Male,39,White,General Practice,Not Admission,,58
555-34-2893,09/07/2023,12:09:00 am,Z. Swiers,Female,29,African American,General Practice,Not Admission,,53
167-38-8507,09/07/2023,7:26:00 am,M. Carlow,Female,39,White,Orthopedics,Not Admission,,55
237-73-3094,09/07/2023,8:27:00 pm,F. Kelsall,Female,15,White,Orthopedics,Not Admission,,19
888-09-0158,09/07/2023,8:42:00 pm,H. Rossiter,Male,7,Asian,General Practice,Not Admission,6,37
570-04-4215,09/07/2023,6:34:00 am,M. Hearl,Female,49,Asian,None,Admission,,49
360-11-4625,09/07/2023,10:08:00 pm,K. Beak,Female,27,African American,None,Not Admission,,11
634-47-6727,09/07/2023,8:58:00 pm,D. McKeand,Female,9,Two or More Races,General Practice,Not Admission,,18
140-92-4110,09/07/2023,2:15:00 am,R. Woolger,Male,45,Two or More Races,Orthopedics,Admission,,12
884-19-1492,09/07/2023,1:35:00 am,J. Cleveland,Male,29,Asian,General Practice,Admission,,17
114-10-9575,09/07/2023,5:52:00 pm,F. Kraft,Male,44,Two or More Races,None,Admission,,17
340-31-4912,09/07/2023,5:25:00 pm,O. Renshaw,Male,19,African American,Cardiology,Admission,,42
122-31-6146,09/07/2023,7:47:00 am,K. McLaverty,Female,27,Pacific Islander,None,Not Admission,,42
275-21-8502,09/06/2024,10:09:00 pm,Y. Grimmer,Female,76,Two or More Races,None,Not Admission,5,30
620-84-7483,09/06/2024,12:42:00 am,H. Schulke,Male,59,Declined to Identify,None,Admission,,57
696-03-1165,09/06/2024,12:26:00 am,D. Wilmut,Female,40,Two or More Races,None,Not Admission,,47
866-70-7461,09/06/2024,6:03:00 pm,Q. Danzig,Female,14,Two or More Races,None,Admission,,30
854-18-4574,09/06/2024,11:51:00 am,D. Camerello,Female,59,African American,None,Admission,,39
501-82-7238,09/06/2024,8:51:00 am,I. Franciotti,Male,70,Native American/Alaska Native,None,Not Admission,5,33
796-20-6865,09/06/2024,12:43:00 am,Q. Veque,Male,13,Declined to Identify,None,Admission,0,38
315-04-4027,09/06/2024,3:15:00 pm,V. Chasmer,Female,75,Asian,None,Admission,,19
737-62-8031,09/06/2024,3:14:00 am,V. Ponton,Male,4,White,None,Not Admission,5,49
132-83-6895,09/06/2024,1:44:00 am,E. Wickes,Male,67,African American,Neurology,Not Admission,,20
463-20-0140,09/06/2024,1:50:00 pm,V. Devereux,Male,28,Two or More Races,None,Admission,3,44
388-23-8484,09/06/2024,3:18:00 am,R. Meneely,Female,36,White,None,Not Admission,8,16
696-25-8164,09/06/2024,11:24:00 pm,K. Evreux,Male,22,Two or More Races,General Practice,Not Admission,,35
168-26-7298,09/06/2024,6:16:00 am,X. Nann,Female,21,African American,None,Admission,0,40
207-67-5562,09/06/2024,3:30:00 pm,T. Fraanchyonok,Female,64,White,Physiotherapy,Admission,5,25
419-82-3648,09/06/2024,3:48:00 pm,M. Duchasteau,Male,72,Asian,Orthopedics,Not Admission,10,34
696-58-7818,09/06/2024,12:08:00 pm,P. Barniss,Male,73,Declined to Identify,Gastroenterology,Admission,,22
828-38-1580,09/06/2024,7:01:00 am,H. Cowcha,Male,20,Asian,None,Not Admission,,36
826-96-7716,09/06/2024,2:18:00 am,B. Twiggs,Male,78,Two or More Races,General Practice,Not Admission,3,60
853-59-1381,09/06/2024,11:38:00 pm,U. Barkus,Male,45,White,None,Not Admission,,20
148-35-5241,09/06/2024,6:06:00 pm,N. Roxby,Male,53,Asian,None,Admission,10,54
126-09-0081,09/06/2023,7:44:00 pm,Y. Waiting,Female,67,African American,Orthopedics,Admission,,10
128-05-1579,09/06/2023,1:37:00 am,T. MacCarrick,Female,30,White,Neurology,Not Admission,,56
665-62-7161,09/06/2023,7:52:00 pm,J. Thirlaway,Male,29,African American,General Practice,Not Admission,7,51
530-06-5008,09/06/2023,7:19:00 pm,R. Berendsen,Female,68,White,Renal,Admission,,44
875-20-1020,09/06/2023,5:03:00 am,R. Perrygo,Female,10,African American,Orthopedics,Not Admission,,46
422-38-5979,09/06/2023,2:46:00 pm,I. Thurstan,Male,52,Declined to Identify,None,Not Admission,,55
609-38-6576,09/06/2023,8:06:00 am,B. Harnes,Male,66,White,None,Admission,3,23
839-61-9068,09/06/2023,2:47:00 am,H. Vondrach,Male,9,White,None,Admission,,48
688-21-4474,09/06/2023,3:59:00 pm,Y. Utley,Male,64,White,Orthopedics,Not Admission,0,19
742-08-0457,09/06/2023,4:39:00 am,O. Fogel,Female,5,White,None,Not Admission,,59
775-20-3436,09/06/2023,7:39:00 am,N. Moores,Female,17,White,None,Admission,,46
844-07-0681,09/06/2023,2:33:00 am,F. Piccop,Female,32,Pacific Islander,None,Not Admission,10,10
247-92-4074,09/06/2023,10:14:00 am,H. Guinn,Female,36,White,Gastroenterology,Admission,6,31
568-19-3778,09/06/2023,11:02:00 am,Q. Ullock,Female,59,Pacific Islander,None,Admission,,27
467-58-7994,09/06/2023,9:30:00 am,W. Sanbrooke,Female,61,White,None,Not Admission,4,57
302-22-0879,09/06/2023,9:57:00 pm,W. Care,Male,48,Declined to Identify,None,Admission,,16
349-86-8121,09/06/2023,2:23:00 pm,Q. Snugg,Male,41,Native American/Alaska Native,None,Admission,,44
879-36-5037,09/06/2023,6:14:00 am,E. Venable,Male,65,White,Orthopedics,Admission,10,33
231-82-7606,09/06/2023,8:36:00 pm,W. Mathes,Female,78,African American,None,Not Admission,,35
498-68-8416,09/05/2024,1:59:00 am,S. Barrus,Male,33,Native American/Alaska Native,None,Not Admission,3,37
374-25-2767,09/05/2024,7:11:00 pm,D. Spadeck,Female,49,Two or More Races,None,Admission,,16
512-40-7624,09/05/2024,4:20:00 pm,O. Powling,Male,69,African American,None,Not Admission,7,55
865-28-1195,09/05/2024,1:41:00 am,I. Elcy,Male,66,White,Orthopedics,Admission,,59
746-61-3845,09/05/2024,7:25:00 am,G. Menhenitt,Male,70,African American,None,Admission,,55
554-13-4224,09/05/2024,11:12:00 am,E. Benesevich,Male,71,Declined to Identify,General Practice,Not Admission,,25
745-53-1981,09/05/2024,2:39:00 am,Z. McTerlagh,Male,62,White,None,Not Admission,7,36
826-51-6666,09/05/2024,5:08:00 pm,S. Eddisford,Male,51,White,None,Admission,,43
119-26-2201,09/05/2024,4:39:00 pm,A. Angell,Female,42,African American,None,Admission,,27
255-46-2640,09/05/2024,1:51:00 am,K. Kinglesyd,Female,2,Two or More Races,Orthopedics,Not Admission,0,24
647-03-6974,09/05/2024,12:48:00 am,E. Dolphin,Female,8,African American,General Practice,Not Admission,,33
593-30-5918,09/05/2024,9:32:00 am,Z. De Hailes,Male,11,White,None,Admission,,48
405-98-3403,09/05/2024,11:33:00 am,D. Clempton,Male,27,Two or More Races,General Practice,Admission,,30
823-23-8979,09/05/2023,4:20:00 pm,W. Shank,Female,54,Native American/Alaska Native,General Practice,Not Admission,,43
105-90-4686,09/05/2023,3:26:00 am,I. Matheson,Male,5,Two or More Races,General Practice,Admission,,13
550-70-0152,09/05/2023,9:39:00 am,A. Kuscha,Male,76,Pacific Islander,General Practice,Not Admission,,34
437-12-0284,09/05/2023,8:53:00 am,Y. Tandy,Male,53,Two or More Races,None,Admission,,31
781-69-2315,09/05/2023,1:06:00 pm,P. Girodin,Male,19,African American,None,Admission,,48
888-26-6668,09/05/2023,3:50:00 pm,X. Loreit,Male,67,Two or More Races,None,Not Admission,5,48
884-44-0502,09/05/2023,2:43:00 am,Z. Kennelly,Male,38,African American,None,Admission,,44
501-13-7396,09/05/2023,11:24:00 am,O. Warre,Female,75,White,None,Admission,3,17
591-72-3831,09/05/2023,8:01:00 pm,U. Haggus,Male,60,African American,None,Admission,,11
234-78-0305,09/05/2023,10:06:00 pm,W. Sanja,Female,63,White,None,Admission,,54
176-29-2963,09/05/2023,2:49:00 am,D. Ernke,Female,8,Two or More Races,General Practice,Admission,,57
563-25-3708,09/05/2023,5:34:00 am,T. Fransinelli,Female,50,Declined to Identify,None,Not Admission,,14
639-66-6888,09/05/2023,2:55:00 pm,A. Tweedle,Male,75,White,None,Not Admission,2,55
490-69-7016,09/05/2023,9:49:00 pm,Z. Dalli,Female,72,Pacific Islander,None,Not Admission,,34
576-53-4816,09/05/2023,11:08:00 am,C. Warder,Female,7,Declined to Identify,Physiotherapy,Not Admission,6,37
598-31-8151,09/05/2023,7:11:00 am,T. Gwilt,Male,55,White,None,Not Admission,,41
556-89-6240,09/05/2023,7:16:00 pm,B. Runham,Female,58,White,General Practice,Not Admission,9,16
714-72-1599,09/05/2023,12:19:00 am,R. Spennock,Male,3,Native American/Alaska Native,None,Admission,,47
857-03-3289,09/05/2023,12:32:00 pm,X. Palfrey,Female,59,African American,Cardiology,Admission,,10
532-22-8608,09/05/2023,3:09:00 am,I. Girdlestone,Female,65,White,None,Admission,,57
462-41-3786,09/04/2024,7:08:00 am,U. Chinnock,Female,71,White,Cardiology,Not Admission,4,52
888-40-6467,09/04/2024,3:00:00 am,Q. Mensler,Female,29,Two or More Races,None,Not Admission,,23
388-24-8571,09/04/2024,10:35:00 pm,X. Britney,Female,52,Two or More Races,None,Admission,,15
807-21-6712,09/04/2024,11:45:00 pm,H. Matuszynski,Male,2,Declined to Identify,None,Admission,,23
350-48-7391,09/04/2024,1:45:00 am,U. Springford,Male,27,African American,None,Admission,,58
685-53-9518,09/04/2024,8:19:00 pm,N. Dignall,Male,64,Pacific Islander,General Practice,Not Admission,7,39
176-55-3727,09/04/2024,10:01:00 am,W. Sawdon,Female,45,African American,None,Not Admission,,19
213-44-8981,09/04/2024,5:45:00 pm,X. Lebang,Male,60,Native American/Alaska Native,Orthopedics,Not Admission,,49
770-82-7913,09/04/2024,1:10:00 pm,N. Longworth,Male,66,White,General Practice,Not Admission,,45
792-91-1843,09/04/2024,12:03:00 pm,Y. Etteridge,Male,63,African American,None,Not Admission,,18
181-45-7803,09/04/2024,12:12:00 am,O. Cisland,Female,21,African American,None,Not Admission,,23
489-05-8649,09/04/2024,6:57:00 am,Y. Calan,Female,64,Two or More Races,None,Not Admission,5,18
645-29-6383,09/04/2024,9:02:00 am,G. Hitzschke,Female,58,African American,None,Admission,,31
187-45-1401,09/04/2024,2:51:00 pm,G. Lebel,Male,45,Asian,None,Not Admission,3,23
819-74-3706,09/04/2024,10:42:00 am,P. Emmett,Male,68,African American,General Practice,Not Admission,4,43
219-71-9644,09/04/2023,3:36:00 pm,F. Paradin,Female,19,Asian,General Practice,Admission,,30
630-70-3180,09/04/2023,1:35:00 pm,O. Hevey,Male,39,White,General Practice,Admission,7,36
420-78-7513,09/04/2023,12:10:00 pm,F. MacInerney,Female,78,Declined to Identify,General Practice,Admission,,27
630-50-3515,09/04/2023,1:00:00 am,K. Collett,Female,48,Declined to Identify,Physiotherapy,Not Admission,4,60
388-07-6238,09/04/2023,3:11:00 am,B. Beaver,Female,7,White,Gastroenterology,Admission,7,18
115-32-2649,09/04/2023,11:54:00 pm,W. Eyres,Male,30,White,None,Not Admission,3,47
610-55-3526,09/04/2023,1:07:00 am,Y. Ovid,Male,29,White,Physiotherapy,Admission,,14
852-26-5911,09/04/2023,10:06:00 pm,V. Foxwell,Male,62,Two or More Races,None,Admission,,47
436-09-6143,09/04/2023,11:09:00 am,C. Tawn,Male,63,African American,None,Not Admission,,51
207-23-0750,09/04/2023,8:04:00 am,B. Grevile,Female,6,African American,None,Not Admission,,11
400-45-2411,09/04/2023,8:34:00 am,X. Balden,Male,34,Two or More Races,None,Admission,,43
774-37-2696,09/04/2023,11:56:00 am,Y. Mauchlen,Male,73,White,General Practice,Admission,,53
695-42-0006,09/03/2024,5:53:00 am,Y. Nibley,Female,29,Declined to Identify,None,Admission,,34
131-64-1456,09/03/2024,8:52:00 pm,W. Jeyness,Female,44,Asian,None,Admission,,34
748-32-8916,09/03/2024,1:25:00 pm,B. O'Longain,Female,77,African American,None,Not Admission,,14
350-61-5615,09/03/2024,8:50:00 pm,C. Plet,Female,23,Two or More Races,None,Admission,,28
604-66-4222,09/03/2024,12:26:00 am,A. Maybey,Male,27,Native American/Alaska Native,General Practice,Admission,,11
207-76-8815,09/03/2024,4:06:00 am,G. Tingey,Male,19,African American,Gastroenterology,Admission,,32
844-55-2304,09/03/2024,10:20:00 am,R. Paroni,Male,74,White,General Practice,Not Admission,,22
674-35-6836,09/03/2024,6:51:00 am,P. Friary,Female,31,Native American/Alaska Native,None,Admission,,44
138-04-7377,09/03/2024,3:07:00 am,A. O'Dyvoy,Male,61,White,Cardiology,Not Admission,,45
438-97-9487,09/03/2024,12:53:00 pm,B. Tomasik,Female,32,African American,None,Admission,,28
175-60-6843,09/03/2024,9:12:00 pm,N. Bednall,Female,73,Asian,None,Admission,,40
308-30-4033,09/03/2024,5:29:00 pm,L. Bugbird,Female,40,Two or More Races,General Practice,Not Admission,1,38
186-37-5209,09/03/2024,2:06:00 pm,J. Terrington,Female,48,African American,None,Not Admission,,16
500-11-7409,09/03/2024,4:51:00 pm,I. Wasielewicz,Male,76,White,None,Admission,,49
100-81-9769,09/03/2024,7:26:00 pm,Y. Moncaster,Male,28,White,None,Admission,3,59
646-68-5074,09/03/2024,11:34:00 am,O. Coumbe,Male,6,Asian,None,Not Admission,,13
758-30-1888,09/03/2024,1:23:00 pm,W. Hallowell,Female,4,Two or More Races,Orthopedics,Admission,10,29
465-16-8651,09/03/2024,6:24:00 pm,J. Thornthwaite,Male,9,Asian,None,Not Admission,,51
587-09-0178,09/03/2024,6:37:00 pm,K. Wilder,Male,52,White,General Practice,Not Admission,,25
785-67-8305,09/03/2024,2:26:00 am,S. Bowler,Male,2,Two or More Races,None,Admission,0,29
701-32-1463,09/03/2024,4:31:00 am,N. Darbey,Female,67,White,None,Not Admission,,40
548-86-6142,09/03/2024,9:01:00 am,L. Oleszczak,Male,30,Declined to Identify,Physiotherapy,Not Admission,,45
427-87-8857,09/02/2024,12:24:00 pm,F. Pessler,Male,40,Asian,Orthopedics,Admission,,33
857-22-1477,09/02/2024,11:47:00 am,L. Benedettini,Male,68,Declined to Identify,General Practice,Not Admission,2,17
731-16-0726,09/02/2024,4:03:00 am,N. Le Fevre,Female,77,African American,None,Admission,4,36
276-99-1686,09/02/2024,12:21:00 pm,N. Windsor,Female,64,White,General Practice,Admission,,55
719-22-6541,09/02/2024,10:35:00 am,B. Little,Female,23,White,Physiotherapy,Not Admission,,59
745-95-5434,09/02/2024,9:40:00 pm,J. Piggen,Male,26,African American,None,Not Admission,0,49
769-69-5025,09/02/2024,1:00:00 am,G. Vossing,Male,47,African American,None,Not Admission,,56
687-50-1228,09/02/2024,9:51:00 am,P. Porcas,Female,48,African American,None,Not Admission,,14
410-50-5126,09/02/2024,2:21:00 pm,E. Rove,Male,65,African American,General Practice,Admission,5,25
136-49-5712,09/02/2024,2:23:00 am,L. Mixworthy,Female,22,Declined to Identify,None,Not Admission,,22
274-50-2717,09/12/2023,3:36:00 pm,P. Nono,Female,17,Native American/Alaska Native,Cardiology,Admission,4,16
688-30-7138,09/12/2023,2:43:00 am,L. Zanini,Male,58,Two or More Races,Neurology,Admission,,46
435-93-8724,09/12/2023,2:21:00 am,X. Janczewski,Male,36,White,None,Not Admission,,30
703-87-8026,09/12/2023,4:01:00 am,M. Tomaskov,Male,33,White,None,Not Admission,9,35
301-25-5648,09/12/2023,9:46:00 pm,B. Thibodeaux,Female,31,African American,None,Not Admission,,17
326-56-9254,09/12/2023,3:49:00 am,L. Norssister,Male,22,African American,General Practice,Not Admission,,40
792-52-7007,09/12/2023,1:06:00 am,B. Creasey,Male,19,White,General Practice,Admission,,53
695-48-3258,09/11/2023,3:59:00 am,N. Jantot,Male,62,Native American/Alaska Native,Orthopedics,Not Admission,,57
171-14-8581,09/11/2023,5:50:00 am,I. Whitmore,Female,56,Two or More Races,Orthopedics,Not Admission,,12
336-57-0982,09/11/2023,9:15:00 pm,L. Fulcher,Male,25,White,None,Admission,,37
559-67-0354,09/11/2023,11:58:00 am,H. Agron,Female,43,African American,Orthopedics,Not Admission,,43
173-31-9553,09/11/2023,12:12:00 pm,N. Napleton,Male,74,White,None,Admission,,59
723-80-5184,09/11/2023,2:35:00 am,Q. Cranstone,Male,60,Two or More Races,None,Admission,8,20
717-44-1754,09/11/2023,5:46:00 am,P. McIlvenna,Male,34,Declined to Identify,Gastroenterology,Not Admission,1,26
307-17-3983,09/11/2023,3:33:00 pm,A. Rulf,Female,12,Pacific Islander,General Practice,Not Admission,,56
105-50-4871,09/11/2023,6:36:00 pm,B. Bligh,Male,71,White,None,Not Admission,,52
465-76-9879,09/11/2023,2:13:00 am,J. Spearman,Male,17,Asian,None,Admission,,56
822-82-5684,09/11/2023,9:20:00 pm,L. Pierucci,Female,73,African American,None,Admission,,10
840-53-2866,09/11/2023,5:28:00 pm,K. Jarrelt,Female,49,Declined to Identify,None,Admission,,52
487-35-6749,09/11/2023,4:37:00 pm,G. Heelis,Female,71,White,General Practice,Not Admission,9,18
229-85-2969,09/11/2023,10:04:00 am,K. Najera,Female,17,Two or More Races,General Practice,Admission,,58
134-23-9854,09/11/2023,2:46:00 pm,A. Cabrara,Male,56,African American,Physiotherapy,Not Admission,5,45
663-52-0761,09/11/2023,12:52:00 pm,Y. Videan,Female,3,African American,Orthopedics,Not Admission,,32
331-16-0196,09/11/2023,11:22:00 pm,R. Philpin,Male,35,African American,None,Admission,0,43
729-02-9839,09/10/2024,3:29:00 pm,I. Zotto,Male,23,Pacific Islander,None,Admission,,28
567-05-4342,09/10/2024,5:41:00 am,N. Emblin,Female,21,Two or More Races,General Practice,Admission,,55
897-41-8734,09/10/2024,2:16:00 pm,Y. Nelthrop,Male,22,African American,None,Admission,,37
769-26-7401,09/10/2024,7:54:00 am,S. Blackstock,Male,75,African American,Orthopedics,Not Admission,,51
163-79-8130,09/10/2024,5:12:00 pm,U. Klain,Male,23,Declined to Identify,None,Admission,,12
511-82-4653,09/10/2024,2:07:00 am,I. Gartin,Female,7,Two or More Races,None,Not Admission,7,52
774-31-5026,09/10/2024,3:07:00 pm,Y. Sugars,Female,27,White,Renal,Not Admission,10,28
590-94-5630,09/10/2024,1:38:00 am,A. Klementz,Female,77,Asian,Orthopedics,Not Admission,,26
679-31-9861,09/10/2024,7:47:00 pm,O. Powys,Male,48,Two or More Races,General Practice,Admission,,17
668-07-8528,09/10/2024,5:27:00 pm,X. Fronks,Male,34,White,None,Not Admission,,27
589-07-2378,09/10/2024,2:46:00 am,Y. Lindores,Female,65,Two or More Races,Orthopedics,Not Admission,,54
249-15-8609,09/10/2024,7:28:00 am,Q. Crammy,Female,1,Two or More Races,General Practice,Admission,0,20
424-43-5485,09/10/2024,11:25:00 pm,Z. McClarence,Male,16,White,General Practice,Not Admission,,15
177-26-9806,09/10/2024,8:49:00 am,X. MacGibbon,Male,65,White,None,Admission,,16
152-63-9780,09/10/2024,9:27:00 am,D. MacNeil,Female,54,African American,Cardiology,Admission,,13
535-20-8984,09/10/2024,1:10:00 am,E. Braunthal,Female,13,African American,Neurology,Not Admission,,46
407-25-2841,09/10/2024,10:29:00 pm,R. Thulborn,Female,73,African American,Gastroenterology,Admission,3,16
698-20-8468,09/10/2024,12:44:00 am,O. Bohlsen,Female,23,African American,Orthopedics,Not Admission,,33
590-81-9405,09/10/2023,5:15:00 pm,G. Gianullo,Male,50,African American,None,Admission,,47
323-13-0778,09/10/2023,11:56:00 am,T. O'Luney,Male,79,White,None,Admission,,22
744-89-1379,09/10/2023,3:03:00 am,T. Smithies,Male,75,White,None,Not Admission,,29
887-04-0837,09/10/2023,9:02:00 am,R. Swindley,Male,18,African American,None,Admission,,16
595-85-8863,09/10/2023,11:38:00 pm,N. Rickersey,Female,9,White,General Practice,Admission,7,38
230-72-4802,09/10/2023,8:31:00 am,X. Beniesh,Male,27,White,General Practice,Not Admission,,14
897-70-0488,09/10/2023,7:52:00 pm,B. Bowmer,Male,1,White,General Practice,Admission,,26
113-25-9451,09/10/2023,6:06:00 am,R. Craigie,Male,70,White,Orthopedics,Admission,,12
338-60-3097,09/10/2023,11:41:00 pm,B. Bartod,Female,53,White,None,Admission,10,60
625-44-0923,09/10/2023,8:21:00 am,H. Price,Female,41,Declined to Identify,None,Not Admission,,48
418-61-6957,09/10/2023,10:22:00 pm,U. Markussen,Male,22,Declined to Identify,General Practice,Admission,0,35
648-45-5096,09/10/2023,7:27:00 pm,N. Lydon,Male,27,White,None,Admission,,40
728-85-5305,09/10/2023,5:26:00 pm,I. Biagini,Female,22,White,None,Not Admission,,43
718-85-1686,09/10/2023,11:47:00 pm,K. Aleixo,Female,61,Native American/Alaska Native,None,Admission,3,31
665-17-4438,09/10/2023,11:48:00 pm,J. Betonia,Female,68,Pacific Islander,None,Admission,,51
166-87-3279,09/10/2023,11:08:00 pm,W. Zaple,Female,78,White,None,Admission,,44
139-81-3548,09/10/2023,11:06:00 am,A. Paternoster,Male,37,Asian,None,Admission,,53
742-99-7117,09/10/2023,11:43:00 am,Q. Sacase,Female,38,African American,None,Not Admission,,57
128-67-3156,09/10/2023,2:34:00 pm,V. Kellington,Male,77,White,Orthopedics,Admission,,19
802-76-3724,09/01/2024,10:00:00 pm,E. Pitkethly,Female,29,Asian,None,Admission,,13
688-62-6860,09/01/2024,1:11:00 pm,L. Hurdle,Female,27,Native American/Alaska Native,None,Admission,,38
693-73-0619,09/01/2024,11:52:00 pm,U. Danforth,Female,65,Pacific Islander,None,Admission,6,13
812-01-8966,09/01/2024,10:32:00 pm,W. Bremond,Male,24,African American,Orthopedics,Not Admission,,60
619-23-3246,09/01/2024,3:19:00 am,F. Tuffield,Male,18,White,None,Admission,,60
402-43-6398,09/01/2024,9:54:00 pm,I. Potteridge,Female,60,White,None,Admission,,60
828-19-1085,09/01/2024,9:31:00 am,V. Gilfoy,Male,32,African American,Orthopedics,Admission,,26
156-92-5624,09/01/2024,1:56:00 pm,D. Peirson,Female,1,Two or More Races,None,Not Admission,0,19
703-98-6090,09/01/2024,6:40:00 pm,P. Tallyn,Male,50,Asian,None,Not Admission,,29
268-85-0735,09/01/2024,10:30:00 pm,J. Sell,Female,48,White,None,Admission,,11
516-57-1396,09/01/2024,8:24:00 am,J. Boribal,Male,48,White,None,Not Admission,,11
566-48-5826,09/01/2024,3:08:00 pm,Z. Cloonan,Male,49,Two or More Races,General Practice,Admission,,14
536-23-6460,08/09/2024,3:54:00 am,S. Pulley,Male,58,African American,Cardiology,Not Admission,,17
867-83-3947,08/09/2024,7:37:00 am,S. Pash,Male,29,Pacific Islander,None,Not Admission,,55
310-10-1774,08/09/2024,3:13:00 pm,X. Fassman,Female,39,African American,None,Not Admission,,21
279-38-7669,08/09/2024,1:07:00 pm,W. Charrier,Male,65,African American,None,Admission,,44
422-17-9207,08/09/2024,1:45:00 am,R. Drewe,Female,54,Asian,General Practice,Admission,3,44
698-18-8238,08/09/2024,9:56:00 am,V. Newson,Female,79,Two or More Races,None,Not Admission,,30
625-89-3309,08/09/2024,2:46:00 am,R. Tschiersch,Male,4,Two or More Races,None,Admission,,34
263-40-1845,08/09/2024,4:29:00 pm,Y. Hrinchenko,Male,50,Asian,None,Admission,,21
149-82-2432,08/09/2024,9:20:00 am,M. Blunderfield,Male,45,African American,General Practice,Admission,,43
283-52-4368,08/09/2024,10:52:00 pm,K. Strapp,Male,46,Native American/Alaska Native,Neurology,Admission,,15
181-41-7605,08/09/2024,10:45:00 am,K. Pesterfield,Male,27,Two or More Races,None,Not Admission,,18
324-75-4743,08/09/2024,10:26:00 am,T. Aldridge,Male,48,Pacific Islander,None,Not Admission,,13
418-04-4772,08/09/2024,1:00:00 am,K. Lewendon,Female,20,White,None,Admission,,23
396-12-3467,08/09/2024,8:52:00 pm,S. Barrowcliffe,Female,31,African American,None,Admission,,43
567-38-2530,08/09/2024,3:27:00 pm,B. McVeigh,Female,29,Two or More Races,None,Admission,,27
483-64-5654,08/09/2024,9:08:00 pm,V. Shalloe,Female,11,Two or More Races,General Practice,Not Admission,8,34
117-34-7854,08/09/2024,9:19:00 pm,C. Goodhew,Female,4,White,None,Not Admission,,55
452-23-4397,08/09/2023,7:23:00 am,X. Wallwood,Male,43,White,General Practice,Admission,,12
510-24-2831,08/09/2023,8:55:00 pm,M. Polino,Male,79,Pacific Islander,Physiotherapy,Not Admission,9,27
210-95-8263,08/09/2023,3:00:00 pm,Q. Simon,Male,49,Two or More Races,None,Not Admission,,33
249-15-9115,08/09/2023,7:16:00 pm,K. Whopples,Female,54,Two or More Races,Cardiology,Admission,,18
495-09-1764,08/09/2023,11:31:00 pm,I. Bocken,Male,4,Two or More Races,General Practice,Not Admission,,21
584-23-6375,08/09/2023,2:23:00 am,X. Fitkin,Female,25,Two or More Races,None,Admission,8,24
316-24-5823,08/09/2023,3:29:00 am,U. Cassie,Male,71,Declined to Identify,Physiotherapy,Admission,,31
629-66-8713,08/09/2023,12:04:00 am,U. Khidr,Female,46,African American,General Practice,Not Admission,,54
421-46-0575,08/09/2023,8:39:00 am,K. Theyer,Female,38,Two or More Races,None,Not Admission,,39
430-47-4070,08/09/2023,10:41:00 am,L. MacDwyer,Male,31,Declined to Identify,General Practice,Admission,,14
129-82-0895,08/09/2023,5:59:00 am,B. Hargie,Male,56,White,None,Admission,,42
437-12-1504,08/09/2023,11:24:00 am,V. Ceillier,Male,16,White,Physiotherapy,Admission,,56
813-81-2517,08/09/2023,11:36:00 am,F. Glazebrook,Male,3,Two or More Races,None,Not Admission,,47
445-42-6045,08/09/2023,6:53:00 pm,B. Farrimond,Male,60,Two or More Races,General Practice,Admission,1,43
393-76-3342,08/09/2023,8:52:00 am,U. Wisbey,Male,63,African American,None,Not Admission,,23
755-09-2612,08/09/2023,8:44:00 pm,Z. Berks,Male,39,African American,None,Admission,,48
817-17-4283,08/09/2023,7:55:00 am,D. Lippiello,Male,69,African American,Physiotherapy,Admission,,27
603-74-1266,08/08/2024,6:05:00 am,V. Baudrey,Male,16,White,None,Not Admission,,35
689-28-3777,08/08/2024,7:32:00 pm,W. Hounihan,Male,31,Asian,General Practice,Admission,,12
619-68-4925,08/08/2024,11:45:00 am,I. Laborda,Female,22,African American,General Practice,Admission,,12
185-09-2897,08/08/2024,9:11:00 pm,S. Prewer,Female,78,African American,None,Admission,2,21
644-37-7174,08/08/2024,1:32:00 am,K. Hornig,Male,25,Two or More Races,Orthopedics,Not Admission,,44
185-45-4039,08/08/2024,9:48:00 pm,I. Palphreyman,Female,28,White,Orthopedics,Not Admission,6,12
879-09-0173,08/08/2024,5:21:00 am,J. Daal,Male,53,Declined to Identify,Orthopedics,Admission,,20
247-22-9153,08/08/2024,5:53:00 pm,W. Freeborne,Female,79,Two or More Races,General Practice,Admission,,35
496-76-4104,08/08/2024,10:24:00 am,L. Drabble,Male,59,Declined to Identify,None,Not Admission,,56
489-71-8195,08/08/2024,8:30:00 pm,V. Steffan,Male,42,Declined to Identify,None,Not Admission,,16
649-33-3703,08/08/2024,3:09:00 am,J. Rapaport,Female,60,Two or More Races,None,Not Admission,1,27
559-24-9165,08/08/2024,11:26:00 am,F. Ipgrave,Female,77,African American,None,Not Admission,,52
185-30-2557,08/08/2024,1:31:00 am,J. Riddel,Male,59,White,Neurology,Admission,,36
811-51-3965,08/08/2024,12:33:00 am,O. Mangenot,Female,76,Asian,None,Admission,,11
518-59-9140,08/08/2024,1:39:00 am,L. Halward,Female,74,White,None,Not Admission,0,27
241-92-0072,08/08/2024,12:35:00 am,I. Fayers,Female,36,Declined to Identify,None,Admission,,12
258-76-2632,08/08/2024,9:55:00 pm,P. MacCaig,Female,52,White,Cardiology,Admission,,35
684-92-6450,08/08/2024,8:11:00 am,X. Ewing,Female,79,Two or More Races,None,Not Admission,,41
220-21-6446,08/08/2024,12:39:00 am,E. Yewdell,Male,1,African American,None,Admission,,25
623-89-0066,08/08/2024,7:57:00 am,C. McGarahan,Female,3,African American,General Practice,Admission,,34
111-19-4529,08/08/2023,11:23:00 am,Q. Khoter,Male,11,White,General Practice,Not Admission,,48
856-47-3379,08/08/2023,5:35:00 am,U. Perfitt,Female,35,Two or More Races,None,Not Admission,,37
341-84-3922,08/08/2023,9:43:00 am,K. Carson,Female,10,White,None,Not Admission,,40
615-53-7741,08/08/2023,10:27:00 pm,N. Benoit,Male,5,Two or More Races,None,Admission,,56
428-76-6409,08/08/2023,8:53:00 am,H. Duffy,Male,26,Pacific Islander,None,Admission,3,13
741-39-0715,08/08/2023,5:07:00 am,V. Wimpenny,Female,61,Declined to Identify,General Practice,Admission,,32
391-50-0482,08/08/2023,9:55:00 am,T. Overstone,Female,43,Declined to Identify,None,Admission,,33
575-13-4379,08/08/2023,12:32:00 am,V. Neaves,Female,18,Declined to Identify,None,Admission,,34
252-57-4638,08/08/2023,3:50:00 am,P. Wanka,Male,41,White,General Practice,Not Admission,,54
879-31-2414,08/08/2023,10:40:00 pm,Y. Creaser,Female,62,Asian,None,Not Admission,1,23
791-80-0710,08/08/2023,10:39:00 pm,P. Ailward,Male,24,White,Gastroenterology,Not Admission,,49
691-99-7802,08/07/2024,7:37:00 am,E. Abele,Male,51,Native American/Alaska Native,General Practice,Not Admission,3,31
623-58-0855,08/07/2024,8:34:00 am,Q. O' Clovan,Male,32,Pacific Islander,General Practice,Admission,,56
270-90-4999,08/07/2024,11:12:00 pm,J. Devericks,Female,38,Two or More Races,None,Not Admission,,48
310-55-5331,08/07/2024,12:03:00 am,J. Goneau,Male,9,African American,Orthopedics,Not Admission,5,16
188-25-8373,08/07/2024,1:17:00 pm,C. Hellicar,Male,47,White,None,Admission,9,59
303-99-1624,08/07/2024,12:13:00 pm,L. Matschek,Male,66,African American,None,Not Admission,,43
331-09-2284,08/07/2024,5:17:00 pm,X. Laity,Male,43,African American,None,Not Admission,0,47
392-02-2877,08/07/2024,6:30:00 pm,Y. Luxen,Male,78,Native American/Alaska Native,None,Admission,,17
695-76-1933,08/07/2024,8:02:00 am,I. Chung,Female,66,White,None,Not Admission,2,46
116-72-8706,08/07/2024,11:11:00 pm,B. Martinson,Male,73,Two or More Races,None,Admission,1,20
201-90-2001,08/07/2024,7:41:00 pm,M. De Avenell,Male,30,White,General Practice,Not Admission,,14
278-41-5607,08/07/2024,2:21:00 am,F. Genery,Male,72,African American,General Practice,Admission,,47
658-28-8234,08/07/2024,1:39:00 pm,G. Caldecot,Female,28,Two or More Races,None,Admission,0,32
128-39-1496,08/07/2024,3:53:00 am,F. Cawsby,Male,6,White,None,Admission,,30
135-54-5797,08/07/2024,6:44:00 am,D. Kleinerman,Female,56,White,None,Admission,,42
856-58-6182,08/07/2024,11:27:00 pm,A. Melpuss,Male,63,African American,None,Admission,,44
679-54-4775,08/07/2024,10:06:00 am,J. Treamayne,Male,78,White,General Practice,Not Admission,8,35
468-09-2058,08/07/2024,2:36:00 am,F. Heaps,Male,39,Pacific Islander,General Practice,Admission,,30
340-90-0395,08/07/2024,3:27:00 pm,A. Booy,Female,61,Two or More Races,None,Admission,,11
499-25-8965,08/07/2023,7:48:00 am,M. McColl,Female,43,Two or More Races,Orthopedics,Admission,7,46
468-44-0145,08/07/2023,1:02:00 am,C. Balma,Female,37,African American,General Practice,Admission,1,58
758-75-6911,08/07/2023,3:48:00 pm,W. Bogace,Male,34,African American,Orthopedics,Not Admission,,41
346-31-8632,08/07/2023,6:33:00 am,P. Scargill,Male,57,Asian,None,Admission,,51
721-28-4161,08/07/2023,11:44:00 pm,X. Standish-Brooks,Female,28,African American,Physiotherapy,Not Admission,4,49
661-57-2793,08/07/2023,12:24:00 am,W. Clinnick,Male,35,Two or More Races,None,Admission,7,27
130-38-4655,08/07/2023,5:49:00 pm,L. Clemetts,Female,5,African American,Gastroenterology,Not Admission,,40
600-63-1753,08/07/2023,9:55:00 am,Y. Eye,Female,24,White,None,Not Admission,,26
768-43-9102,08/07/2023,12:55:00 am,S. Marrow,Female,12,Declined to Identify,None,Admission,2,46
278-01-6800,08/07/2023,5:42:00 pm,E. Scogin,Male,66,Asian,None,Admission,,42
191-36-0112,08/07/2023,10:56:00 pm,L. Stoker,Male,39,White,None,Admission,5,42
503-77-7043,08/07/2023,6:32:00 pm,Y. Knoble,Male,11,Two or More Races,None,Admission,,58
426-39-1493,08/06/2024,3:29:00 pm,I. Copyn,Male,9,White,None,Not Admission,,36
622-23-4523,08/06/2024,8:56:00 pm,H. Rizzillo,Female,36,White,Orthopedics,Not Admission,,19
706-09-4564,08/06/2024,10:01:00 am,U. Vickars,Male,26,White,None,Not Admission,,19
751-70-2352,08/06/2024,8:49:00 pm,R. Bernini,Male,11,Pacific Islander,None,Not Admission,,48
359-53-6651,08/06/2024,4:01:00 pm,G. Semerad,Male,61,African American,None,Not Admission,,19
428-71-5074,08/06/2024,5:38:00 am,P. Myrkus,Female,15,Asian,None,Not Admission,,32
519-77-2397,08/06/2024,1:53:00 am,K. Pellissier,Female,19,Two or More Races,General Practice,Not Admission,,52
790-73-7064,08/06/2024,4:56:00 am,T. Northway,Male,41,Two or More Races,None,Not Admission,,22
580-75-8753,08/06/2024,9:43:00 pm,P. Piatto,Female,71,White,None,Not Admission,3,38
312-49-8916,08/06/2024,7:27:00 pm,O. Borchardt,Male,68,Asian,None,Not Admission,,56
428-69-8031,08/06/2024,4:48:00 pm,D. Colliford,Male,22,Asian,General Practice,Not Admission,,12
207-64-8402,08/06/2024,9:57:00 am,O. Skivington,Male,31,Pacific Islander,None,Not Admission,,58
463-65-5530,08/06/2024,9:05:00 pm,N. Landsborough,Female,3,White,None,Admission,,37
704-73-3087,08/06/2024,5:35:00 pm,S. Gowler,Female,22,African American,None,Admission,,41
408-16-6050,08/06/2024,12:05:00 am,A. Kyle,Male,62,African American,None,Not Admission,,12
722-55-2589,08/06/2024,3:17:00 am,C. De Mico,Male,67,African American,General Practice,Admission,,58
838-56-1331,08/06/2024,9:06:00 am,T. Nettles,Male,32,White,None,Not Admission,3,30
437-21-6645,08/06/2024,2:49:00 pm,D. Izakovitz,Female,64,White,General Practice,Admission,,59
193-37-7138,08/06/2024,2:13:00 pm,J. Simons,Male,75,African American,Gastroenterology,Admission,,60
537-29-4653,08/06/2024,7:32:00 pm,K. Harvatt,Male,77,Asian,None,Admission,,32
813-71-9872,08/06/2023,12:34:00 pm,A. Lewton,Male,69,Asian,None,Admission,,57
339-15-9922,08/06/2023,11:06:00 am,J. Jina,Female,36,Native American/Alaska Native,General Practice,Admission,,42
729-09-1173,08/06/2023,3:02:00 am,F. McWhan,Male,25,White,None,Not Admission,,45
806-11-1271,08/06/2023,1:58:00 pm,N. Borman,Male,36,African American,None,Not Admission,8,15
524-53-6024,08/06/2023,9:46:00 am,O. Stenson,Male,8,White,Orthopedics,Not Admission,,15
374-05-7474,08/06/2023,12:11:00 am,E. Darko,Female,69,African American,None,Not Admission,,24
261-67-8550,08/06/2023,3:31:00 pm,C. Grouse,Female,54,Native American/Alaska Native,None,Admission,,39
509-82-3979,08/06/2023,12:40:00 am,J. Gamlen,Female,37,Asian,Cardiology,Admission,,34
869-18-4601,08/06/2023,3:52:00 pm,W. Filipczynski,Male,57,African American,Orthopedics,Admission,,36
501-51-6876,08/06/2023,7:27:00 pm,F. Pablo,Male,10,Two or More Races,None,Admission,,60
549-79-0918,08/06/2023,3:54:00 pm,V. Vevers,Male,66,Two or More Races,Orthopedics,Admission,,21
576-08-7899,08/06/2023,2:11:00 am,U. Silmon,Female,72,White,None,Not Admission,2,46
764-90-1391,08/06/2023,8:54:00 pm,X. Casbolt,Female,68,Asian,Orthopedics,Not Admission,9,11
482-49-4853,08/06/2023,8:18:00 am,Z. Reaman,Male,16,White,General Practice,Admission,,51
335-25-0106,08/06/2023,10:20:00 am,F. Deely,Male,61,African American,None,Not Admission,,55
541-67-3152,08/06/2023,9:29:00 pm,T. Gogin,Female,73,Native American/Alaska Native,General Practice,Not Admission,,35
401-77-7410,08/06/2023,4:09:00 pm,G. Wilber,Female,55,White,None,Not Admission,,24
727-48-0641,08/06/2023,8:33:00 pm,Y. Sheardown,Female,41,Declined to Identify,Orthopedics,Not Admission,,35
878-80-5617,08/06/2023,3:57:00 pm,Y. Coare,Female,35,Declined to Identify,None,Not Admission,,53
621-85-6677,08/05/2024,6:03:00 pm,X. Klimowicz,Male,77,Native American/Alaska Native,General Practice,Not Admission,0,17
769-35-5567,08/05/2024,2:32:00 am,H. Decourt,Female,10,Two or More Races,None,Admission,,28
456-83-3428,08/05/2024,6:10:00 pm,E. Keattch,Female,1,African American,None,Admission,4,17
829-82-4394,08/05/2024,1:26:00 pm,C. MacGowing,Male,46,White,General Practice,Admission,5,48
789-21-6607,08/05/2024,3:53:00 pm,I. Moulster,Female,13,Declined to Identify,None,Not Admission,10,18
483-65-9338,08/05/2024,4:20:00 am,U. Sprigging,Female,36,Asian,None,Admission,,13
584-52-1321,08/05/2024,7:25:00 am,H. Winchester,Male,21,White,None,Admission,,53
763-15-1169,08/05/2024,2:15:00 am,V. Wanne,Female,64,White,Cardiology,Admission,,57
100-40-2709,08/05/2024,4:58:00 am,O. Cammack,Male,77,White,None,Not Admission,,48
349-28-9540,08/05/2024,2:46:00 am,E. Tunstall,Male,67,African American,None,Admission,0,43
182-98-4289,08/05/2024,7:22:00 am,U. McKerlie,Male,15,Pacific Islander,None,Not Admission,,21
122-57-7501,08/05/2024,8:30:00 am,L. Artz,Male,19,Pacific Islander,Gastroenterology,Not Admission,10,47
708-79-4106,08/05/2024,5:35:00 pm,T. Chasle,Female,8,African American,None,Not Admission,,37
812-30-7792,08/05/2024,7:37:00 am,N. Bestwall,Male,18,Pacific Islander,General Practice,Admission,,13
551-80-9262,08/05/2024,4:46:00 pm,K. Deelay,Female,8,Pacific Islander,None,Admission,,38
848-87-0288,08/05/2024,10:33:00 pm,L. Empson,Male,72,African American,Physiotherapy,Admission,,36
232-67-5274,08/05/2024,3:04:00 pm,G. Chaters,Male,58,Declined to Identify,None,Admission,,54
636-98-7660,08/05/2023,2:50:00 pm,L. Huddlestone,Female,8,Pacific Islander,Gastroenterology,Admission,,19
643-90-9335,08/05/2023,8:27:00 am,W. Sarton,Female,61,Two or More Races,Physiotherapy,Admission,,58
525-23-4635,08/05/2023,8:07:00 am,D. Goman,Male,16,Asian,None,Admission,,23
695-96-3968,08/05/2023,9:20:00 pm,N. Jimson,Male,62,Two or More Races,General Practice,Not Admission,,54
648-60-8938,08/05/2023,6:01:00 pm,V. Bellingham,Female,79,White,None,Not Admission,,60
648-75-4344,08/05/2023,12:56:00 pm,B. Kealey,Female,46,Two or More Races,None,Not Admission,,50
363-55-0104,08/05/2023,1:41:00 am,X. Friar,Male,8,Declined to Identify,None,Not Admission,6,36
106-90-6844,08/05/2023,1:38:00 pm,D. Pluck,Male,66,Native American/Alaska Native,None,Not Admission,,29
419-18-4859,08/05/2023,6:28:00 pm,V. Kubicka,Female,17,Two or More Races,None,Not Admission,,26
790-04-1343,08/05/2023,2:53:00 am,B. Filipputti,Female,24,Two or More Races,None,Not Admission,,25
758-36-1812,08/05/2023,3:51:00 am,M. Buffy,Male,68,Native American/Alaska Native,None,Admission,,28
349-99-1289,08/05/2023,5:54:00 am,G. Fildes,Female,42,White,None,Not Admission,,31
332-44-9371,08/05/2023,8:03:00 pm,X. Cubbino,Male,18,African American,Orthopedics,Admission,,36
302-92-2947,08/05/2023,2:11:00 am,D. Skatcher,Female,66,African American,Orthopedics,Admission,,31
455-38-9962,08/05/2023,7:43:00 pm,Q. Semkins,Female,1,White,General Practice,Admission,2,30
849-38-9457,08/05/2023,5:14:00 am,D. Jiggens,Female,78,Two or More Races,None,Not Admission,9,30
131-10-7789,08/05/2023,12:58:00 am,E. Meldrum,Male,41,Native American/Alaska Native,None,Not Admission,1,36
253-21-4540,08/05/2023,9:59:00 am,R. Kilduff,Female,1,African American,None,Admission,,43
478-48-2968,08/05/2023,3:17:00 am,M. Lycett,Female,74,White,General Practice,Admission,,52
457-28-8255,08/05/2023,1:00:00 am,C. Burchess,Female,65,Pacific Islander,None,Not Admission,,31
493-76-6065,08/04/2024,2:59:00 pm,A. Batte,Female,27,White,None,Not Admission,,13
222-02-0601,08/04/2024,3:35:00 pm,C. Colquit,Male,4,Two or More Races,None,Not Admission,,18
774-22-0705,08/04/2024,7:42:00 pm,X. Cassel,Female,70,White,None,Admission,,23
310-56-4783,08/04/2024,5:04:00 pm,R. Kase,Female,76,Two or More Races,General Practice,Not Admission,,14
731-69-9552,08/04/2024,11:13:00 pm,D. Langeren,Female,23,White,General Practice,Not Admission,4,10
277-32-2308,08/04/2024,12:55:00 am,G. Van der Mark,Male,15,Native American/Alaska Native,Cardiology,Not Admission,10,18
779-47-3338,08/04/2024,2:52:00 am,J. Hinge,Female,39,Native American/Alaska Native,None,Admission,2,54
593-14-3392,08/04/2024,4:16:00 am,I. Summerlad,Male,66,White,None,Not Admission,1,28
617-59-2394,08/04/2024,10:35:00 pm,L. Pautard,Female,58,Two or More Races,None,Not Admission,,59
817-42-5463,08/04/2024,8:39:00 pm,U. Ramage,Female,71,White,None,Admission,,36
334-31-4472,08/04/2023,5:26:00 pm,C. Spracklin,Male,61,White,None,Not Admission,,30
593-93-2765,08/04/2023,8:10:00 pm,E. Le Huquet,Female,2,Two or More Races,Orthopedics,Not Admission,8,25
362-31-6050,08/04/2023,3:47:00 am,U. Goble,Male,69,African American,Neurology,Admission,,24
646-66-3685,08/04/2023,12:17:00 am,L. Elmhurst,Female,28,White,None,Not Admission,8,50
148-59-4378,08/04/2023,7:24:00 am,J. Hullett,Female,6,Pacific Islander,None,Not Admission,,33
408-05-7112,08/04/2023,12:34:00 pm,R. Nevinson,Female,73,Pacific Islander,None,Admission,,40
144-25-3409,08/04/2023,8:29:00 pm,N. Chetter,Female,76,White,None,Admission,,45
104-41-1688,08/04/2023,11:22:00 am,H. Jime,Female,22,White,None,Not Admission,,55
434-16-5502,08/04/2023,12:59:00 pm,N. Romanet,Femaleemale,50,White,None,Admission,,37
509-37-4729,08/04/2023,4:43:00 pm,M. Bencher,Female,25,African American,Renal,Admission,,50
679-41-7943,08/04/2023,12:22:00 am,R. Richten,Male,68,White,General Practice,Admission,,33
323-15-5382,08/04/2023,12:02:00 am,Q. Dreye,Female,64,Asian,None,Not Admission,,17
578-73-4353,08/04/2023,11:49:00 pm,E. Siccombe,Female,15,African American,Orthopedics,Not Admission,,33
898-58-4727,08/04/2023,2:04:00 pm,K. Ivons,Female,43,Two or More Races,General Practice,Admission,,24
441-68-9259,08/04/2023,3:24:00 am,R. Djurkovic,Male,5,African American,None,Admission,,22
176-32-3686,08/04/2023,9:43:00 pm,N. Brimson,Male,26,White,Cardiology,Not Admission,,10
413-42-2249,08/04/2023,5:06:00 pm,C. Fruser,Female,1,Declined to Identify,Orthopedics,Not Admission,,50
591-74-8687,08/04/2023,8:12:00 am,W. Fargher,Female,77,African American,None,Admission,8,32
375-19-1172,08/04/2023,2:04:00 am,G. Earwaker,Male,70,African American,Orthopedics,Not Admission,,22
639-36-5043,08/04/2023,12:04:00 pm,H. Rayne,Male,68,White,General Practice,Not Admission,,22
270-14-4609,08/04/2023,1:14:00 am,T. Eldred,Female,3,White,Orthopedics,Not Admission,,32
703-16-0191,08/04/2023,1:10:00 pm,Y. Ackland,Male,66,African American,Orthopedics,Admission,,11
164-31-3790,08/03/2024,11:04:00 pm,S. Baldetti,Female,24,Pacific Islander,Orthopedics,Not Admission,,53
246-70-9180,08/03/2024,7:47:00 am,X. Chismon,Female,74,Declined to Identify,None,Not Admission,,16
235-32-0067,08/03/2024,9:06:00 am,X. Durrant,Female,69,Declined to Identify,Orthopedics,Admission,,26
294-28-2369,08/03/2024,8:21:00 am,U. Motto,Female,48,White,None,Admission,,46
736-55-3263,08/03/2024,11:40:00 am,I. Wolverson,Male,7,African American,Orthopedics,Admission,,37
156-69-0132,08/03/2024,10:32:00 pm,Z. Peachman,Male,37,Pacific Islander,None,Not Admission,,29
209-42-5594,08/03/2024,6:31:00 pm,G. Prendergrass,Female,3,Native American/Alaska Native,General Practice,Not Admission,8,26
678-99-7710,08/03/2024,12:30:00 pm,K. Sperry,Female,3,African American,None,Admission,7,27
619-90-9286,08/03/2024,4:02:00 pm,O. Mateiko,Male,67,White,None,Admission,8,15
602-27-8019,08/03/2024,11:01:00 pm,N. Saunderson,Female,66,African American,General Practice,Not Admission,,32
243-35-8779,08/03/2024,2:48:00 am,H. Rasell,Female,78,White,General Practice,Not Admission,,38
196-56-2812,08/03/2024,7:03:00 am,Y. Oller,Female,25,Two or More Races,None,Not Admission,,27
772-46-8040,08/03/2024,5:00:00 am,J. Coey,Female,74,Two or More Races,None,Admission,,52
787-67-0173,08/03/2024,7:36:00 pm,U. Langdale,Female,5,White,General Practice,Admission,,53
177-75-4010,08/02/2024,9:26:00 pm,T. Haddeston,Female,76,Two or More Races,Gastroenterology,Not Admission,3,15
561-21-7158,08/02/2024,4:44:00 pm,L. Jacobsson,Male,66,African American,None,Not Admission,,15
133-11-6007,08/02/2024,10:40:00 am,C. Shervil,Male,7,White,General Practice,Admission,,29
256-81-6386,08/02/2024,6:29:00 pm,R. Treslove,Male,44,White,Orthopedics,Admission,,19
149-68-0241,08/02/2024,10:08:00 pm,E. Hemerijk,Female,40,White,Orthopedics,Admission,,19
494-94-0828,08/02/2024,3:09:00 am,P. Jurczak,Male,15,African American,Cardiology,Not Admission,,50
400-51-3029,08/02/2024,10:19:00 pm,X. Abdy,Female,41,Two or More Races,Orthopedics,Not Admission,0,49
785-59-9671,08/02/2024,6:52:00 pm,U. Mapston,Male,35,Two or More Races,Orthopedics,Admission,9,42
848-85-3012,08/02/2024,8:16:00 pm,O. Kauffman,Female,22,White,Cardiology,Not Admission,,41
101-35-7039,08/02/2024,10:15:00 pm,T. Ganter,Male,26,White,General Practice,Admission,7,56
710-50-4562,08/02/2024,5:24:00 pm,P. Benedite,Female,47,Asian,None,Admission,,29
694-52-7798,08/02/2024,7:08:00 pm,U. Witherow,Male,27,White,None,Not Admission,2,44
476-53-5824,08/02/2024,1:06:00 am,I. Germon,Female,45,African American,General Practice,Not Admission,,18
421-24-6442,08/02/2024,11:59:00 pm,T. Teague,Female,36,White,None,Admission,,49
686-06-2832,08/02/2024,3:13:00 am,J. Ghilardi,Male,57,White,General Practice,Admission,,38
881-37-2614,08/02/2024,2:17:00 pm,O. MacVagh,Male,35,Asian,None,Not Admission,7,32
555-26-1090,08/02/2024,10:10:00 pm,E. Licence,Male,69,Native American/Alaska Native,None,Not Admission,,38
693-10-4073,08/02/2024,12:05:00 pm,F. McRobb,Female,33,Two or More Races,Orthopedics,Admission,4,48
535-70-1320,08/02/2024,4:45:00 pm,E. Meus,Female,16,White,None,Admission,,46
643-01-0548,08/12/2023,5:16:00 pm,I. Dat,Male,46,Asian,None,Not Admission,,45
498-93-2576,08/12/2023,12:38:00 pm,N. Culp,Male,74,Asian,None,Admission,7,22
865-91-1513,08/12/2023,6:01:00 am,M. Ianittello,Female,7,African American,Cardiology,Admission,4,57
133-18-3896,08/12/2023,5:52:00 pm,V. Casillas,Male,35,White,None,Not Admission,,39
424-19-6464,08/12/2023,11:20:00 pm,Y. Leaves,Female,32,White,None,Not Admission,6,54
302-61-6797,08/12/2023,1:02:00 pm,P. Bardill,Male,54,Asian,General Practice,Not Admission,,34
390-43-5551,08/12/2023,10:00:00 pm,W. Fordyce,Female,14,White,General Practice,Not Admission,7,41
644-36-3406,08/12/2023,5:41:00 am,F. Attard,Male,42,Native American/Alaska Native,General Practice,Admission,9,49
418-23-0083,08/12/2023,5:51:00 pm,B. Whinray,Female,33,African American,None,Admission,,36
119-37-8978,08/12/2023,1:51:00 am,I. Drakard,Female,72,Two or More Races,Orthopedics,Not Admission,,49
703-68-0368,08/12/2023,2:32:00 pm,W. Ratt,Female,69,Asian,None,Admission,,41
338-24-1649,08/12/2023,6:55:00 pm,F. Winskill,Male,45,Pacific Islander,None,Not Admission,,33
872-54-2592,08/12/2023,3:47:00 pm,W. Cossington,Male,68,African American,Orthopedics,Not Admission,2,54
478-35-5888,08/12/2023,7:38:00 pm,T. Yerson,Female,23,White,None,Admission,,56
861-08-8144,08/12/2023,12:29:00 am,D. Illiston,Male,67,African American,None,Not Admission,7,47
881-42-6523,08/12/2023,11:15:00 am,Y. Boggas,Female,44,White,None,Not Admission,,42
706-88-2106,08/11/2023,3:47:00 pm,X. Zelley,Female,12,African American,None,Not Admission,,18
262-31-5062,08/11/2023,9:42:00 pm,G. Sewter,Male,23,Declined to Identify,None,Not Admission,,23
114-88-2644,08/11/2023,4:05:00 pm,K. Wagge,Female,27,White,None,Admission,2,42
435-65-1924,08/11/2023,12:07:00 pm,V. Sibbert,Male,34,Pacific Islander,General Practice,Admission,0,22
680-60-0211,08/11/2023,7:28:00 am,V. Gellan,Male,42,White,None,Admission,1,55
853-93-6417,08/11/2023,6:32:00 am,Y. O'Feeney,Male,76,White,Orthopedics,Admission,,49
840-12-2681,08/11/2023,5:56:00 pm,V. Besemer,Male,22,White,None,Not Admission,9,10
420-49-1092,08/11/2023,1:38:00 pm,N. Rubroe,Male,70,Pacific Islander,Orthopedics,Not Admission,,18
708-96-4348,08/11/2023,3:06:00 am,M. Jeromson,Male,10,Asian,None,Admission,,29
314-94-6078,08/11/2023,3:13:00 am,A. Boot,Male,14,White,None,Not Admission,,57
467-47-8985,08/11/2023,1:53:00 am,S. Rozzell,Female,35,Two or More Races,General Practice,Not Admission,,57
591-01-9686,08/11/2023,7:34:00 am,S. Agutter,Male,76,White,None,Admission,,11
291-84-1236,08/11/2023,11:27:00 am,S. Upex,Male,49,White,None,Not Admission,,38
815-50-7710,08/11/2023,5:53:00 am,Z. Meagher,Male,46,Asian,None,Admission,,54
221-55-2575,08/10/2024,3:04:00 pm,I. Harcarse,Male,54,White,None,Admission,,23
809-70-6273,08/10/2024,4:44:00 am,Y. Duddin,Female,73,Declined to Identify,Physiotherapy,Admission,9,13
101-38-5868,08/10/2024,12:18:00 pm,J. Saddington,Male,14,White,None,Admission,,20
452-69-2471,08/10/2024,9:28:00 pm,P. Lidell,Female,7,White,None,Admission,,13
142-07-6600,08/10/2024,6:09:00 pm,J. Kees,Female,23,Declined to Identify,None,Admission,,11
592-78-2378,08/10/2024,7:30:00 am,A. Funnell,Female,53,Declined to Identify,Neurology,Not Admission,5,10
145-74-2366,08/10/2024,12:33:00 am,H. Opdenort,Male,6,Declined to Identify,Physiotherapy,Not Admission,,18
236-05-7260,08/10/2024,12:30:00 am,Q. Neicho,Female,9,Declined to Identify,General Practice,Not Admission,,49
643-90-3414,08/10/2024,3:51:00 pm,U. Mangham,Male,64,Pacific Islander,None,Not Admission,,59
738-01-2456,08/10/2024,1:08:00 am,R. Portam,Male,1,White,General Practice,Admission,,49
346-75-9980,08/10/2024,7:08:00 am,W. Tussaine,Male,26,White,None,Admission,2,34
801-75-4801,08/10/2024,10:18:00 pm,V. McShee,Female,38,African American,Orthopedics,Not Admission,,35
207-26-9995,08/10/2024,1:08:00 pm,I. Upcraft,Female,16,African American,None,Admission,,32
157-82-8955,08/10/2024,3:52:00 pm,S. Maddin,Male,63,White,None,Not Admission,3,23
469-30-6816,08/10/2024,1:00:00 am,G. Preuvost,Male,34,African American,None,Not Admission,,26
608-49-9277,08/10/2024,4:36:00 am,Z. Cordon,Male,32,White,General Practice,Not Admission,,20
464-34-7283,08/10/2023,7:14:00 am,C. Bullocke,Male,34,White,Physiotherapy,Admission,,58
430-57-7863,08/10/2023,9:45:00 pm,L. Rops,Male,3,African American,None,Admission,4,25
426-75-5201,08/10/2023,7:07:00 am,V. Beckitt,Male,1,White,General Practice,Admission,,11
591-36-6992,08/10/2023,12:29:00 pm,C. Beauchop,Female,63,Native American/Alaska Native,None,Not Admission,1,35
339-65-9299,08/10/2023,6:56:00 pm,U. Redan,Male,58,African American,None,Not Admission,4,57
413-18-5206,08/10/2023,7:41:00 pm,Y. Sakins,Male,57,White,Orthopedics,Not Admission,,30
212-43-7115,08/10/2023,7:38:00 pm,Q. Caren,Female,33,Two or More Races,General Practice,Not Admission,,22
440-60-8450,08/10/2023,5:35:00 am,K. Bouzek,Male,28,Declined to Identify,None,Not Admission,,50
101-56-3319,08/10/2023,6:21:00 pm,M. Kilduff,Female,44,Asian,None,Admission,,55
653-56-1789,08/10/2023,10:13:00 am,H. Leefe,Male,43,White,Physiotherapy,Not Admission,,43
660-86-2261,08/01/2024,7:38:00 pm,E. McKeown,Female,27,Asian,None,Admission,,55
765-53-4095,08/01/2024,5:36:00 pm,B. Santostefano.,Female,28,Declined to Identify,Cardiology,Not Admission,,18
363-45-5397,08/01/2024,10:41:00 am,V. Ahrend,Male,26,Asian,General Practice,Not Admission,3,53
344-30-6145,08/01/2024,6:39:00 pm,Q. Hardaker,Male,64,Two or More Races,Orthopedics,Admission,10,21
546-52-9716,08/01/2024,11:03:00 pm,B. Gookey,Male,55,White,None,Not Admission,,21
237-21-4762,08/01/2024,10:11:00 am,U. Fancourt,Male,51,Declined to Identify,None,Not Admission,,26
310-36-1997,08/01/2024,7:56:00 pm,S. Rennicks,Male,69,White,Cardiology,Admission,,34
785-35-7295,08/01/2024,2:46:00 pm,K. McKeon,Male,38,African American,None,Admission,,56
592-35-6777,08/01/2024,5:11:00 pm,O. McMichell,Female,2,Two or More Races,None,Admission,8,54
831-87-6198,08/01/2024,1:51:00 pm,J. Hendrickson,Female,29,Native American/Alaska Native,None,Not Admission,,57
135-96-4722,08/01/2024,6:29:00 pm,V. Ganderton,Male,78,White,Physiotherapy,Admission,4,49
745-62-9973,08/01/2024,11:55:00 pm,D. Bleacher,Female,37,Declined to Identify,None,Admission,,49
488-61-3428,08/01/2024,2:12:00 pm,U. Yegorchenkov,Male,73,Two or More Races,Orthopedics,Not Admission,,38
206-29-8584,08/01/2024,9:24:00 pm,S. Fearnsides,Female,17,African American,General Practice,Admission,10,58
730-96-4481,08/01/2024,5:30:00 am,R. Eede,Female,54,White,Physiotherapy,Not Admission,,59
717-69-4042,08/01/2024,8:39:00 pm,M. Roon,Male,30,White,None,Admission,,39
691-23-3765,08/01/2024,4:48:00 pm,H. Goricke,Female,64,White,None,Admission,,41
638-81-1348,08/01/2024,5:32:00 am,X. Herion,Female,58,African American,None,Not Admission,,28
468-23-6357,08/01/2024,10:22:00 pm,L. De Bruyne,Male,61,Native American/Alaska Native,None,Not Admission,,52
899-18-1079,08/01/2024,5:08:00 am,Z. Skeemer,Male,25,White,Neurology,Admission,,48
365-52-7650,08/01/2024,2:00:00 am,Y. McCree,Female,68,White,None,Not Admission,4,58
322-21-8317,07/09/2024,11:19:00 pm,T. Lile,Male,23,Two or More Races,General Practice,Not Admission,,58
778-23-0967,07/09/2024,3:56:00 pm,N. Mace,Male,24,Declined to Identify,General Practice,Not Admission,6,36
237-31-2711,07/09/2024,10:32:00 pm,Q. Gouinlock,Female,33,Native American/Alaska Native,Renal,Not Admission,,31
871-25-8116,07/09/2024,4:06:00 am,Y. Izzat,Female,54,Pacific Islander,None,Admission,,60
865-05-6089,07/09/2024,9:46:00 am,F. Merlin,Male,65,Declined to Identify,None,Not Admission,,46
602-84-3086,07/09/2024,10:14:00 pm,L. Gordon,Female,18,White,None,Admission,0,47
779-92-6749,07/09/2024,8:05:00 am,A. Gillbanks,Female,49,White,None,Admission,,53
787-19-9146,07/09/2024,4:39:00 am,J. Wilcox,Female,16,African American,None,Admission,,47
280-55-2076,07/09/2024,2:46:00 pm,S. Goldine,Female,6,Declined to Identify,General Practice,Admission,,21
791-85-2268,07/09/2024,8:49:00 pm,K. Crudgington,Male,15,African American,Orthopedics,Admission,,18
624-99-6669,07/09/2024,3:54:00 am,S. Tran,Female,19,Native American/Alaska Native,None,Not Admission,2,53
603-11-3680,07/09/2024,9:47:00 pm,Q. Wallen,Male,30,African American,General Practice,Admission,,50
121-57-0594,07/09/2024,2:40:00 am,S. de Verson,Male,5,African American,None,Not Admission,,17
670-84-1971,07/09/2024,6:11:00 pm,U. Goodsell,Male,67,White,Orthopedics,Admission,1,16
477-43-3427,07/09/2024,4:02:00 pm,B. Pardew,Female,58,Asian,Cardiology,Not Admission,7,10
475-97-6923,07/09/2023,12:03:00 am,Z. Aliman,Male,45,Two or More Races,Orthopedics,Admission,,39
764-55-3939,07/09/2023,10:17:00 pm,P. Arniz,Female,55,African American,None,Admission,,54
700-40-2440,07/09/2023,11:11:00 pm,W. Rimington,Female,22,Declined to Identify,None,Admission,,37
728-14-0562,07/09/2023,3:24:00 am,C. Shevlane,Male,74,African American,General Practice,Not Admission,,55
739-57-2163,07/09/2023,11:48:00 pm,X. Gear,Female,3,White,None,Admission,,16
126-47-9260,07/09/2023,2:54:00 pm,O. Roly,Male,64,White,None,Not Admission,9,12
151-15-1930,07/09/2023,2:14:00 pm,Q. Wollers,Male,56,African American,None,Admission,,11
516-82-9080,07/09/2023,5:42:00 am,N. Klosser,Male,43,Pacific Islander,None,Not Admission,,52
350-63-4551,07/09/2023,7:05:00 am,Y. Vass,Male,29,African American,None,Not Admission,,25
261-13-3460,07/09/2023,12:24:00 pm,F. Mingame,Male,58,Native American/Alaska Native,None,Not Admission,4,53
522-95-4823,07/09/2023,2:12:00 pm,H. Gerardet,Female,18,Declined to Identify,General Practice,Admission,,33
204-67-1880,07/09/2023,11:04:00 am,Y. O'Scollee,Male,63,White,None,Not Admission,,55
855-68-8308,07/09/2023,9:12:00 pm,J. Tellenbach,Male,58,African American,Orthopedics,Not Admission,,19
886-50-8533,07/09/2023,9:23:00 am,R. Kellart,Female,19,Two or More Races,None,Not Admission,,22
452-17-9747,07/08/2024,4:09:00 am,A. Locks,Male,69,African American,General Practice,Not Admission,,32
526-02-9534,07/08/2024,2:57:00 pm,G. Mollnar,Female,47,Pacific Islander,None,Not Admission,,34
826-27-1762,07/08/2024,1:33:00 pm,I. Melluish,Male,79,African American,None,Not Admission,,29
225-49-2583,07/08/2024,3:37:00 pm,E. Vinsen,Male,4,White,Orthopedics,Not Admission,,40
376-86-6417,07/08/2024,10:36:00 am,D. Hassall,Male,26,Declined to Identify,None,Admission,,49
437-71-7777,07/08/2024,11:17:00 am,N. Byram,Male,14,Pacific Islander,General Practice,Not Admission,,10
870-38-9597,07/08/2024,3:27:00 am,D. Undy,Male,43,Declined to Identify,None,Not Admission,,52
483-90-5282,07/08/2024,10:51:00 am,C. Ertelt,Male,23,Native American/Alaska Native,None,Not Admission,,28
570-81-1120,07/08/2024,3:07:00 pm,M. Bwye,Male,67,Asian,None,Admission,,13
789-64-5001,07/08/2024,11:35:00 am,S. Craigmyle,Female,16,Declined to Identify,None,Not Admission,,47
338-36-3253,07/08/2023,2:44:00 pm,Z. Pimblotte,Female,9,Asian,None,Not Admission,,26
715-45-1813,07/08/2023,2:46:00 am,M. Sandcraft,Female,48,African American,None,Not Admission,,31
386-44-5784,07/08/2023,4:57:00 am,K. Martinat,Male,47,African American,None,Admission,,58
882-24-2205,07/08/2023,3:43:00 am,W. Bootman,Female,13,Two or More Races,None,Admission,,60
134-90-6858,07/08/2023,6:59:00 pm,J. Emby,Male,11,African American,General Practice,Not Admission,,26
600-74-3535,07/08/2023,2:22:00 am,X. Cammish,Female,9,White,None,Not Admission,,49
232-81-4919,07/08/2023,3:21:00 pm,T. Simonich,Female,61,Pacific Islander,Orthopedics,Not Admission,,44
102-43-8026,07/08/2023,8:01:00 am,W. Parker,Male,27,White,Orthopedics,Not Admission,9,13
519-80-5152,07/08/2023,12:28:00 am,Q. Petts,Male,29,Two or More Races,None,Not Admission,,33
356-85-1950,07/08/2023,6:04:00 pm,K. Auger,Female,10,African American,None,Not Admission,,36
767-52-1463,07/08/2023,8:16:00 pm,O. Jonah,Male,39,Asian,None,Admission,,59
101-85-4810,07/08/2023,5:55:00 am,R. McBoyle,Female,74,White,None,Admission,,55
801-16-6200,07/08/2023,11:27:00 am,Z. Salvadori,Female,50,Pacific Islander,None,Not Admission,10,59
890-11-8619,07/08/2023,4:21:00 pm,O. Maypowder,Female,43,White,None,Not Admission,,51
842-21-2088,07/08/2023,7:08:00 am,A. Beadnall,Male,52,Native American/Alaska Native,Orthopedics,Admission,,48
110-73-7294,07/08/2023,5:51:00 pm,N. Handrahan,Female,63,White,None,Not Admission,,56
784-23-5193,07/08/2023,3:22:00 am,T. Dalmon,Male,18,Two or More Races,General Practice,Not Admission,,38
602-04-0876,07/08/2023,4:12:00 am,P. Egalton,Male,23,White,None,Admission,,44
141-76-1186,07/07/2024,6:32:00 pm,K. Alentyev,Male,51,Two or More Races,General Practice,Admission,,52
109-71-9959,07/07/2024,5:34:00 am,J. Ripon,Female,13,Asian,Renal,Admission,6,59
581-17-5457,07/07/2024,12:05:00 pm,N. Spridgeon,Male,74,White,None,Admission,,27
499-28-7082,07/07/2024,4:39:00 pm,Y. Steabler,Female,67,White,General Practice,Admission,,56
663-48-3553,07/07/2024,11:18:00 am,C. Di Francesco,Female,8,African American,None,Not Admission,,35
670-53-6190,07/07/2024,1:08:00 am,H. Urling,Female,64,White,None,Admission,,14
113-60-6899,07/07/2024,7:16:00 am,W. Itscovitz,Male,58,Declined to Identify,None,Admission,,36
316-76-8097,07/07/2024,6:05:00 am,A. Tevelov,Male,35,Two or More Races,Cardiology,Not Admission,,33
833-93-8772,07/07/2024,12:07:00 am,X. Selwyne,Male,46,Two or More Races,None,Admission,,17
512-79-1834,07/07/2024,11:31:00 pm,E. Mattimoe,Female,24,African American,None,Not Admission,,41
270-64-7975,07/07/2024,6:36:00 pm,G. Gunston,Male,11,Two or More Races,Orthopedics,Admission,,40
626-40-8833,07/07/2024,11:13:00 pm,Z. Piggrem,Male,79,Asian,None,Not Admission,,13
104-76-6945,07/07/2024,6:32:00 am,O. Brigden,Male,56,Two or More Races,None,Not Admission,8,13
243-21-3862,07/07/2024,7:38:00 pm,D. Livick,Female,9,Declined to Identify,General Practice,Admission,,15
630-94-7356,07/07/2024,1:31:00 pm,L. Mattersey,Female,72,White,None,Not Admission,,13
467-31-2192,07/07/2024,5:16:00 pm,S. Meechan,Female,58,Declined to Identify,None,Not Admission,,16
693-38-2084,07/07/2024,2:58:00 pm,H. Kehoe,Female,72,African American,None,Admission,,37
348-95-6447,07/07/2024,1:49:00 am,B. Mylchreest,Female,71,Pacific Islander,None,Admission,,28
478-44-5649,07/07/2023,9:17:00 pm,I. Bellelli,Female,22,White,None,Not Admission,,60
799-90-2475,07/07/2023,12:43:00 am,E. Crose,Male,58,White,None,Not Admission,4,18
274-70-0428,07/07/2023,6:36:00 am,B. Maginn,Female,79,White,General Practice,Admission,,38
652-16-1081,07/07/2023,1:02:00 pm,Z. Perotti,Female,59,Native American/Alaska Native,Gastroenterology,Admission,9,38
381-90-3195,07/07/2023,8:03:00 pm,U. Tewnion,Female,77,Two or More Races,Gastroenterology,Not Admission,,29
835-25-5387,07/07/2023,12:22:00 am,R. St. John,Female,55,Pacific Islander,None,Not Admission,6,51
781-97-5522,07/07/2023,1:06:00 pm,Z. Kilgour,Male,24,African American,General Practice,Not Admission,7,40
442-76-0043,07/07/2023,8:34:00 pm,H. Yakunin,Female,4,African American,None,Admission,,44
458-71-9013,07/07/2023,11:09:00 am,N. Matton,Male,6,African American,None,Admission,2,50
418-93-9376,07/07/2023,4:30:00 pm,K. Beagles,Female,53,African American,Renal,Admission,,37
388-50-1748,07/07/2023,1:40:00 am,U. Candy,Female,73,White,Orthopedics,Not Admission,,42
246-10-3522,07/07/2023,10:46:00 am,U. Pharaoh,Male,78,African American,None,Admission,,15
862-66-9466,07/07/2023,1:50:00 am,C. Marchington,Female,72,Pacific Islander,None,Not Admission,2,52
143-71-6543,07/07/2023,6:52:00 pm,N. Korbmaker,Male,64,Asian,None,Admission,,29
712-25-4902,07/07/2023,3:21:00 am,J. Skarman,Male,6,White,None,Not Admission,2,32
500-85-3554,07/06/2024,3:07:00 pm,X. Kineton,Male,28,African American,None,Not Admission,8,47
375-69-3471,07/06/2024,8:47:00 am,I. Verrico,Male,21,White,General Practice,Admission,5,47
897-05-5888,07/06/2024,11:01:00 am,N. Barbie,Male,71,Declined to Identify,None,Admission,,47
141-47-3493,07/06/2024,12:25:00 am,Y. Whardley,Male,9,Declined to Identify,Neurology,Admission,,54
196-64-2615,07/06/2024,9:41:00 am,Y. Kinnock,Male,65,Native American/Alaska Native,General Practice,Not Admission,,51
487-94-8562,07/06/2024,3:27:00 am,K. Brigstock,Female,74,Asian,None,Not Admission,,59
433-30-7441,07/06/2024,10:43:00 am,E. Binham,Male,37,White,Cardiology,Admission,,12
845-04-1216,07/06/2024,11:27:00 pm,M. Carus,Female,39,Asian,None,Not Admission,,46
131-78-6758,07/06/2024,2:51:00 pm,V. Richt,Male,39,African American,None,Admission,,36
195-28-0811,07/06/2024,4:00:00 pm,M. Winkett,Female,67,Two or More Races,None,Not Admission,7,58
710-62-0164,07/06/2024,7:52:00 pm,M. Maffin,Male,26,Asian,Neurology,Not Admission,0,37
592-10-1083,07/06/2024,4:25:00 am,F. Choulerton,Male,42,Declined to Identify,None,Not Admission,,20
464-28-0970,07/06/2024,3:22:00 pm,Q. Palfery,Female,59,Two or More Races,None,Admission,,19
759-38-2731,07/06/2024,3:15:00 am,Y. Bonellie,Male,21,African American,Orthopedics,Admission,,26
244-95-7873,07/06/2024,2:41:00 pm,X. Maddaford,Male,12,Asian,None,Not Admission,,37
595-33-7472,07/06/2023,3:24:00 am,V. Vaughn,Female,72,African American,None,Not Admission,1,48
592-27-7357,07/06/2023,12:21:00 am,I. Schimaschke,Male,49,Pacific Islander,None,Admission,9,40
627-07-2664,07/06/2023,4:09:00 am,B. Redhills,Male,18,White,None,Admission,,14
378-37-8203,07/06/2023,7:17:00 pm,C. Mutlow,Male,31,Declined to Identify,None,Admission,,37
360-64-1390,07/06/2023,10:36:00 pm,K. Terrey,Female,73,White,None,Admission,,54
290-17-7158,07/06/2023,10:33:00 am,O. Schubbert,Male,30,Asian,Physiotherapy,Admission,,49
240-91-8056,07/06/2023,8:21:00 pm,C. Jayume,Male,41,Asian,General Practice,Not Admission,,33
385-36-3839,07/06/2023,4:18:00 am,W. Thornebarrow,Female,40,Asian,General Practice,Not Admission,,33
222-92-7536,07/06/2023,2:26:00 pm,X. Jeakins,Female,15,Two or More Races,General Practice,Admission,,16
836-74-5853,07/06/2023,4:16:00 pm,Q. Kernes,Male,28,Asian,None,Not Admission,,25
272-77-4899,07/06/2023,10:59:00 pm,Y. Cheltnam,Female,12,Asian,Neurology,Admission,,28
791-74-3814,07/06/2023,11:37:00 am,H. Crammy,Male,76,Asian,General Practice,Admission,5,32
763-06-8777,07/06/2023,2:12:00 am,K. Bent,Male,76,African American,Gastroenterology,Admission,,25
172-05-6912,07/06/2023,1:38:00 pm,N. Birtwell,Female,65,Native American/Alaska Native,None,Admission,6,43
490-32-7822,07/06/2023,3:13:00 pm,F. Zucker,Male,69,Two or More Races,None,Not Admission,,21
776-73-6961,07/06/2023,4:22:00 am,L. Wissbey,Male,54,Pacific Islander,None,Not Admission,,54
597-13-7907,07/06/2023,10:36:00 am,G. Maughan,Male,22,White,None,Admission,,43
849-50-0138,07/05/2024,4:54:00 am,H. Ruhben,Female,22,White,None,Not Admission,1,60
229-11-5846,07/05/2024,5:41:00 am,C. Borg,Female,45,Two or More Races,None,Not Admission,,36
294-39-3862,07/05/2024,12:17:00 pm,V. Matyashev,Male,22,African American,General Practice,Not Admission,,13
841-74-3492,07/05/2024,4:30:00 am,S. Follis,Female,10,White,Orthopedics,Admission,0,50
173-93-6685,07/05/2024,2:18:00 am,V. Brimacombe,Female,39,Native American/Alaska Native,General Practice,Admission,,36
824-52-5925,07/05/2024,5:30:00 am,D. Sinnatt,Female,20,Declined to Identify,Orthopedics,Admission,,24
844-75-6188,07/05/2024,8:06:00 pm,U. Echallier,Male,15,Pacific Islander,None,Not Admission,,29
480-76-5508,07/05/2024,7:38:00 am,E. Mapledorum,Male,70,White,None,Admission,,30
568-22-3902,07/05/2024,3:04:00 pm,Z. La Wille,Female,40,White,None,Not Admission,6,36
417-29-0350,07/05/2024,3:06:00 am,C. Dominik,Male,63,Declined to Identify,General Practice,Admission,1,26
782-72-6848,07/05/2024,7:19:00 am,O. Younger,Female,57,Two or More Races,None,Admission,1,40
500-22-9975,07/05/2024,11:18:00 pm,T. Hewes,Female,24,White,General Practice,Admission,,40
783-65-6030,07/05/2024,9:26:00 pm,D. O'Carrol,Female,30,Two or More Races,None,Admission,,54
759-07-1261,07/05/2024,12:11:00 pm,L. McCurtain,Male,12,Asian,None,Admission,,18
678-72-8369,07/05/2024,12:15:00 am,M. Willerson,Male,32,African American,None,Not Admission,,59
202-14-7624,07/05/2023,10:30:00 am,S. Whetson,Female,43,African American,None,Not Admission,,28
472-97-6207,07/05/2023,11:14:00 am,X. Bromehed,Female,31,White,Orthopedics,Admission,1,59
110-62-5261,07/05/2023,8:49:00 am,D. Blezard,Female,37,Two or More Races,General Practice,Admission,8,38
599-32-7561,07/05/2023,1:35:00 pm,E. Calcott,Female,77,Two or More Races,None,Not Admission,7,38
389-33-9944,07/05/2023,11:28:00 pm,P. Rens,Female,65,White,None,Not Admission,,27
352-11-2598,07/05/2023,3:51:00 pm,U. Passman,Female,69,African American,None,Admission,,37
619-11-5945,07/05/2023,4:40:00 am,C. Ince,Male,76,African American,Orthopedics,Admission,,18
295-18-8464,07/05/2023,8:15:00 pm,S. Stebbings,Male,9,African American,None,Admission,,33
522-16-8744,07/05/2023,1:06:00 am,M. Jedras,Male,60,African American,None,Not Admission,2,18
535-44-1807,07/05/2023,5:21:00 am,I. Rosenboim,Male,37,Declined to Identify,None,Admission,,44
206-57-6026,07/05/2023,6:02:00 am,N. Clopton,Female,59,Asian,Orthopedics,Not Admission,,19
768-93-9567,07/05/2023,4:28:00 am,P. Sheran,Female,11,African American,General Practice,Not Admission,6,29
425-93-4522,07/05/2023,5:43:00 pm,V. Parrot,Male,29,African American,None,Admission,,30
347-41-3905,07/05/2023,4:00:00 am,A. Hedde,Female,30,African American,None,Admission,,55
739-88-4514,07/05/2023,5:58:00 pm,A. Repp,Female,51,Declined to Identify,General Practice,Admission,,51
165-28-1239,07/04/2024,2:47:00 pm,T. Van den Oord,Female,23,Two or More Races,None,Not Admission,3,19
496-58-3057,07/04/2024,11:23:00 pm,S. Titford,Male,34,African American,None,Admission,,36
468-75-4841,07/04/2024,8:14:00 pm,P. Swatton,Male,69,White,None,Not Admission,,47
161-21-7511,07/04/2024,2:48:00 am,W. Beadles,Female,33,Two or More Races,General Practice,Admission,,19
166-48-3805,07/04/2024,10:06:00 am,Q. Drust,Female,53,White,None,Admission,,48
121-27-3643,07/04/2024,8:15:00 am,G. Sellstrom,Female,75,White,None,Not Admission,,16
480-93-4605,07/04/2024,11:08:00 pm,T. Monro,Male,24,Two or More Races,Orthopedics,Not Admission,7,44
727-93-0292,07/04/2024,12:32:00 am,P. Grigg,Male,74,White,General Practice,Not Admission,,32
237-96-9260,07/04/2024,6:02:00 pm,K. Stiant,Female,27,Asian,None,Admission,,52
645-29-9188,07/04/2024,4:35:00 am,G. Kenion,Male,48,Asian,None,Admission,1,25
832-56-7060,07/04/2024,1:16:00 pm,G. Timothy,Female,63,Asian,None,Not Admission,,44
660-57-0260,07/04/2024,5:34:00 pm,A. Douthwaite,Female,8,African American,General Practice,Admission,,11
789-29-4257,07/04/2024,1:25:00 am,K. Latour,Male,63,White,None,Admission,,39
390-46-6283,07/04/2024,5:34:00 am,N. Bartleet,Female,9,White,None,Admission,,35
256-89-4612,07/04/2024,4:32:00 pm,F. Abelwhite,Male,58,Declined to Identify,Orthopedics,Admission,5,15
879-53-1158,07/04/2024,11:05:00 am,O. Dablin,Male,20,Pacific Islander,None,Admission,6,28
469-90-5298,07/04/2023,6:40:00 am,R. Huggett,Male,39,Declined to Identify,General Practice,Not Admission,,27
442-41-7832,07/04/2023,6:09:00 am,A. Nesey,Male,10,White,None,Admission,8,17
324-71-0403,07/04/2023,11:58:00 am,T. D'Oyly,Female,68,White,Renal,Not Admission,,51
170-64-9353,07/04/2023,10:13:00 pm,W. Emanueli,Male,9,Two or More Races,None,Not Admission,,29
530-29-2305,07/04/2023,7:56:00 pm,Y. Lorait,Female,60,Two or More Races,None,Admission,,29
283-30-7634,07/04/2023,8:30:00 pm,S. La Batie,Female,51,Pacific Islander,None,Not Admission,,55
614-27-2796,07/04/2023,3:52:00 am,S. Sango,Female,5,African American,None,Admission,,32
707-07-4757,07/04/2023,3:56:00 am,G. Whaplington,Female,11,Declined to Identify,Neurology,Not Admission,,15
325-34-7964,07/04/2023,1:44:00 pm,P. Flanagan,Female,49,Asian,None,Admission,,54
701-53-5762,07/04/2023,9:38:00 pm,R. Fennelly,Female,22,Pacific Islander,Orthopedics,Admission,,19
246-11-7277,07/04/2023,11:45:00 pm,F. Petkov,Female,2,Pacific Islander,None,Not Admission,,44
760-91-8824,07/03/2024,12:48:00 am,R. Toogood,Male,46,Two or More Races,General Practice,Not Admission,6,57
322-37-4264,07/03/2024,4:37:00 pm,E. Auton,Female,52,Two or More Races,None,Not Admission,9,45
571-28-4395,07/03/2024,10:02:00 pm,Z. Twatt,Male,44,Two or More Races,None,Not Admission,5,29
580-12-9421,07/03/2024,3:34:00 am,F. Aicken,Female,57,White,Orthopedics,Not Admission,7,22
492-03-5767,07/03/2024,5:28:00 pm,C. Killford,Female,1,Asian,None,Not Admission,,17
246-84-5205,07/03/2024,6:54:00 pm,X. Jarman,Female,9,Two or More Races,None,Not Admission,6,36
817-91-1171,07/03/2024,6:31:00 am,J. Leere,Female,34,Asian,General Practice,Admission,,51
795-38-6179,07/03/2024,11:47:00 am,J. Beade,Male,8,Native American/Alaska Native,None,Not Admission,10,25
636-59-9872,07/03/2024,11:19:00 pm,M. Djekovic,Male,40,Pacific Islander,Physiotherapy,Not Admission,,38
570-76-1303,07/03/2024,6:29:00 am,A. Manley,Female,34,Two or More Races,None,Not Admission,5,40
894-88-3223,07/03/2024,8:43:00 pm,G. Beston,Male,68,African American,General Practice,Admission,,17
570-11-3903,07/03/2024,10:00:00 am,X. Audiss,Female,26,Asian,Cardiology,Admission,1,16
357-94-8253,07/03/2024,6:28:00 pm,S. Issard,Male,19,Two or More Races,None,Not Admission,,47
726-37-1120,07/03/2024,3:49:00 pm,T. Weekley,Female,41,White,None,Not Admission,5,54
451-16-3659,07/03/2024,5:05:00 pm,O. Cogzell,Female,30,Pacific Islander,General Practice,Not Admission,0,57
630-72-4041,07/03/2024,6:55:00 pm,T. Huygens,Male,51,White,None,Admission,,57
191-80-9331,07/03/2024,8:59:00 am,H. Beddoes,Female,12,Two or More Races,None,Not Admission,,48
349-09-0489,07/03/2024,8:17:00 pm,U. Bondar,Male,24,Two or More Races,General Practice,Admission,,10
661-83-5824,07/03/2024,11:43:00 pm,W. Fearnehough,Male,61,Pacific Islander,None,Admission,,47
388-76-9438,07/03/2024,2:42:00 pm,L. Andreix,Female,4,Declined to Identify,None,Not Admission,,56
153-66-2325,07/03/2024,10:36:00 pm,T. Haggerstone,Female,25,African American,None,Admission,,54
743-85-2344,07/03/2024,12:01:00 am,B. MacAllaster,Female,8,Two or More Races,General Practice,Admission,2,16
505-50-0210,07/03/2024,5:49:00 am,B. Newvill,Female,53,White,General Practice,Not Admission,,41
174-75-1853,07/03/2024,4:55:00 pm,B. Frosdick,Male,22,African American,Physiotherapy,Not Admission,,44
763-58-5190,07/03/2024,6:52:00 am,N. Crosser,Male,71,Asian,General Practice,Admission,,12
480-81-1461,07/03/2024,9:41:00 pm,D. McKim,Female,30,Native American/Alaska Native,General Practice,Admission,,22
135-61-7666,07/02/2024,10:20:00 pm,S. Dagon,Male,78,White,General Practice,Not Admission,6,59
147-93-3011,07/02/2024,10:43:00 pm,Q. Griffith,Male,47,Two or More Races,None,Not Admission,,53
519-85-8257,07/02/2024,5:37:00 am,Q. Asif,Female,60,Asian,General Practice,Admission,,21
154-20-3673,07/02/2024,4:02:00 pm,A. Matchitt,Female,38,Declined to Identify,None,Not Admission,9,23
443-64-7889,07/02/2024,4:57:00 pm,C. Ashdown,Male,40,White,None,Admission,6,34
545-60-6889,07/02/2024,8:27:00 am,M. Brabin,Female,65,White,None,Admission,,39
180-73-9658,07/02/2024,3:38:00 am,A. Bewlay,Male,25,Two or More Races,None,Not Admission,,59
771-04-6699,07/02/2024,11:28:00 am,L. Betke,Female,44,Two or More Races,General Practice,Admission,,48
276-40-8022,07/02/2024,12:55:00 pm,B. Pettiford,Female,36,Two or More Races,None,Not Admission,,55
121-36-1815,07/02/2024,1:27:00 am,Q. Antoons,Male,76,African American,None,Admission,,40
804-04-1122,07/02/2024,12:12:00 pm,E. Humpatch,Male,79,White,Orthopedics,Admission,,12
555-74-8070,07/02/2024,10:04:00 pm,N. Baxstare,Male,44,Two or More Races,General Practice,Admission,0,32
838-81-9021,07/02/2024,5:31:00 am,K. Leebeter,Female,22,White,None,Not Admission,,10
695-82-0712,07/12/2023,12:59:00 pm,I. Ragbourne,Female,75,White,None,Not Admission,,34
702-69-6189,07/12/2023,11:15:00 am,M. Ginn,Male,26,Native American/Alaska Native,None,Not Admission,,49
398-68-7636,07/12/2023,2:20:00 pm,K. Kopmann,Female,67,Two or More Races,None,Not Admission,,25
625-57-1785,07/12/2023,1:36:00 pm,Q. Surby,Male,26,White,General Practice,Not Admission,,40
400-75-0237,07/12/2023,9:51:00 am,G. Swalwell,Female,25,Asian,None,Not Admission,,59
270-02-8150,07/12/2023,8:13:00 pm,N. Hawket,Male,72,African American,None,Admission,,48
430-06-5242,07/12/2023,11:37:00 am,Y. Towersey,Female,29,African American,None,Admission,,47
215-64-9064,07/11/2023,5:22:00 am,E. Kynforth,Female,63,African American,General Practice,Not Admission,6,56
114-16-7000,07/11/2023,11:11:00 pm,J. Kimm,Male,27,African American,General Practice,Not Admission,,45
859-80-5199,07/11/2023,6:27:00 am,B. Lochhead,Male,52,African American,None,Not Admission,7,10
857-31-2180,07/11/2023,1:13:00 pm,Z. Attwool,Male,34,African American,General Practice,Admission,,50
620-35-3794,07/11/2023,12:21:00 am,M. Kubelka,Male,35,Two or More Races,General Practice,Not Admission,,37
321-09-0448,07/11/2023,3:08:00 am,C. Skade,Female,2,African American,General Practice,Admission,10,13
602-08-6121,07/11/2023,5:28:00 am,F. Coenraets,Male,38,White,None,Not Admission,,50
707-84-6922,07/11/2023,9:07:00 am,R. Wedon,Female,7,Declined to Identify,None,Not Admission,,42
128-74-1315,07/11/2023,5:53:00 pm,D. Ewestace,Female,16,Two or More Races,General Practice,Not Admission,,53
598-42-7920,07/11/2023,12:33:00 pm,I. Waldera,Female,36,African American,None,Admission,,60
140-37-0074,07/11/2023,3:22:00 pm,B. Rooms,Female,33,White,None,Not Admission,6,35
192-37-6592,07/11/2023,1:37:00 am,S. Rupel,Female,29,Native American/Alaska Native,None,Admission,2,31
726-73-2510,07/11/2023,9:57:00 pm,E. Longland,Female,34,African American,None,Admission,,26
324-26-0684,07/11/2023,10:01:00 pm,H. Burston,Male,35,Two or More Races,General Practice,Admission,,16
291-44-0132,07/11/2023,5:34:00 am,I. Attrey,Male,27,White,None,Not Admission,,12
834-93-8607,07/11/2023,4:52:00 am,F. Richings,Female,3,African American,None,Admission,,55
621-27-7002,07/11/2023,4:52:00 am,G. Spindler,Male,59,White,Neurology,Not Admission,,31
232-91-0483,07/11/2023,2:53:00 am,A. Tavinor,Male,70,White,None,Admission,5,13
352-51-9558,07/11/2023,2:46:00 pm,U. Mountstephen,Male,50,African American,None,Not Admission,10,60
102-07-2442,07/10/2024,3:08:00 am,C. Crees,Male,35,Asian,None,Admission,,38
223-33-6036,07/10/2024,9:48:00 pm,R. Churchill,Male,30,Asian,Cardiology,Admission,,27
142-78-7156,07/10/2024,8:06:00 am,K. Peller,Male,15,White,Orthopedics,Not Admission,,36
111-27-8693,07/10/2024,6:29:00 pm,Y. Muncey,Male,22,African American,General Practice,Admission,,56
449-69-8456,07/10/2024,6:43:00 am,V. Robic,Female,29,White,None,Admission,4,10
334-65-8008,07/10/2024,3:40:00 pm,K. Abrahams,Male,7,White,None,Admission,,56
223-49-3545,07/10/2024,9:27:00 am,T. Joontjes,Male,22,African American,None,Not Admission,,14
152-28-2503,07/10/2024,4:43:00 pm,R. Raithbie,Female,77,African American,None,Not Admission,,46
545-39-0155,07/10/2024,5:49:00 pm,P. Rebert,Female,52,African American,None,Not Admission,,25
552-17-8075,07/10/2024,1:24:00 am,J. Threlkeld,Male,15,Two or More Races,Orthopedics,Not Admission,,35
758-75-2960,07/10/2024,7:08:00 am,G. Rickell,Male,45,Native American/Alaska Native,General Practice,Not Admission,,11
848-76-6406,07/10/2024,9:12:00 am,J. Rollinson,Female,54,Two or More Races,Gastroenterology,Admission,,37
855-94-5606,07/10/2024,7:44:00 am,X. Lorking,Male,50,African American,None,Not Admission,4,22
276-65-2584,07/10/2024,12:18:00 pm,C. Goaley,Male,78,White,None,Not Admission,,56
685-47-1688,07/10/2023,7:34:00 am,Z. Haighton,Female,67,Pacific Islander,None,Not Admission,,14
646-02-1854,07/10/2023,10:33:00 am,R. Beasant,Male,19,Declined to Identify,Renal,Admission,,11
473-11-0338,07/10/2023,3:47:00 am,B. Cayzer,Male,75,Declined to Identify,Neurology,Admission,10,31
448-51-7664,07/10/2023,11:17:00 am,H. Wheeliker,Male,39,Pacific Islander,None,Admission,10,59
769-98-7974,07/10/2023,6:44:00 am,E. Garnett,Male,9,Native American/Alaska Native,General Practice,Not Admission,5,48
575-40-1753,07/10/2023,1:36:00 am,B. Stelli,Male,42,White,None,Admission,,43
834-26-3667,07/10/2023,9:45:00 pm,M. Renhard,Female,24,White,None,Admission,,37
789-18-7648,07/10/2023,5:09:00 am,P. Battrum,Female,43,African American,None,Not Admission,8,12
585-69-4983,07/10/2023,1:25:00 am,F. Coen,Male,52,Native American/Alaska Native,General Practice,Admission,,47
330-63-0627,07/10/2023,7:36:00 am,U. Beasant,Female,59,White,None,Not Admission,,44
844-29-1051,07/10/2023,10:40:00 pm,Z. Deeprose,Female,23,Two or More Races,None,Not Admission,,59
378-32-2885,07/10/2023,7:09:00 am,L. Osboldstone,Female,45,Asian,None,Admission,,30
626-52-3000,07/10/2023,5:11:00 am,R. Cahn,Female,29,African American,None,Admission,,29
207-17-5079,07/10/2023,7:42:00 am,T. Reinbech,Male,28,Asian,None,Not Admission,9,30
475-56-5117,07/10/2023,10:48:00 pm,A. Zelner,Male,31,Two or More Races,None,Not Admission,,18
858-26-7075,07/01/2024,2:26:00 pm,V. Gedge,Male,14,White,None,Admission,,34
708-71-9586,07/01/2024,9:39:00 pm,A. Vigrass,Male,29,Native American/Alaska Native,None,Not Admission,3,29
412-66-4473,07/01/2024,11:27:00 am,O. Kemson,Male,50,Declined to Identify,Renal,Admission,,29
106-29-7582,07/01/2024,4:12:00 pm,E. Calcut,Female,13,Two or More Races,None,Not Admission,8,11
804-80-4289,07/01/2024,10:32:00 pm,Q. Lomax,Male,63,Pacific Islander,Orthopedics,Not Admission,,41
672-75-7086,07/01/2024,11:35:00 am,S. McCaughan,Male,55,Two or More Races,Orthopedics,Not Admission,,56
164-26-6964,07/01/2024,10:19:00 am,N. Pickton,Male,64,Declined to Identify,None,Admission,,31
110-19-5907,07/01/2024,2:56:00 am,M. Lorentzen,Male,7,Two or More Races,Physiotherapy,Not Admission,,46
508-48-9648,07/01/2024,4:55:00 am,C. Rogliero,Male,10,White,None,Admission,,39
421-15-9145,07/01/2024,10:32:00 am,F. Brunsen,Male,77,Asian,Orthopedics,Admission,3,28
248-79-5709,07/01/2024,4:49:00 am,S. Coryndon,Male,48,African American,None,Not Admission,1,40
767-96-0026,07/01/2024,3:22:00 pm,V. Frammingham,Male,13,Asian,Orthopedics,Not Admission,,49
665-50-9637,06/09/2024,12:41:00 pm,R. Renowden,Female,27,Asian,General Practice,Not Admission,,10
605-02-4485,06/09/2024,10:01:00 am,Z. Elam,Female,38,Declined to Identify,Orthopedics,Not Admission,,21
701-30-7761,06/09/2024,9:11:00 am,V. Rawlingson,Female,53,White,None,Admission,3,20
822-51-9844,06/09/2024,2:02:00 am,B. Pauletti,Female,11,Declined to Identify,Physiotherapy,Admission,9,11
567-48-5176,06/09/2024,11:57:00 am,O. Menaul,Male,38,African American,General Practice,Not Admission,,60
654-54-6014,06/09/2024,5:46:00 am,S. Haddeston,Male,4,Native American/Alaska Native,General Practice,Admission,5,33
797-45-6464,06/09/2024,4:06:00 pm,T. Ellison,Female,16,Declined to Identify,None,Admission,,12
884-77-2363,06/09/2024,1:39:00 pm,S. Nazer,Male,56,African American,General Practice,Not Admission,,55
737-03-7902,06/09/2024,5:40:00 pm,M. Stanion,Female,20,White,Orthopedics,Not Admission,,55
144-47-5038,06/09/2024,5:39:00 am,K. Alexis,Female,45,White,Renal,Admission,0,49
344-19-5332,06/09/2024,11:19:00 am,E. Battams,Male,11,White,None,Not Admission,,43
577-17-4945,06/09/2024,9:58:00 pm,Y. McGraw,Male,59,White,General Practice,Not Admission,,34
389-64-9474,06/09/2024,4:55:00 pm,O. Lengthorn,Female,53,Two or More Races,None,Admission,,18
124-28-5022,06/09/2024,3:13:00 am,Q. Lomasna,Male,8,White,Orthopedics,Not Admission,,56
340-30-7357,06/09/2024,5:59:00 pm,N. Gribbin,Male,39,Two or More Races,None,Admission,,53
182-78-5630,06/09/2024,3:00:00 am,R. Graffin,Male,31,White,None,Not Admission,,60
367-62-9249,06/09/2024,11:22:00 pm,Z. Swigger,Male,18,White,Neurology,Not Admission,3,53
652-27-0238,06/09/2023,10:49:00 pm,A. Filisov,Male,64,Two or More Races,Orthopedics,Not Admission,2,35
156-95-7483,06/09/2023,1:37:00 am,A. Barmadier,Female,27,Declined to Identify,General Practice,Admission,6,49
705-90-0854,06/09/2023,4:22:00 am,Y. Nerney,Female,69,White,None,Not Admission,,31
380-81-4560,06/09/2023,5:38:00 am,E. Jorio,Male,41,White,Neurology,Admission,9,27
670-56-9740,06/09/2023,5:12:00 pm,W. Anfossi,Male,38,White,Renal,Not Admission,,53
300-26-1229,06/09/2023,4:03:00 pm,K. Hakey,Male,9,African American,None,Admission,10,40
161-62-6037,06/09/2023,6:40:00 pm,V. Nyles,Male,38,Two or More Races,Orthopedics,Not Admission,,48
421-46-0418,06/09/2023,1:33:00 am,I. Lawleff,Male,50,Pacific Islander,None,Admission,,14
156-38-9827,06/09/2023,12:57:00 pm,L. Chapellow,Female,76,Asian,Orthopedics,Not Admission,4,60
895-94-3157,06/09/2023,9:56:00 am,C. Marushak,Female,74,Two or More Races,None,Not Admission,,27
258-16-3895,06/09/2023,1:28:00 pm,C. Sneller,Female,14,African American,None,Not Admission,,21
551-07-6781,06/08/2024,7:39:00 am,M. Paulisch,Male,14,African American,None,Not Admission,,51
276-67-3192,06/08/2024,1:21:00 pm,B. Tilsley,Male,61,African American,None,Admission,,56
807-93-0539,06/08/2024,4:10:00 pm,E. Sawter,Male,19,Declined to Identify,Orthopedics,Admission,4,25
382-17-9399,06/08/2024,2:19:00 am,Q. Snawdon,Male,1,African American,None,Admission,,11
654-95-0119,06/08/2024,9:57:00 am,W. Joselin,Male,15,White,General Practice,Admission,,19
669-39-9157,06/08/2024,10:13:00 pm,J. Boustred,Male,51,White,General Practice,Admission,,58
502-22-3736,06/08/2024,4:09:00 pm,P. Di Franceshci,Female,12,Asian,General Practice,Admission,,49
378-02-5523,06/08/2024,6:30:00 pm,A. Gouldie,Male,23,African American,None,Admission,0,23
738-93-2682,06/08/2024,5:04:00 pm,F. Poulney,Female,49,Pacific Islander,None,Admission,10,28
684-49-5005,06/08/2024,9:02:00 am,E. Dimitriades,Female,20,African American,Physiotherapy,Admission,,44
813-03-6145,06/08/2024,11:00:00 am,N. Macewan,Male,3,Declined to Identify,None,Not Admission,5,43
108-25-6001,06/08/2024,5:48:00 pm,T. Snedker,Female,10,White,Neurology,Admission,,11
131-17-8584,06/08/2023,6:05:00 pm,T. Lorryman,Female,74,Pacific Islander,None,Admission,,21
753-13-5672,06/08/2023,11:29:00 am,H. Troyes,Male,2,White,None,Admission,,15
508-97-0026,06/08/2023,1:38:00 am,K. Burree,Female,12,Pacific Islander,None,Admission,,13
655-55-2632,06/08/2023,4:52:00 am,E. Vlasyuk,Male,56,White,None,Admission,,48
310-87-0319,06/08/2023,3:52:00 am,E. Abdee,Female,65,African American,General Practice,Admission,10,19
732-15-8159,06/08/2023,11:08:00 pm,D. Pirkis,Female,49,White,None,Not Admission,,22
111-50-6779,06/08/2023,3:14:00 am,E. Enrigo,Female,40,African American,Cardiology,Not Admission,,51
290-98-3369,06/08/2023,12:10:00 am,U. Shearman,Female,79,African American,None,Admission,2,28
847-95-6147,06/08/2023,7:42:00 am,F. Kilgallen,Male,9,Pacific Islander,None,Not Admission,7,19
590-44-3124,06/08/2023,5:26:00 pm,D. Pettersen,Female,17,Two or More Races,General Practice,Not Admission,,15
604-67-4072,06/07/2024,4:04:00 am,G. Comiam,Male,55,Two or More Races,Gastroenterology,Not Admission,,43
298-48-4593,06/07/2024,10:50:00 am,H. Cabrer,Male,40,African American,Physiotherapy,Not Admission,2,50
428-14-7095,06/07/2024,1:46:00 am,F. Peres,Female,39,African American,Physiotherapy,Admission,,37
272-94-7142,06/07/2024,3:43:00 am,E. Churms,Male,2,African American,None,Not Admission,,17
144-61-3169,06/07/2024,7:13:00 am,O. Bollans,Female,49,Two or More Races,None,Not Admission,,23
564-30-6384,06/07/2024,1:04:00 am,D. Murtimer,Male,49,Pacific Islander,None,Not Admission,,45
245-85-4529,06/07/2024,10:15:00 pm,G. Breawood,Female,11,White,None,Not Admission,,60
897-33-5602,06/07/2024,3:47:00 pm,E. Redsell,Female,58,African American,None,Not Admission,,31
175-65-4422,06/07/2024,10:35:00 pm,C. Skeemor,Male,56,Two or More Races,General Practice,Admission,,49
536-86-9352,06/07/2024,4:26:00 pm,Y. Moult,Female,63,Declined to Identify,Gastroenterology,Admission,5,33
623-36-9441,06/07/2023,12:48:00 am,K. Pagin,Female,60,Two or More Races,None,Admission,7,56
616-28-2836,06/07/2023,5:13:00 pm,X. Griffey,Male,9,Two or More Races,None,Not Admission,,29
183-64-9809,06/07/2023,5:30:00 pm,U. Zanelli,Female,58,White,Orthopedics,Not Admission,7,18
305-98-3609,06/07/2023,2:28:00 am,L. Fransemai,Female,10,African American,None,Not Admission,,38
759-53-1240,06/07/2023,4:33:00 am,M. Kayzer,Male,57,Two or More Races,None,Not Admission,,56
159-86-5469,06/07/2023,11:28:00 pm,C. Magrane,Female,18,White,Orthopedics,Not Admission,,41
512-87-2879,06/07/2023,8:07:00 pm,N. Seed,Male,38,Asian,None,Not Admission,,11
773-71-6564,06/07/2023,11:07:00 pm,M. Imorts,Male,79,White,Cardiology,Not Admission,4,32
561-07-0305,06/07/2023,1:13:00 am,G. Lowfill,Male,30,Asian,Orthopedics,Not Admission,,59
875-69-0558,06/07/2023,10:41:00 pm,E. Terrington,Male,52,White,General Practice,Admission,,50
878-55-0051,06/07/2023,7:47:00 pm,R. Harrington,Femaleemale,22,African American,General Practice,Not Admission,,16
223-22-4801,06/07/2023,1:32:00 am,M. Runsey,Male,46,African American,General Practice,Not Admission,,10
821-53-2890,06/06/2024,1:28:00 am,T. Lawrance,Male,29,African American,Orthopedics,Not Admission,1,18
778-94-1723,06/06/2024,2:18:00 pm,K. Dash,Male,67,Declined to Identify,None,Admission,,45
849-97-5342,06/06/2024,11:42:00 am,B. Goodhew,Male,52,Asian,Gastroenterology,Not Admission,,48
510-36-0741,06/06/2024,9:38:00 am,Z. Lunck,Male,22,Two or More Races,General Practice,Admission,0,41
606-24-1350,06/06/2024,8:18:00 am,R. Rich,Female,54,White,None,Not Admission,,21
106-19-1978,06/06/2024,11:59:00 am,V. Course,Female,34,Two or More Races,General Practice,Admission,7,21
891-66-0692,06/06/2024,2:29:00 pm,N. Coopey,Female,39,White,None,Admission,4,48
364-16-5242,06/06/2024,4:48:00 am,S. Stuchbury,Male,13,Pacific Islander,None,Not Admission,,43
509-15-9216,06/06/2024,8:19:00 pm,V. Takkos,Female,12,White,Orthopedics,Admission,,60
293-87-7863,06/06/2024,5:43:00 am,Q. Mulliss,Female,69,White,General Practice,Not Admission,,54
206-56-8505,06/06/2024,10:54:00 am,E. Gummoe,Male,9,Two or More Races,None,Not Admission,,21
893-95-2429,06/06/2023,10:25:00 am,L. Laffoley-Lane,Male,42,Pacific Islander,None,Not Admission,,14
859-55-1950,06/06/2023,6:27:00 pm,Y. Allon,Male,29,African American,General Practice,Admission,,34
473-48-7700,06/06/2023,8:13:00 pm,Q. Lochran,Female,38,White,General Practice,Admission,,34
639-97-8705,06/06/2023,5:39:00 am,F. Kainz,Male,56,White,Orthopedics,Not Admission,,54
894-55-1978,06/06/2023,3:20:00 am,M. Truwert,Male,53,Two or More Races,None,Not Admission,,45
257-20-4587,06/06/2023,1:01:00 am,P. Theobald,Male,61,Asian,Cardiology,Admission,,19
832-05-2705,06/06/2023,6:32:00 pm,K. O' Faherty,Female,72,Native American/Alaska Native,General Practice,Not Admission,6,24
160-71-8820,06/06/2023,12:48:00 am,M. Waddoups,Male,5,Asian,None,Admission,,34
551-02-4054,06/06/2023,4:23:00 am,O. Gull,Female,65,African American,Cardiology,Admission,,59
456-69-5853,06/06/2023,6:00:00 am,E. Goodfellowe,Male,72,White,General Practice,Admission,,34
430-80-8880,06/06/2023,8:35:00 am,Y. Bockman,Male,37,White,None,Not Admission,,22
879-64-8222,06/06/2023,6:32:00 am,U. Hamshere,Male,28,White,None,Not Admission,,37
638-72-2352,06/06/2023,6:44:00 am,L. Bramelt,Male,3,Two or More Races,Gastroenterology,Admission,6,25
585-33-1678,06/06/2023,11:53:00 am,N. Beamand,Male,77,Native American/Alaska Native,Neurology,Not Admission,,45
381-92-2973,06/06/2023,5:51:00 pm,U. Chitham,Female,79,African American,None,Not Admission,10,15
786-22-4260,06/06/2023,10:05:00 am,A. Pardon,Female,74,White,General Practice,Admission,,52
269-99-7693,06/06/2023,10:17:00 pm,S. MacKenzie,Male,60,Asian,Physiotherapy,Not Admission,,19
777-76-9816,06/05/2024,6:17:00 pm,J. Hartop,Male,7,Native American/Alaska Native,None,Not Admission,,33
478-64-3709,06/05/2024,5:28:00 am,P. Sharer,Male,56,Asian,None,Not Admission,,11
546-46-2582,06/05/2024,11:46:00 pm,U. Makiver,Female,6,Asian,Neurology,Admission,,31
756-70-9085,06/05/2024,8:46:00 pm,V. Booler,Female,49,White,None,Admission,,36
249-59-1568,06/05/2024,8:13:00 am,N. Conyer,Female,58,African American,None,Not Admission,,41
422-11-6911,06/05/2024,12:23:00 am,G. Honeyghan,Male,8,White,None,Admission,1,47
372-76-1907,06/05/2024,8:28:00 pm,K. Burgwyn,Female,7,Pacific Islander,None,Not Admission,3,36
234-53-3039,06/05/2024,5:11:00 pm,T. Brilleman,Female,46,African American,General Practice,Not Admission,4,32
325-89-2126,06/05/2024,6:38:00 am,Q. Tubby,Male,1,Asian,General Practice,Admission,7,21
711-10-8773,06/05/2024,11:01:00 pm,V. Botte,Male,40,African American,None,Admission,,54
593-38-9878,06/05/2024,6:42:00 pm,H. Atheis,Female,2,Two or More Races,None,Not Admission,8,28
151-32-6273,06/05/2024,8:58:00 am,P. Aisthorpe,Female,62,White,None,Not Admission,,56
365-99-7907,06/05/2024,3:56:00 am,G. Molloy,Female,40,Two or More Races,General Practice,Admission,,58
202-47-7663,06/05/2024,4:47:00 am,G. Scarrott,Female,30,Pacific Islander,None,Admission,7,33
689-86-6145,06/05/2024,5:26:00 am,O. Cordie,Female,16,White,Orthopedics,Admission,,22
146-07-1057,06/05/2024,12:44:00 am,G. Hanselmann,Female,67,African American,Physiotherapy,Not Admission,,56
177-38-4025,06/05/2024,5:14:00 am,R. Pilipyak,Male,63,Two or More Races,General Practice,Admission,3,59
793-63-1688,06/05/2023,6:59:00 am,R. Morison,Male,1,African American,None,Not Admission,,39
410-16-6184,06/05/2023,12:14:00 pm,O. Danieli,Male,4,Native American/Alaska Native,None,Not Admission,8,32
436-49-3831,06/05/2023,6:24:00 pm,J. Doughtery,Female,45,Two or More Races,Orthopedics,Admission,,41
204-57-1964,06/05/2023,1:25:00 pm,H. Le Bosse,Female,52,Declined to Identify,Orthopedics,Not Admission,,11
824-94-3306,06/05/2023,6:25:00 am,D. Benham,Male,30,Asian,Gastroenterology,Not Admission,1,37
430-99-6185,06/05/2023,12:21:00 pm,Q. Jubert,Female,12,African American,General Practice,Admission,,12
230-89-3177,06/05/2023,4:40:00 pm,G. McGreil,Male,54,White,None,Admission,,36
874-60-4529,06/05/2023,9:23:00 am,T. Wegman,Female,19,Asian,None,Not Admission,,51
665-98-5232,06/05/2023,5:51:00 am,C. Hanbury,Male,8,Declined to Identify,Gastroenterology,Not Admission,,48
811-13-4461,06/05/2023,6:02:00 pm,U. Kloska,Female,45,White,Orthopedics,Admission,3,16
177-05-5852,06/05/2023,11:25:00 pm,I. Delatour,Male,71,White,General Practice,Not Admission,,25
504-59-9776,06/05/2023,7:07:00 am,P. Chavez,Male,67,Pacific Islander,Physiotherapy,Not Admission,,25
311-70-7578,06/05/2023,8:18:00 pm,Z. Wyld,Female,36,African American,None,Not Admission,,49
160-10-6189,06/05/2023,3:04:00 pm,J. Mico,Male,29,African American,None,Not Admission,,60
847-72-5654,06/05/2023,10:01:00 pm,L. McGlaughn,Male,37,White,None,Not Admission,,49
446-70-7796,06/05/2023,5:49:00 pm,X. Cejka,Female,28,Two or More Races,Neurology,Not Admission,9,22
242-33-1856,06/04/2024,2:17:00 am,T. Wyman,Female,40,White,General Practice,Admission,,50
199-06-1284,06/04/2024,8:16:00 am,G. Tibb,Female,32,Asian,None,Admission,3,30
286-31-5737,06/04/2024,10:22:00 am,J. Louder,Female,34,Declined to Identify,Orthopedics,Not Admission,,50
787-80-4731,06/04/2024,6:25:00 pm,F. Antonucci,Female,4,Declined to Identify,None,Not Admission,7,42
722-05-8745,06/04/2024,1:20:00 pm,V. Baggaley,Female,2,African American,None,Admission,,22
110-38-1973,06/04/2024,9:56:00 am,X. Dysart,Female,76,Asian,None,Not Admission,1,41
458-85-7700,06/04/2024,1:15:00 am,O. Atkins,Male,28,Two or More Races,None,Not Admission,,54
857-68-5135,06/04/2024,12:00:00 pm,C. Scott,Female,4,African American,Gastroenterology,Not Admission,6,47
279-68-0582,06/04/2024,7:52:00 pm,N. Bernetti,Female,28,Declined to Identify,None,Not Admission,,57
171-54-6595,06/04/2024,2:11:00 pm,D. Dragon,Male,77,Two or More Races,None,Not Admission,1,39
864-13-9865,06/04/2024,3:54:00 am,S. Valadez,Female,52,Native American/Alaska Native,None,Not Admission,,36
427-16-0688,06/04/2024,9:59:00 am,H. Snalum,Female,61,Declined to Identify,Orthopedics,Admission,,29
544-07-1814,06/04/2024,8:05:00 am,J. Pitcaithley,Female,24,Two or More Races,None,Admission,8,26
498-12-3034,06/04/2024,1:30:00 am,G. Satyford,Female,46,Asian,None,Admission,,40
470-60-5209,06/04/2024,10:49:00 pm,Z. Iacovides,Female,25,White,Physiotherapy,Admission,,29
817-93-7526,06/04/2024,3:31:00 pm,J. Pollak,Male,52,Asian,None,Not Admission,,22
389-69-8333,06/04/2024,9:56:00 am,O. Barthrop,Female,67,African American,None,Admission,,29
297-23-3279,06/04/2023,6:26:00 pm,Q. Glazer,Male,63,Two or More Races,None,Not Admission,,44
781-16-9719,06/04/2023,4:27:00 pm,H. Breslin,Male,78,Two or More Races,None,Admission,,19
684-81-2276,06/04/2023,9:00:00 am,T. Slowley,Male,37,Declined to Identify,None,Admission,0,50
297-60-2643,06/04/2023,8:24:00 pm,K. Aron,Male,37,Two or More Races,Cardiology,Admission,3,31
533-11-5273,06/04/2023,2:55:00 pm,R. Giacopello,Male,11,White,General Practice,Admission,,51
443-36-2330,06/04/2023,6:42:00 am,J. Ballin,Female,10,African American,Orthopedics,Not Admission,,21
131-43-0412,06/04/2023,11:08:00 pm,G. Whittle,Female,50,Declined to Identify,None,Admission,,42
752-35-9712,06/04/2023,9:20:00 am,Y. Gresley,Male,66,White,None,Not Admission,,32
647-14-8894,06/04/2023,4:09:00 am,M. Jukes,Female,28,Native American/Alaska Native,None,Admission,,21
409-08-4045,06/04/2023,1:35:00 am,O. Spillane,Female,35,African American,Gastroenterology,Not Admission,4,27
530-18-6594,06/04/2023,3:50:00 pm,B. Delion,Male,69,African American,None,Not Admission,,21
259-14-9232,06/04/2023,12:56:00 am,M. Olexa,Female,26,White,None,Not Admission,1,24
193-43-6202,06/04/2023,2:00:00 am,D. Jon,Male,79,White,Gastroenterology,Not Admission,,13
846-40-7635,06/04/2023,8:41:00 pm,K. Fern,Male,3,Two or More Races,General Practice,Not Admission,,26
206-35-3192,06/03/2024,12:11:00 am,Q. Treffry,Female,40,White,Cardiology,Not Admission,,44
886-56-4454,06/03/2024,10:50:00 am,T. Gatteridge,Male,34,White,General Practice,Admission,,21
894-14-7789,06/03/2024,5:06:00 pm,X. Renzo,Male,61,Two or More Races,None,Admission,10,20
210-09-0959,06/03/2024,4:17:00 pm,Q. Chansonne,Female,60,Asian,Cardiology,Not Admission,1,56
775-84-1134,06/03/2024,4:58:00 am,N. Orrin,Female,9,Two or More Races,General Practice,Admission,,18
561-13-1085,06/03/2024,7:07:00 pm,G. Marrett,Female,26,White,None,Admission,,47
330-45-2025,06/03/2024,7:40:00 am,U. Pitman,Male,69,Native American/Alaska Native,Orthopedics,Not Admission,,31
717-46-0039,06/03/2024,9:45:00 am,C. Linn,Male,64,Declined to Identify,None,Admission,8,53
713-58-6734,06/03/2024,6:16:00 pm,O. Riccione,Female,42,Asian,None,Admission,3,28
435-61-1271,06/03/2024,6:06:00 pm,R. Riseborough,Male,37,African American,Renal,Not Admission,,33
436-49-0280,06/03/2024,4:10:00 pm,V. Gladdifh,Male,4,White,None,Admission,,21
605-38-9414,06/03/2024,6:07:00 am,K. Lung,Female,40,African American,None,Not Admission,,21
698-69-3627,06/03/2024,4:55:00 pm,V. Kolushev,Male,4,Native American/Alaska Native,None,Admission,,16
740-47-5663,06/03/2024,11:03:00 am,Q. Marke,Female,33,African American,General Practice,Not Admission,,60
455-48-1591,06/03/2024,11:27:00 pm,G. Adolfsen,Male,78,White,General Practice,Not Admission,,10
887-18-7294,06/03/2024,2:19:00 pm,K. Mathan,Female,56,African American,None,Not Admission,,30
434-92-0068,06/02/2024,3:21:00 am,P. Esselin,Male,54,Asian,None,Not Admission,,60
475-84-2128,06/02/2024,7:13:00 am,E. Ivatts,Female,58,Pacific Islander,General Practice,Admission,7,24
642-16-2520,06/02/2024,1:35:00 pm,W. Seamark,Female,70,Two or More Races,None,Admission,,32
373-70-7925,06/02/2024,5:59:00 pm,W. Dives,Male,16,White,Orthopedics,Admission,,37
186-82-0440,06/02/2024,10:37:00 am,T. Rought,Male,56,Declined to Identify,General Practice,Admission,,40
449-78-6801,06/02/2024,11:14:00 am,V. Bloomfield,Male,59,Declined to Identify,None,Admission,,16
708-49-4528,06/02/2024,7:22:00 am,Y. Dillicate,Male,31,Two or More Races,None,Admission,,10
860-19-4179,06/02/2024,4:32:00 pm,H. Barca,Male,39,Declined to Identify,None,Not Admission,,57
328-03-8699,06/02/2024,6:31:00 am,Z. Brellin,Male,45,Native American/Alaska Native,General Practice,Not Admission,9,37
598-59-6394,06/12/2023,4:00:00 am,Y. Upchurch,Female,32,White,General Practice,Not Admission,2,58
115-43-2057,06/12/2023,7:19:00 am,R. Renbold,Male,11,African American,None,Admission,7,13
845-50-2469,06/12/2023,12:22:00 am,P. Lancetter,Male,55,Two or More Races,None,Not Admission,,47
167-62-7585,06/12/2023,8:05:00 pm,M. Elflain,Male,5,Two or More Races,None,Not Admission,,58
734-39-1461,06/12/2023,1:21:00 am,B. Mattussevich,Female,44,White,Physiotherapy,Admission,5,35
694-52-4320,06/12/2023,9:20:00 pm,H. Messer,Female,14,African American,None,Admission,,40
899-16-2971,06/12/2023,3:08:00 am,S. Lebel,Female,17,African American,General Practice,Admission,,48
464-58-0449,06/12/2023,11:25:00 pm,J. Ducker,Male,3,White,None,Not Admission,,14
240-90-4141,06/12/2023,2:09:00 am,E. Ponceford,Female,42,Asian,None,Admission,,24
693-91-2400,06/12/2023,10:07:00 am,O. MacElroy,Female,7,Two or More Races,None,Admission,7,29
702-91-9472,06/12/2023,3:13:00 pm,X. Zum Felde,Female,38,Two or More Races,None,Admission,,19
678-92-8622,06/11/2023,3:52:00 am,Q. Locket,Female,53,African American,None,Not Admission,,54
432-19-9911,06/11/2023,3:07:00 pm,S. Iamittii,Female,24,White,Orthopedics,Not Admission,,51
687-31-7083,06/11/2023,11:40:00 pm,X. Philliskirk,Female,38,African American,None,Admission,,60
860-62-9749,06/11/2023,3:28:00 pm,S. Stoter,Male,3,African American,None,Admission,,24
370-63-2061,06/11/2023,5:13:00 am,U. Yearnes,Female,53,White,None,Not Admission,,45
820-75-0266,06/11/2023,7:41:00 am,V. Hardeman,Female,67,African American,None,Admission,5,59
634-89-7737,06/11/2023,10:39:00 pm,R. Adanet,Male,69,African American,Orthopedics,Not Admission,6,48
510-78-2623,06/11/2023,8:28:00 pm,V. Bootherstone,Female,38,African American,None,Not Admission,,55
114-58-3401,06/11/2023,5:34:00 pm,L. Meiningen,Male,65,African American,Physiotherapy,Admission,,28
748-65-6970,06/11/2023,11:51:00 am,F. Rispin,Female,79,White,None,Admission,,43
616-67-9062,06/11/2023,7:01:00 pm,Z. Lusgdin,Female,40,African American,Cardiology,Not Admission,,30
819-28-2751,06/11/2023,5:41:00 am,D. Malkin,Female,64,White,Orthopedics,Not Admission,6,41
877-48-1758,06/11/2023,6:03:00 pm,I. Smedmoor,Male,30,African American,None,Not Admission,,25
853-31-7161,06/11/2023,7:02:00 pm,M. Fairholme,Female,43,Pacific Islander,General Practice,Admission,4,12
727-69-3613,06/11/2023,1:52:00 am,K. Urion,Female,76,Declined to Identify,None,Not Admission,,50
236-98-9389,06/11/2023,10:21:00 am,T. Gittings,Male,74,White,None,Not Admission,3,12
808-75-2972,06/10/2024,5:24:00 am,X. Spellesy,Male,6,Declined to Identify,None,Not Admission,,36
640-49-2306,06/10/2024,3:45:00 am,C. Rowbury,Male,27,Declined to Identify,Neurology,Not Admission,,34
705-95-8195,06/10/2024,6:31:00 pm,Q. Dyneley,Female,67,Asian,None,Not Admission,,25
202-34-5918,06/10/2024,11:55:00 pm,J. Coyte,Female,77,African American,None,Not Admission,,54
808-32-5113,06/10/2024,6:20:00 pm,C. Ginni,Male,57,White,General Practice,Admission,,27
870-05-2895,06/10/2024,10:44:00 am,M. Crevy,Male,16,White,None,Not Admission,,36
691-30-7465,06/10/2024,7:50:00 pm,M. Pindar,Female,2,Two or More Races,None,Admission,1,40
388-23-0487,06/10/2024,3:05:00 pm,Z. Shalliker,Male,61,Asian,None,Admission,0,15
287-74-9897,06/10/2024,7:16:00 am,H. Gabits,Female,72,Pacific Islander,None,Not Admission,1,18
549-91-4321,06/10/2024,4:12:00 am,P. Puleque,Male,53,Two or More Races,Cardiology,Admission,,10
163-42-7259,06/10/2024,2:51:00 am,S. Jaimez,Male,76,Two or More Races,None,Not Admission,0,27
479-82-6847,06/10/2023,10:27:00 am,F. Rannald,Female,7,White,Cardiology,Not Admission,,53
245-93-1809,06/10/2023,12:16:00 am,T. McGurn,Male,20,White,None,Admission,,15
602-05-7479,06/10/2023,9:55:00 am,A. Ambrogioni,Male,12,Two or More Races,Gastroenterology,Admission,6,44
487-45-9169,06/10/2023,1:41:00 pm,L. Bartelet,Male,42,Two or More Races,None,Not Admission,,46
440-71-9187,06/10/2023,3:34:00 am,V. Hatherleigh,Female,68,Two or More Races,None,Admission,,14
844-64-3064,06/10/2023,7:46:00 pm,L. Rydzynski,Female,3,Asian,None,Not Admission,,11
250-28-2501,06/10/2023,9:18:00 pm,W. Morch,Female,70,African American,Gastroenterology,Admission,5,19
346-22-5485,06/10/2023,8:37:00 am,A. Roland,Male,44,White,None,Admission,,28
875-35-4737,06/10/2023,8:59:00 pm,C. Mompesson,Female,18,White,Orthopedics,Admission,,15
723-46-9161,06/10/2023,8:58:00 am,L. Adess,Male,30,Native American/Alaska Native,None,Not Admission,,58
823-01-8165,06/10/2023,1:49:00 pm,G. Stollard,Female,79,White,General Practice,Admission,,39
217-38-8287,06/10/2023,3:28:00 pm,L. Torald,Male,69,Asian,Orthopedics,Admission,9,51
707-39-1661,06/10/2023,2:51:00 pm,S. Lynam,Female,54,Two or More Races,None,Not Admission,,51
279-48-0099,06/10/2023,2:12:00 am,T. Riggulsford,Female,15,White,None,Not Admission,4,59
250-29-5036,06/10/2023,5:56:00 am,Z. Lesurf,Female,61,Pacific Islander,None,Admission,4,56
794-22-4498,06/01/2024,4:31:00 pm,K. Robeson,Male,3,Asian,None,Not Admission,,38
440-64-1066,06/01/2024,2:04:00 pm,K. Head,Male,55,Declined to Identify,None,Not Admission,,38
814-67-6519,06/01/2024,1:44:00 am,U. Rosenhaupt,Female,46,White,None,Not Admission,8,10
625-11-3614,06/01/2024,8:24:00 am,E. Shovel,Male,68,White,None,Not Admission,,41
434-14-2526,06/01/2024,2:30:00 pm,R. McLugaish,Male,30,White,None,Not Admission,7,58
154-12-2643,06/01/2024,12:58:00 am,U. Durant,Male,32,Declined to Identify,None,Admission,,57
658-64-5564,06/01/2024,1:00:00 pm,D. Dearman,Male,18,Two or More Races,None,Admission,,53
770-53-5270,06/01/2024,2:00:00 am,K. Swyer,Female,5,Two or More Races,None,Not Admission,,41
577-72-3497,06/01/2024,10:02:00 am,I. Defond,Female,8,Asian,None,Not Admission,6,30
646-10-4499,06/01/2024,8:22:00 am,L. Beirne,Female,9,Two or More Races,None,Not Admission,,15
476-55-5109,06/01/2024,8:25:00 am,Z. Broxholme,Male,28,Two or More Races,None,Not Admission,7,60
563-01-2494,06/01/2024,8:40:00 pm,D. Blaasch,Male,34,Asian,None,Admission,,40
262-62-7521,06/01/2024,11:26:00 am,S. Daniau,Female,22,African American,None,Admission,3,50
497-73-0149,06/01/2024,7:29:00 pm,D. Vigors,Male,5,Pacific Islander,General Practice,Not Admission,,16
289-97-3636,06/01/2024,8:50:00 am,P. Frise,Male,49,Declined to Identify,General Practice,Not Admission,,18
316-86-7414,05/09/2024,6:30:00 am,T. Poynton,Male,28,Asian,None,Not Admission,9,29
389-53-1872,05/09/2024,5:26:00 pm,Z. Gockelen,Female,68,Declined to Identify,General Practice,Not Admission,5,38
282-75-0452,05/09/2024,7:13:00 pm,K. Axtonne,Female,53,Declined to Identify,None,Admission,,33
711-74-2032,05/09/2024,7:26:00 am,G. Carruth,Male,76,African American,None,Not Admission,,58
870-81-2711,05/09/2024,12:39:00 pm,O. Gally,Female,42,Declined to Identify,Neurology,Admission,,60
818-21-7805,05/09/2024,4:41:00 pm,Y. Lees,Male,36,Two or More Races,None,Not Admission,,30
799-73-6211,05/09/2024,8:59:00 pm,K. Dallin,Female,51,Two or More Races,None,Not Admission,,14
282-37-3283,05/09/2024,5:19:00 pm,S. Ruberry,Female,28,White,General Practice,Admission,,55
301-60-9365,05/09/2024,9:29:00 pm,J. Castelluzzi,Female,17,White,Cardiology,Not Admission,7,60
557-77-2197,05/09/2024,7:04:00 pm,C. Weir,Male,29,African American,Orthopedics,Not Admission,7,54
863-51-9551,05/09/2024,6:49:00 am,D. Corrin,Male,46,African American,Cardiology,Admission,,51
663-53-8750,05/09/2023,4:23:00 am,O. Debnam,Male,4,White,None,Not Admission,,32
107-06-8299,05/09/2023,6:36:00 am,D. Jeynes,Female,50,Declined to Identify,General Practice,Not Admission,,10
363-33-8633,05/09/2023,4:15:00 am,O. Di Dello,Female,20,African American,None,Not Admission,4,43
723-64-4013,05/09/2023,2:18:00 am,I. Finnie,Male,17,Two or More Races,None,Admission,,27
877-31-9427,05/09/2023,10:20:00 pm,S. Prazer,Female,63,African American,General Practice,Admission,,51
556-02-6133,05/09/2023,7:13:00 am,Q. Coleborn,Male,33,African American,Renal,Admission,,21
334-71-3297,05/09/2023,8:05:00 pm,N. Cavolini,Female,44,Native American/Alaska Native,General Practice,Admission,,27
531-19-9617,05/09/2023,12:55:00 am,J. O'Hollegan,Female,68,Asian,None,Admission,,34
467-25-9553,05/09/2023,2:25:00 am,V. Bisp,Male,32,Two or More Races,None,Admission,,12
839-13-8580,05/09/2023,10:18:00 am,X. Barbery,Male,38,Two or More Races,None,Not Admission,,55
112-44-3497,05/09/2023,8:43:00 pm,Q. Sartain,Female,9,Two or More Races,General Practice,Admission,,42
630-47-2713,05/09/2023,2:48:00 pm,P. Torbard,Female,48,Two or More Races,Gastroenterology,Not Admission,,44
672-35-9516,05/09/2023,11:48:00 am,V. Dimitrov,Male,6,White,None,Not Admission,,55
846-66-7490,05/08/2024,3:17:00 pm,T. Clissett,Male,48,White,None,Not Admission,,53
416-20-6906,05/08/2024,11:31:00 pm,O. Sallarie,Male,60,Two or More Races,None,Not Admission,,54
542-32-4303,05/08/2024,1:25:00 am,Z. Barles,Female,41,White,None,Not Admission,,25
459-36-1115,05/08/2024,5:14:00 am,O. Grimsditch,Female,38,Declined to Identify,None,Not Admission,,57
533-96-0679,05/08/2024,3:51:00 am,T. Sagg,Male,17,White,None,Admission,,54
278-49-6531,05/08/2024,1:33:00 am,L. Vannacci,Female,74,White,Physiotherapy,Not Admission,0,20
482-31-9677,05/08/2024,6:16:00 pm,Z. Prott,Male,5,White,Renal,Not Admission,,19
816-12-1573,05/08/2024,7:01:00 pm,W. Fee,Female,77,African American,General Practice,Admission,4,22
783-44-2077,05/08/2024,9:38:00 am,S. Stanesby,Female,74,African American,General Practice,Not Admission,,54
828-86-5241,05/08/2024,1:50:00 pm,C. Bashford,Female,72,Two or More Races,None,Admission,10,52
200-22-3513,05/08/2024,2:17:00 am,O. Jansen,Male,32,Declined to Identify,None,Not Admission,8,15
107-25-3448,05/08/2024,10:13:00 pm,H. Littrik,Female,72,African American,None,Not Admission,,21
246-42-6834,05/08/2024,1:59:00 am,B. Birtle,Male,43,African American,General Practice,Admission,,15
283-49-7447,05/08/2024,6:00:00 am,V. Rudledge,Male,31,White,None,Admission,2,10
851-96-4883,05/08/2024,10:47:00 am,E. Mealiffe,Female,57,African American,General Practice,Not Admission,,29
485-52-4633,05/08/2024,5:13:00 am,T. Burgane,Male,18,Pacific Islander,General Practice,Not Admission,,13
227-92-6315,05/08/2024,6:56:00 pm,M. Guillain,Female,69,White,General Practice,Not Admission,,30
652-52-1081,05/08/2024,3:39:00 pm,C. Higgoe,Female,13,Native American/Alaska Native,None,Admission,,55
847-74-2228,05/08/2024,1:16:00 am,N. Jan,Male,50,White,None,Admission,,13
214-51-5890,05/08/2023,3:00:00 pm,H. Swalowe,Female,45,White,Orthopedics,Not Admission,,40
358-50-2747,05/08/2023,8:41:00 pm,Q. Linham,Female,11,White,None,Admission,,52
593-65-5206,05/08/2023,12:58:00 pm,K. Oldcote,Male,77,Pacific Islander,Gastroenterology,Admission,,36
497-45-3476,05/08/2023,9:03:00 pm,K. Zanetto,Female,4,Two or More Races,None,Not Admission,,51
440-92-8721,05/08/2023,1:53:00 pm,S. Ebbens,Male,1,Two or More Races,None,Admission,,36
540-88-7623,05/08/2023,4:03:00 pm,T. Champney,Female,5,African American,Gastroenterology,Admission,,34
172-02-6722,05/08/2023,5:10:00 am,K. O'Siaghail,Male,57,White,None,Admission,,40
474-06-9276,05/08/2023,5:30:00 pm,H. Imlach,Male,51,Two or More Races,None,Admission,,58
791-19-6812,05/08/2023,1:54:00 pm,F. Passfield,Female,77,Native American/Alaska Native,Orthopedics,Admission,,39
258-30-8092,05/08/2023,11:27:00 pm,L. Spivie,Male,52,African American,Physiotherapy,Admission,,14
731-16-3469,05/08/2023,4:04:00 pm,V. Fanner,Female,26,Asian,None,Not Admission,,47
358-97-1063,05/08/2023,8:17:00 pm,R. Harmer,Male,78,Asian,Orthopedics,Not Admission,,20
852-35-5271,05/08/2023,12:00:00 pm,P. Behagg,Male,36,African American,Orthopedics,Admission,3,34
361-13-2097,05/08/2023,6:47:00 pm,M. Sterte,Female,75,Two or More Races,None,Not Admission,,58
734-20-1346,05/08/2023,10:10:00 am,M. Gorton,Female,37,Two or More Races,General Practice,Not Admission,5,10
386-71-7116,05/08/2023,11:32:00 am,F. Meere,Female,15,Pacific Islander,General Practice,Admission,,57
839-14-7913,05/08/2023,6:58:00 pm,K. Liddiard,Male,53,Two or More Races,Orthopedics,Admission,7,35
284-76-1097,05/08/2023,7:28:00 am,F. Garretts,Male,76,White,None,Not Admission,,39
806-40-9445,05/08/2023,4:36:00 am,X. Nias,Male,70,African American,Cardiology,Not Admission,,55
193-65-5672,05/08/2023,8:53:00 am,Q. Clowes,Female,70,African American,General Practice,Not Admission,,48
880-76-5052,05/08/2023,10:32:00 pm,H. Gaffon,Male,41,African American,None,Admission,,28
156-93-3447,05/08/2023,5:52:00 am,I. Shakespear,Female,5,Asian,Physiotherapy,Admission,6,23
860-54-9346,05/08/2023,3:24:00 pm,S. Erasmus,Female,39,African American,None,Not Admission,10,54
662-63-9509,05/07/2024,3:10:00 pm,S. Noirel,Male,34,African American,None,Admission,,28
673-15-3561,05/07/2024,2:26:00 pm,D. Stuckow,Male,15,White,None,Not Admission,,22
877-34-4992,05/07/2024,6:41:00 pm,I. Guidotti,Male,17,White,None,Admission,,15
291-11-3500,05/07/2024,1:54:00 am,O. Caskey,Female,18,White,None,Admission,,41
739-96-9502,05/07/2024,6:32:00 pm,I. Helks,Female,6,Asian,None,Not Admission,9,52
662-15-5096,05/07/2024,7:26:00 pm,K. Alvaro,Female,12,Two or More Races,None,Admission,,55
727-20-6876,05/07/2024,7:56:00 pm,O. Glaum,Female,75,Two or More Races,None,Admission,,12
238-61-7262,05/07/2024,7:30:00 pm,M. Bennedsen,Female,6,African American,General Practice,Admission,6,17
808-40-7844,05/07/2024,7:54:00 pm,S. Champniss,Female,2,Two or More Races,General Practice,Admission,10,26
744-75-4100,05/07/2024,2:15:00 am,E. Brumbie,Male,25,White,General Practice,Not Admission,,11
457-31-6371,05/07/2024,5:29:00 pm,M. Charlot,Female,55,Two or More Races,None,Not Admission,,36
748-29-8054,05/07/2024,12:36:00 am,C. Wollers,Female,29,African American,Orthopedics,Not Admission,7,55
275-99-2473,05/07/2024,1:24:00 am,X. Burgett,Female,39,White,General Practice,Not Admission,,59
245-30-5810,05/07/2024,8:43:00 am,Q. Dods,Male,19,Declined to Identify,None,Admission,,14
457-30-9862,05/07/2024,1:38:00 am,B. Larver,Male,13,Declined to Identify,Physiotherapy,Admission,,14
464-29-2369,05/07/2023,6:43:00 am,O. Mettrick,Female,29,African American,General Practice,Admission,,56
452-78-5855,05/07/2023,1:48:00 am,N. Ayllett,Male,74,White,None,Not Admission,,28
781-45-2775,05/07/2023,8:02:00 pm,F. Farrin,Male,24,White,None,Not Admission,,20
601-35-8375,05/07/2023,5:38:00 pm,G. Autrie,Male,42,White,None,Admission,,16
209-66-6033,05/07/2023,12:30:00 pm,I. D'Alessandro,Male,50,White,None,Admission,2,15
394-92-4663,05/07/2023,2:00:00 pm,E. Brawley,Female,39,Native American/Alaska Native,None,Not Admission,,19
189-58-3826,05/07/2023,3:07:00 pm,G. Alekseev,Male,78,White,None,Admission,2,10
215-53-0351,05/07/2023,6:56:00 pm,R. Schust,Female,55,White,None,Not Admission,,32
336-21-6476,05/06/2024,9:24:00 pm,L. Benduhn,Male,8,White,None,Not Admission,0,35
437-85-8690,05/06/2024,5:24:00 am,M. Cyseley,Male,40,Two or More Races,None,Not Admission,,19
122-98-5232,05/06/2024,11:07:00 pm,C. Lambis,Female,11,White,General Practice,Admission,,39
500-68-7748,05/06/2024,10:22:00 pm,M. Elmhirst,Male,5,White,General Practice,Admission,,25
534-52-3938,05/06/2024,6:50:00 pm,J. Felmingham,Male,34,Two or More Races,None,Not Admission,6,41
832-94-2573,05/06/2024,11:31:00 pm,Q. Pursey,Male,57,Asian,General Practice,Admission,,18
267-18-2904,05/06/2024,7:47:00 am,U. Bachelor,Female,51,Asian,None,Admission,,26
631-83-4544,05/06/2024,11:41:00 am,G. Beardsdale,Female,49,White,None,Admission,3,41
241-64-7642,05/06/2024,5:54:00 pm,A. Danielovitch,Male,40,African American,Orthopedics,Admission,3,40
876-70-2288,05/06/2024,10:39:00 am,G. Sallery,Female,3,African American,Gastroenterology,Admission,7,31
812-01-1280,05/06/2024,9:22:00 pm,J. Gon,Male,33,Two or More Races,None,Not Admission,,19
796-21-1372,05/06/2024,6:12:00 am,Q. Keddie,Male,31,African American,None,Admission,7,58
438-20-6869,05/06/2024,1:29:00 am,C. Pepin,Female,18,Asian,None,Not Admission,3,15
245-50-6682,05/06/2024,8:56:00 pm,T. Mityukov,Female,39,African American,None,Admission,6,57
528-14-9097,05/06/2023,5:03:00 am,Y. Minchinden,Female,9,White,Orthopedics,Not Admission,,49
763-87-4222,05/06/2023,12:44:00 pm,C. Gabbitas,Female,73,African American,Orthopedics,Not Admission,8,11
738-79-3665,05/06/2023,2:18:00 pm,X. Snape,Female,68,Native American/Alaska Native,None,Not Admission,,23
141-03-4367,05/06/2023,1:35:00 pm,R. Brewster,Male,9,African American,None,Admission,,49
741-90-5657,05/06/2023,3:05:00 pm,O. Adamovitch,Female,46,Two or More Races,None,Not Admission,,13
296-05-6177,05/06/2023,12:27:00 am,H. Aylesbury,Male,11,Two or More Races,None,Not Admission,5,36
412-01-5770,05/06/2023,12:51:00 am,Z. Dummett,Female,48,Pacific Islander,Gastroenterology,Admission,,41
313-04-2804,05/06/2023,12:03:00 pm,Q. Count,Female,67,White,None,Admission,,51
860-61-6074,05/06/2023,6:45:00 pm,W. Brickstock,Female,72,White,General Practice,Not Admission,,25
414-06-4445,05/06/2023,2:57:00 am,E. Detoc,Female,19,White,Orthopedics,Admission,,41
284-29-3382,05/06/2023,7:33:00 pm,J. Drew-Clifton,Male,25,Two or More Races,None,Admission,1,35
145-40-1045,05/06/2023,1:19:00 pm,V. Prangle,Female,12,African American,Cardiology,Admission,,44
264-22-2247,05/06/2023,10:10:00 am,O. Gorhardt,Female,14,Two or More Races,General Practice,Not Admission,8,12
270-22-3564,05/06/2023,5:07:00 am,V. Swindall,Female,21,Declined to Identify,None,Admission,4,26
630-12-4865,05/06/2023,2:00:00 am,J. Biggin,Female,27,White,None,Admission,,37
829-50-2356,05/06/2023,4:11:00 am,F. Fearne,Female,46,Asian,None,Admission,,30
790-45-7947,05/06/2023,12:40:00 pm,E. Wakelam,Male,22,Native American/Alaska Native,None,Admission,,37
526-03-2526,05/06/2023,2:56:00 am,V. Yarr,Male,54,African American,None,Not Admission,0,59
716-80-7186,05/05/2024,5:26:00 am,S. Venners,Male,29,African American,None,Not Admission,,60
190-02-7429,05/05/2024,8:55:00 pm,X. Semrad,Male,30,White,Physiotherapy,Not Admission,,27
425-31-8542,05/05/2024,9:48:00 pm,K. Louedey,Male,72,African American,None,Not Admission,,39
770-08-4969,05/05/2024,8:57:00 am,N. Bidewell,Male,77,White,Orthopedics,Not Admission,,26
756-52-5494,05/05/2024,11:28:00 am,T. Whetson,Male,9,Declined to Identify,None,Not Admission,,24
687-36-3981,05/05/2024,11:39:00 pm,V. Biesty,Female,24,Asian,None,Not Admission,,11
330-18-1664,05/05/2024,5:05:00 pm,Z. Zanni,Female,2,Native American/Alaska Native,None,Not Admission,,48
482-47-8887,05/05/2024,7:56:00 am,C. Fibbit,Female,23,African American,Orthopedics,Admission,3,58
388-20-5957,05/05/2024,3:45:00 pm,F. Kirkman,Male,1,Asian,None,Admission,,43
605-22-9708,05/05/2024,2:12:00 pm,R. Mackilpatrick,Female,1,Declined to Identify,General Practice,Not Admission,,35
142-27-8439,05/05/2024,2:23:00 pm,E. Braam,Female,4,White,Orthopedics,Not Admission,5,24
625-37-2390,05/05/2023,3:50:00 pm,D. Moorcraft,Female,60,White,None,Not Admission,2,18
642-51-0779,05/05/2023,4:10:00 am,S. Farthing,Male,37,African American,None,Admission,,57
895-36-1172,05/05/2023,5:25:00 am,S. Lernihan,Female,26,White,None,Admission,,11
235-51-3074,05/05/2023,7:46:00 pm,E. Woollons,Female,6,Pacific Islander,None,Not Admission,,14
257-54-0881,05/05/2023,7:12:00 pm,T. Kinane,Female,40,Native American/Alaska Native,None,Admission,,32
731-53-2021,05/05/2023,7:19:00 pm,B. Shah,Male,13,White,None,Admission,3,20
578-76-6120,05/05/2023,5:32:00 am,I. Cissell,Male,51,Asian,General Practice,Admission,9,48
676-76-4936,05/05/2023,9:05:00 am,N. Spino,Female,3,African American,Gastroenterology,Admission,,43
605-75-8255,05/05/2023,12:58:00 pm,E. Fernez,Female,38,White,Neurology,Not Admission,,52
426-96-0135,05/05/2023,10:52:00 pm,V. Merrilees,Female,14,Pacific Islander,Orthopedics,Admission,,60
618-62-6094,05/05/2023,1:49:00 am,B. Shrigley,Male,27,Pacific Islander,Neurology,Not Admission,,24
694-42-3578,05/05/2023,11:35:00 am,O. Gullberg,Female,56,White,General Practice,Not Admission,,24
176-93-9459,05/05/2023,1:59:00 pm,E. Portugal,Male,54,Two or More Races,Orthopedics,Not Admission,,29
688-36-6207,05/05/2023,5:48:00 am,A. Biggadyke,Female,23,Declined to Identify,None,Not Admission,,30
514-16-0437,05/05/2023,6:02:00 pm,O. Wiggin,Male,36,White,Orthopedics,Admission,,59
676-15-6485,05/05/2023,9:34:00 am,N. Cino,Female,62,Pacific Islander,None,Not Admission,8,26
417-52-5675,05/05/2023,9:40:00 pm,U. Kennelly,Male,26,African American,Physiotherapy,Admission,,48
716-21-5059,05/05/2023,12:52:00 am,F. Dosdale,Female,42,Native American/Alaska Native,General Practice,Not Admission,,11
391-08-8014,05/04/2024,11:56:00 am,W. Brownsall,Female,17,Two or More Races,None,Admission,,15
736-20-4728,05/04/2024,9:47:00 pm,L. Danielsson,Female,78,Native American/Alaska Native,Orthopedics,Not Admission,7,54
675-75-5119,05/04/2024,11:06:00 pm,D. Dan,Female,16,White,None,Admission,4,17
465-84-4385,05/04/2024,5:53:00 am,T. Winfield,Female,18,White,None,Not Admission,2,44
156-47-1692,05/04/2024,7:12:00 am,G. Branton,Female,33,Declined to Identify,None,Not Admission,,47
170-53-5117,05/04/2024,2:26:00 pm,O. Wenzel,Male,2,White,None,Not Admission,2,34
589-31-7830,05/04/2024,4:36:00 pm,Z. Llewellyn,Female,69,Declined to Identify,None,Not Admission,,32
195-28-0276,05/04/2024,3:28:00 am,C. Bulle,Male,77,Asian,Orthopedics,Not Admission,2,19
356-46-2421,05/04/2024,1:41:00 pm,J. Choake,Female,25,Pacific Islander,None,Admission,,30
117-58-1255,05/04/2024,12:06:00 pm,S. Jossel,Female,75,Two or More Races,General Practice,Not Admission,,53
549-67-9921,05/04/2024,8:24:00 am,X. Hewson,Female,5,African American,None,Admission,,49
405-99-5576,05/04/2024,11:29:00 am,S. Lowre,Male,20,White,None,Not Admission,,17
858-06-1882,05/04/2024,10:11:00 am,N. Hoggan,Female,79,White,Neurology,Not Admission,,23
763-23-4635,05/04/2024,6:13:00 pm,Q. Occleshaw,Male,5,White,General Practice,Not Admission,,19
241-69-1762,05/04/2024,4:41:00 pm,M. Perel,Female,33,Two or More Races,None,Not Admission,,24
254-67-7783,05/04/2023,6:19:00 pm,T. Gatherell,Female,76,Asian,General Practice,Not Admission,,54
377-59-2511,05/04/2023,6:33:00 am,H. Topling,Female,4,White,None,Admission,,22
792-70-4015,05/04/2023,6:06:00 pm,M. Robinett,Male,64,White,None,Admission,,28
513-78-9014,05/04/2023,4:47:00 pm,Y. Clapshaw,Male,5,White,Orthopedics,Admission,7,56
636-89-0732,05/04/2023,2:45:00 pm,C. Brimacombe,Male,4,African American,None,Not Admission,9,34
191-20-3872,05/04/2023,4:31:00 pm,G. Rabjohn,Male,49,Declined to Identify,None,Admission,,13
753-69-2921,05/04/2023,3:08:00 pm,T. McInerney,Male,76,Pacific Islander,General Practice,Not Admission,,27
291-27-7983,05/04/2023,6:58:00 pm,L. Pittman,Male,27,Asian,None,Not Admission,4,49
856-07-9802,05/04/2023,5:43:00 am,P. Flukes,Female,23,White,Gastroenterology,Not Admission,,34
587-82-5849,05/04/2023,10:19:00 pm,G. Bierling,Male,2,Two or More Races,General Practice,Admission,0,44
370-15-0510,05/04/2023,9:04:00 am,G. Orniz,Male,23,White,None,Admission,0,26
501-69-9067,05/04/2023,5:51:00 pm,M. Davidoff,Male,7,Asian,General Practice,Not Admission,,42
777-08-7046,05/04/2023,4:31:00 am,J. Follan,Male,15,White,None,Admission,,55
746-88-5176,05/04/2023,4:56:00 pm,V. Carncross,Male,48,African American,None,Not Admission,,45
246-59-3959,05/04/2023,12:41:00 pm,R. Pierce,Male,8,Native American/Alaska Native,None,Admission,,30
592-07-8966,05/04/2023,3:11:00 am,K. Antonietti,Female,7,African American,None,Admission,,39
634-36-6673,05/04/2023,6:31:00 pm,Q. O'Hegertie,Female,61,White,Orthopedics,Not Admission,9,18
438-98-4639,05/04/2023,6:25:00 am,T. Pawfoot,Female,26,African American,None,Not Admission,10,46
530-81-5765,05/04/2023,9:58:00 pm,D. Labadini,Male,10,Native American/Alaska Native,None,Admission,,17
493-60-9445,05/03/2024,4:35:00 pm,C. Gallear,Female,26,White,None,Admission,,28
675-04-6457,05/03/2024,2:04:00 pm,V. Izod,Male,51,White,None,Admission,,20
119-60-4337,05/03/2024,9:27:00 pm,D. Tenaunt,Female,30,Pacific Islander,General Practice,Admission,,57
502-59-6868,05/03/2024,12:04:00 am,E. Thorold,Male,55,Asian,None,Admission,,17
683-46-5079,05/03/2024,2:01:00 pm,B. Gostridge,Male,47,Declined to Identify,General Practice,Not Admission,,45
140-14-3156,05/03/2024,4:54:00 am,Q. Sweedland,Male,10,Asian,Orthopedics,Not Admission,4,57
741-16-1016,05/03/2024,11:34:00 am,S. Fendley,Male,47,African American,None,Admission,,33
357-79-8153,05/03/2024,11:52:00 pm,Z. Gabbatt,Female,2,Native American/Alaska Native,General Practice,Admission,,29
895-94-4857,05/03/2024,5:30:00 pm,X. Peplow,Female,21,Two or More Races,None,Not Admission,,33
336-91-3757,05/03/2024,9:35:00 am,Y. Brandassi,Male,9,Pacific Islander,Neurology,Admission,6,40
723-85-9208,05/03/2024,11:30:00 am,C. Doornbos,Male,11,African American,None,Admission,,14
363-91-7135,05/03/2024,6:49:00 pm,N. Dugan,Female,51,White,None,Not Admission,,11
453-39-5194,05/03/2024,4:53:00 pm,B. Daughtry,Male,19,White,None,Admission,,13
800-24-4809,05/03/2024,2:54:00 pm,R. Artist,Female,38,African American,None,Admission,,45
856-96-4267,05/02/2024,7:41:00 am,B. Ashpital,Female,32,Declined to Identify,Cardiology,Not Admission,1,11
822-88-4417,05/02/2024,1:40:00 am,E. Bertenshaw,Male,33,Two or More Races,Orthopedics,Admission,,35
890-09-5805,05/02/2024,7:22:00 pm,D. Linkie,Female,8,African American,None,Admission,,32
770-69-8526,05/02/2024,10:24:00 am,X. Helis,Female,9,Asian,Cardiology,Not Admission,3,49
250-66-4495,05/02/2024,5:34:00 pm,V. Nabbs,Female,38,African American,Neurology,Admission,2,38
554-45-2268,05/02/2024,4:46:00 pm,Q. Manoelli,Male,71,White,Orthopedics,Admission,,47
730-82-2040,05/02/2024,7:18:00 pm,T. Becconsall,Male,70,Two or More Races,General Practice,Not Admission,,28
858-73-2347,05/02/2024,8:21:00 am,W. Goodley,Female,1,African American,None,Not Admission,,56
315-55-1344,05/02/2024,3:57:00 am,V. Kyte,Male,46,African American,None,Not Admission,,36
293-41-9295,05/02/2024,1:42:00 pm,H. Vogt,Female,3,White,None,Not Admission,7,26
463-10-9391,05/02/2024,10:53:00 am,Q. MacKellar,Female,40,African American,None,Not Admission,0,50
356-76-1028,05/02/2024,7:12:00 am,V. O'Hagerty,Male,12,African American,Physiotherapy,Admission,0,45
784-71-5298,05/02/2024,11:03:00 am,V. Clapston,Female,79,White,None,Admission,,46
231-60-4242,05/02/2024,6:51:00 pm,G. Sapshed,Male,53,African American,Orthopedics,Admission,,37
278-96-4501,05/02/2024,9:59:00 pm,U. Djokic,Male,33,White,None,Not Admission,9,39
120-15-2623,05/02/2024,12:06:00 pm,B. Subhan,Male,48,Asian,Orthopedics,Not Admission,,42
377-04-9725,05/02/2024,11:25:00 am,U. Jeens,Male,10,Native American/Alaska Native,None,Not Admission,,44
717-55-4547,05/02/2024,3:53:00 pm,H. Abelwhite,Female,3,Declined to Identify,General Practice,Admission,,42
625-15-3474,05/02/2024,8:54:00 am,Z. Kittles,Male,11,Two or More Races,General Practice,Not Admission,,32
750-23-6816,05/12/2023,4:01:00 pm,O. Knocker,Female,11,African American,General Practice,Admission,5,54
136-09-9416,05/12/2023,3:08:00 am,X. Ivanichev,Male,29,White,None,Not Admission,,38
714-30-8768,05/12/2023,3:38:00 pm,V. Jansa,Female,4,Two or More Races,General Practice,Admission,,51
511-35-0901,05/12/2023,4:13:00 pm,S. Dinan,Male,63,Declined to Identify,Neurology,Admission,1,57
749-04-9739,05/12/2023,8:28:00 am,G. McEvoy,Female,61,Asian,General Practice,Not Admission,5,22
625-89-1102,05/12/2023,9:11:00 am,J. Oehme,Female,18,White,None,Not Admission,,51
898-70-4805,05/12/2023,4:56:00 pm,W. Sturridge,Female,27,White,None,Not Admission,4,56
457-08-7699,05/12/2023,1:33:00 am,N. Shills,Female,32,Asian,General Practice,Admission,,39
597-69-6388,05/12/2023,9:59:00 pm,U. Madner,Male,53,White,General Practice,Not Admission,,15
633-24-7176,05/12/2023,12:08:00 am,S. Almon,Male,57,Two or More Races,General Practice,Not Admission,,28
743-50-8009,05/12/2023,1:28:00 pm,B. Wheeliker,Female,9,African American,None,Not Admission,1,29
375-90-1345,05/12/2023,12:19:00 pm,E. Ibert,Female,71,White,None,Not Admission,,44
451-55-6363,05/12/2023,7:15:00 pm,U. McEachern,Female,50,White,General Practice,Admission,0,53
357-14-1841,05/12/2023,5:29:00 pm,U. Binnall,Female,72,Declined to Identify,None,Not Admission,3,48
394-88-7661,05/12/2023,3:02:00 am,X. Thornborrow,Female,79,African American,None,Admission,4,13
418-42-2687,05/12/2023,1:52:00 am,E. Yendall,Female,62,Asian,General Practice,Admission,,45
698-81-4550,05/11/2023,9:50:00 am,D. Kleanthous,Female,41,Pacific Islander,None,Not Admission,,21
781-73-2733,05/11/2023,7:18:00 am,E. Edgcombe,Female,65,White,None,Not Admission,2,49
583-55-9151,05/11/2023,11:20:00 am,B. Jacquemet,Male,27,White,None,Not Admission,1,38
193-35-5764,05/11/2023,11:01:00 pm,I. Searle,Female,49,Asian,None,Not Admission,,31
858-25-8911,05/11/2023,2:15:00 pm,V. Wedon,Male,50,Asian,General Practice,Admission,,19
299-46-0910,05/11/2023,2:36:00 am,Y. Youtead,Female,50,White,None,Admission,4,57
323-53-4902,05/11/2023,9:30:00 pm,L. Le Conte,Male,71,Asian,None,Not Admission,,58
670-79-1251,05/11/2023,12:43:00 am,N. Gregolotti,Male,60,White,Physiotherapy,Not Admission,,14
541-90-8828,05/11/2023,2:50:00 pm,P. Stoop,Male,44,African American,None,Not Admission,0,27
509-22-5012,05/11/2023,6:35:00 am,P. Aggis,Female,15,White,General Practice,Not Admission,2,43
191-56-2516,05/11/2023,6:08:00 pm,E. Conneau,Male,19,Native American/Alaska Native,None,Admission,,30
797-10-9836,05/11/2023,1:14:00 pm,X. Greatland,Male,42,Asian,None,Admission,1,14
241-87-1317,05/11/2023,2:48:00 pm,I. Tumasian,Male,6,Asian,None,Not Admission,,11
768-98-4894,05/11/2023,9:45:00 am,U. McLarty,Female,61,White,General Practice,Not Admission,7,52
709-58-4115,05/11/2023,6:26:00 am,G. Freak,Female,2,Declined to Identify,General Practice,Admission,,19
621-92-0440,05/11/2023,6:08:00 pm,N. Weall,Female,15,White,None,Not Admission,,45
671-25-1372,05/11/2023,7:37:00 am,X. Lednor,Male,70,White,None,Admission,,36
557-22-1939,05/10/2024,7:15:00 pm,J. Derricoat,Female,7,Declined to Identify,Physiotherapy,Not Admission,,37
251-76-8762,05/10/2024,7:43:00 pm,I. Cran,Female,67,Declined to Identify,None,Admission,,32
689-07-9836,05/10/2024,2:28:00 am,A. Latek,Male,25,African American,None,Not Admission,2,12
729-35-9748,05/10/2024,2:35:00 pm,E. McCanny,Female,45,White,Orthopedics,Admission,,44
198-65-1159,05/10/2024,10:32:00 am,Z. Crake,Male,24,African American,None,Admission,8,10
608-99-9818,05/10/2024,11:08:00 pm,X. Olney,Male,41,Pacific Islander,General Practice,Not Admission,,50
537-41-2556,05/10/2024,11:12:00 am,U. MacLeod,Female,40,White,General Practice,Admission,4,40
437-45-4896,05/10/2024,5:57:00 pm,W. Bockh,Female,56,Native American/Alaska Native,None,Not Admission,,15
107-94-1465,05/10/2024,6:48:00 pm,A. Flintoft,Female,65,Asian,Physiotherapy,Admission,0,11
207-92-4947,05/10/2024,12:34:00 am,I. Dinnage,Male,23,African American,General Practice,Admission,,11
176-56-4968,05/10/2024,11:20:00 am,Y. Mulvagh,Female,26,White,None,Admission,,21
744-05-3065,05/10/2023,6:56:00 am,S. Feldstein,Male,18,Asian,Cardiology,Admission,,11
720-19-1669,05/10/2023,2:44:00 am,N. Perrington,Male,26,Asian,None,Not Admission,,36
539-64-9567,05/10/2023,9:27:00 am,S. Zimmer,Male,51,African American,None,Not Admission,,55
304-98-5113,05/10/2023,4:34:00 pm,H. Magwood,Female,65,African American,None,Not Admission,,16
635-34-2598,05/10/2023,5:50:00 pm,R. Duckham,Female,40,African American,None,Admission,,19
649-17-7342,05/10/2023,4:08:00 am,D. Klossmann,Male,13,African American,General Practice,Not Admission,,42
608-50-7377,05/10/2023,8:07:00 am,S. Adnam,Female,73,White,General Practice,Not Admission,,12
714-02-5849,05/10/2023,7:26:00 am,H. Steinhammer,Female,25,White,Cardiology,Not Admission,6,38
293-25-8403,05/10/2023,5:47:00 pm,W. Renn,Male,25,Two or More Races,Orthopedics,Admission,,49
447-48-2336,05/10/2023,4:36:00 am,P. Girk,Female,56,Pacific Islander,Orthopedics,Admission,,20
348-11-5757,05/10/2023,11:28:00 am,L. Gregs,Male,50,Two or More Races,General Practice,Admission,2,50
317-09-5665,05/10/2023,5:02:00 pm,O. Tourot,Male,34,Declined to Identify,None,Admission,,23
554-11-3057,05/10/2023,2:31:00 pm,V. Robel,Male,45,African American,None,Admission,,48
798-22-8341,05/10/2023,7:24:00 am,H. Weerdenburg,Female,18,White,General Practice,Not Admission,8,12
206-01-6874,05/10/2023,10:01:00 pm,A. Ilyinykh,Male,37,Two or More Races,None,Not Admission,,31
753-19-0778,05/10/2023,11:56:00 pm,T. Spaducci,Male,12,Pacific Islander,None,Not Admission,,11
311-91-8434,05/10/2023,9:31:00 am,V. Kinzel,Male,39,White,None,Not Admission,,20
892-94-9106,05/10/2023,10:58:00 pm,Q. Softley,Female,79,Two or More Races,None,Not Admission,,33
564-82-4273,05/10/2023,6:59:00 am,H. Neller,Female,26,Two or More Races,Gastroenterology,Admission,,29
304-65-0090,05/01/2024,11:08:00 pm,M. Caddens,Male,57,White,Cardiology,Admission,7,17
634-94-1438,05/01/2024,10:58:00 pm,P. Baudichon,Male,27,Two or More Races,Orthopedics,Admission,,49
307-33-2596,05/01/2024,5:58:00 am,T. Trenfield,Female,54,African American,None,Not Admission,,55
456-18-0227,05/01/2024,11:42:00 pm,O. Farryan,Male,8,Pacific Islander,None,Admission,,56
112-20-6496,05/01/2024,4:14:00 am,N. Spehr,Male,16,Native American/Alaska Native,None,Not Admission,,20
374-08-6811,05/01/2024,8:36:00 pm,Y. Broadis,Male,9,Declined to Identify,Orthopedics,Not Admission,8,30
223-51-4016,05/01/2024,6:28:00 pm,Y. O'Dennehy,Female,24,Native American/Alaska Native,Gastroenterology,Not Admission,,27
589-50-5696,05/01/2024,8:18:00 pm,D. Hele,Male,56,Declined to Identify,None,Admission,,47
828-58-5766,05/01/2024,12:04:00 am,O. Brockie,Female,30,White,General Practice,Not Admission,,29
223-48-3317,05/01/2024,2:14:00 pm,D. Zeplin,Female,12,Asian,None,Not Admission,,15
829-08-9408,05/01/2024,11:12:00 am,N. Cranmor,Female,20,African American,None,Not Admission,,16
840-11-5082,05/01/2024,7:14:00 pm,L. Wyburn,Female,9,Two or More Races,General Practice,Admission,10,28
528-41-4373,05/01/2024,9:12:00 am,Z. Corcut,Female,51,Declined to Identify,General Practice,Not Admission,,16
742-21-9416,05/01/2024,6:12:00 am,K. Scapelhorn,Male,71,Two or More Races,None,Not Admission,,34
248-68-6775,05/01/2024,1:44:00 am,W. Matlock,Male,37,White,General Practice,Admission,6,14
688-41-9049,05/01/2024,10:14:00 pm,Q. Westwell,Male,17,Two or More Races,None,Admission,,48
702-35-3828,05/01/2024,8:58:00 am,N. Slainey,Female,79,African American,None,Admission,,17
853-29-4524,05/01/2024,1:46:00 am,M. Giraux,Female,76,African American,None,Admission,,21
664-79-4058,05/01/2024,5:20:00 pm,R. Rosenbarg,Female,13,Pacific Islander,None,Not Admission,,44
179-02-0347,04/09/2024,3:15:00 pm,M. Jime,Female,35,Pacific Islander,None,Not Admission,,21
743-80-6642,04/09/2024,7:59:00 pm,D. McMichael,Female,47,Asian,None,Admission,7,32
598-53-3927,04/09/2024,2:30:00 am,S. Noads,Female,68,African American,None,Not Admission,,58
435-71-5591,04/09/2024,5:52:00 am,G. Strowthers,Male,17,African American,None,Admission,,46
393-09-9749,04/09/2024,10:00:00 pm,N. Peasgood,Male,26,Native American/Alaska Native,Cardiology,Admission,,35
627-37-4516,04/09/2024,7:52:00 am,R. Jersh,Female,68,African American,None,Not Admission,5,42
582-37-9549,04/09/2024,10:28:00 am,G. Atwool,Male,76,African American,Physiotherapy,Admission,2,42
306-57-7978,04/09/2024,5:58:00 am,J. Burston,Male,62,Pacific Islander,General Practice,Not Admission,,28
158-18-8065,04/09/2024,1:50:00 pm,N. Reboul,Female,15,Asian,None,Admission,,11
182-69-5382,04/09/2024,2:17:00 am,F. Lott,Male,21,Two or More Races,Orthopedics,Admission,,12
289-26-0537,04/09/2024,5:48:00 pm,Y. Gionettitti,Male,5,African American,Orthopedics,Not Admission,,10
543-16-9545,04/09/2024,12:51:00 pm,G. Gurdon,Female,62,White,General Practice,Admission,7,39
107-37-1769,04/09/2024,6:07:00 am,H. Correa,Female,66,Declined to Identify,Physiotherapy,Not Admission,,40
203-52-4607,04/09/2024,4:56:00 pm,T. Dunckley,Female,17,Two or More Races,None,Admission,,43
860-43-2537,04/09/2024,6:27:00 am,D. Wessel,Male,31,Declined to Identify,Orthopedics,Admission,,19
670-31-8033,04/09/2024,2:41:00 am,V. Crowch,Male,79,Asian,None,Not Admission,7,34
342-05-6538,04/09/2023,5:25:00 am,P. Clandillon,Female,66,White,None,Not Admission,9,33
471-83-4980,04/09/2023,12:21:00 am,Z. Lomax,Male,53,African American,None,Admission,2,37
854-85-3729,04/09/2023,6:42:00 pm,A. Drinnan,Female,78,Two or More Races,General Practice,Admission,,17
796-02-2960,04/09/2023,11:18:00 am,C. Gwatkins,Female,55,Asian,None,Not Admission,,21
458-99-9074,04/09/2023,12:46:00 am,A. McGaughay,Female,2,White,Orthopedics,Admission,,17
704-78-7583,04/09/2023,5:41:00 pm,J. Chasen,Male,13,White,None,Admission,,12
421-67-9625,04/09/2023,7:33:00 pm,C. Edwins,Male,24,Declined to Identify,Orthopedics,Not Admission,,40
728-31-2493,04/09/2023,4:15:00 pm,W. Chittock,Female,70,Asian,Physiotherapy,Admission,,50
148-63-5704,04/09/2023,2:43:00 am,Y. Olden,Male,31,Pacific Islander,None,Not Admission,,60
284-29-1399,04/09/2023,4:31:00 pm,C. O'Cannon,Male,13,Pacific Islander,Neurology,Not Admission,,31
629-92-2831,04/09/2023,3:50:00 am,U. Bedrosian,Male,48,Declined to Identify,General Practice,Admission,9,52
214-90-6360,04/09/2023,1:12:00 pm,Q. Bouskill,Female,71,African American,None,Admission,,27
840-82-9693,04/09/2023,9:34:00 am,Q. Rubberts,Male,78,Declined to Identify,None,Not Admission,,52
875-56-5328,04/09/2023,6:23:00 pm,X. Tetla,Male,39,Asian,None,Admission,9,17
309-54-6523,04/09/2023,12:58:00 am,K. Elloit,Female,59,Asian,None,Not Admission,,45
398-53-4396,04/08/2024,7:52:00 pm,E. Dunsford,Male,28,Native American/Alaska Native,Orthopedics,Not Admission,0,40
492-42-7103,04/08/2024,11:45:00 pm,M. Kindle,Female,52,African American,None,Admission,,46
171-97-5054,04/08/2024,10:30:00 pm,G. MacCosto,Female,46,Two or More Races,Orthopedics,Not Admission,9,30
591-38-7538,04/08/2024,11:58:00 am,S. Alejo,Male,51,African American,General Practice,Admission,,59
539-91-6495,04/08/2024,4:23:00 am,Y. Kubat,Female,6,Two or More Races,None,Not Admission,,46
784-07-5849,04/08/2024,8:04:00 pm,R. Pezey,Female,11,Declined to Identify,None,Admission,,38
378-54-6356,04/08/2024,6:39:00 am,J. Piggen,Female,69,African American,None,Not Admission,,44
768-83-3336,04/08/2024,3:23:00 am,C. Milley,Male,12,African American,None,Admission,,37
500-08-6428,04/08/2024,6:22:00 am,A. Trevan,Male,4,African American,Physiotherapy,Admission,,27
421-47-5088,04/08/2024,8:13:00 pm,I. Spelman,Male,45,African American,None,Not Admission,,60
806-36-0588,04/08/2024,12:33:00 am,R. Faulks,Male,78,Native American/Alaska Native,None,Not Admission,,43
477-35-3889,04/08/2024,8:10:00 pm,Y. Ticic,Female,15,African American,General Practice,Admission,,31
837-47-2662,04/08/2024,9:27:00 am,S. Colwell,Female,27,White,None,Not Admission,,42
278-69-7509,04/08/2024,3:19:00 pm,X. Whitters,Female,53,White,None,Not Admission,,53
481-42-7852,04/08/2024,11:22:00 pm,M. Tibbles,Male,64,White,None,Admission,,34
101-60-5189,04/08/2024,4:53:00 pm,G. Georger,Female,45,White,None,Not Admission,,43
667-52-8382,04/08/2024,9:56:00 am,B. Georgel,Male,39,African American,General Practice,Admission,,55
857-69-5508,04/08/2023,1:24:00 am,Z. Tiffney,Male,15,Two or More Races,None,Not Admission,7,55
746-61-3889,04/08/2023,6:05:00 am,R. Wince,Female,48,African American,None,Not Admission,,28
722-95-5362,04/08/2023,1:09:00 am,Q. Ghirardi,Male,45,Two or More Races,General Practice,Not Admission,1,43
132-54-3477,04/08/2023,2:21:00 am,H. Coward,Male,23,Asian,None,Admission,,59
240-91-0423,04/08/2023,5:28:00 am,N. Hitschke,Male,14,Pacific Islander,None,Not Admission,,20
735-56-2510,04/08/2023,11:55:00 am,V. Guiton,Male,9,White,General Practice,Not Admission,,39
579-48-1437,04/08/2023,10:45:00 pm,L. Castells,Female,9,White,None,Not Admission,,60
838-72-7699,04/08/2023,10:18:00 pm,O. Burleigh,Female,49,White,None,Admission,,21
489-02-8869,04/08/2023,2:24:00 am,M. Samme,Male,62,African American,None,Not Admission,,34
108-47-3243,04/08/2023,7:45:00 pm,Q. Geikie,Male,32,Two or More Races,None,Admission,,25
358-68-5495,04/08/2023,10:18:00 pm,E. Mildmott,Male,67,Two or More Races,None,Admission,,16
467-44-4359,04/08/2023,1:54:00 am,Q. Gartside,Male,40,African American,Orthopedics,Admission,6,28
841-99-0123,04/07/2024,4:11:00 am,V. Marzellano,Male,17,African American,None,Admission,,46
574-48-5950,04/07/2024,6:25:00 am,Z. Trace,Female,42,Asian,None,Not Admission,,46
381-25-6871,04/07/2024,1:46:00 pm,N. Happer,Female,41,Asian,Gastroenterology,Admission,,22
857-53-5483,04/07/2024,12:20:00 pm,F. Hutt,Male,30,Declined to Identify,None,Not Admission,4,30
477-25-6214,04/07/2024,1:30:00 am,D. Aronovich,Male,50,Asian,None,Admission,0,52
860-64-5355,04/07/2024,10:15:00 pm,N. Aird,Female,18,White,None,Not Admission,,27
123-48-8041,04/07/2024,7:29:00 pm,M. Cyphus,Female,64,White,Gastroenterology,Not Admission,3,30
611-35-2228,04/07/2024,1:59:00 pm,N. Cashen,Female,38,African American,General Practice,Not Admission,1,33
680-15-3313,04/07/2024,5:28:00 pm,Y. Benallack,Female,62,Asian,None,Admission,,18
437-58-9705,04/07/2023,1:36:00 pm,U. Farmer,Male,25,White,None,Not Admission,,11
264-85-2192,04/07/2023,9:12:00 pm,F. Rashleigh,Female,50,African American,Orthopedics,Admission,,25
508-63-2073,04/07/2023,8:19:00 am,G. Lepere,Female,4,Declined to Identify,None,Admission,,58
586-38-7745,04/07/2023,1:40:00 pm,V. Couronne,Male,15,Asian,None,Not Admission,,49
793-17-1271,04/07/2023,3:01:00 am,B. McGlade,Female,51,White,None,Admission,,47
888-34-9278,04/07/2023,2:35:00 am,V. Sapwell,Female,49,Pacific Islander,None,Not Admission,,49
136-97-6005,04/07/2023,3:43:00 pm,C. Rattery,Male,64,African American,General Practice,Not Admission,,28
316-20-5225,04/07/2023,9:34:00 am,S. Spinetti,Male,74,Pacific Islander,None,Admission,1,59
462-57-0018,04/07/2023,4:24:00 pm,W. Welman,Female,39,White,None,Not Admission,,29
184-99-9736,04/07/2023,1:44:00 pm,D. Trownson,Male,35,Native American/Alaska Native,None,Not Admission,,30
537-53-0651,04/07/2023,1:24:00 pm,I. Whiteway,Female,26,African American,None,Not Admission,3,48
769-16-8734,04/07/2023,5:12:00 am,F. Miquelet,Female,53,African American,None,Not Admission,0,10
854-90-9500,04/07/2023,1:21:00 pm,Q. Wynrehame,Female,57,White,Physiotherapy,Admission,2,10
780-73-2206,04/07/2023,3:09:00 am,R. Cousins,Male,67,White,None,Not Admission,,56
531-98-0661,04/07/2023,3:59:00 pm,A. Punt,Male,52,Two or More Races,Orthopedics,Not Admission,4,13
616-24-0296,04/07/2023,11:59:00 pm,I. Roseman,Male,67,Asian,None,Not Admission,,24
632-40-8703,04/06/2024,4:29:00 am,F. Barensky,Male,37,Pacific Islander,None,Admission,,54
304-49-6840,04/06/2024,9:07:00 pm,J. O' Ronan,Male,20,African American,General Practice,Admission,6,21
777-39-8417,04/06/2024,4:24:00 am,N. Twinborough,Female,68,White,General Practice,Admission,3,24
498-09-2825,04/06/2024,11:48:00 pm,I. Watmore,Male,43,White,None,Admission,9,12
673-50-9490,04/06/2024,3:17:00 am,R. Clout,Female,13,Asian,Orthopedics,Admission,,28
459-17-1766,04/06/2024,6:57:00 am,G. Keepin,Male,52,Two or More Races,None,Admission,,60
797-42-0238,04/06/2024,11:32:00 pm,H. Kuhl,Female,21,Asian,General Practice,Admission,,13
895-41-3196,04/06/2024,10:09:00 pm,H. Mattersley,Male,74,Two or More Races,Cardiology,Admission,,44
477-94-3638,04/06/2024,5:27:00 pm,P. Salasar,Male,15,African American,None,Not Admission,,23
314-75-9545,04/06/2024,4:48:00 am,S. Langthorne,Male,72,African American,None,Admission,,44
800-04-2533,04/06/2024,1:33:00 am,I. Garralts,Female,59,White,None,Admission,,50
435-83-6917,04/06/2024,10:08:00 am,S. Nemchinov,Female,35,African American,None,Not Admission,,10
358-91-5396,04/06/2024,4:09:00 pm,V. Jerrold,Female,24,White,None,Admission,10,43
672-03-7924,04/06/2024,4:50:00 pm,T. Beazer,Female,26,White,None,Not Admission,1,19
246-69-5313,04/06/2024,3:02:00 am,O. Pharaoh,Male,42,Declined to Identify,None,Admission,,11
491-94-8271,04/06/2023,10:13:00 pm,E. Cranch,Male,14,Two or More Races,Orthopedics,Not Admission,,12
637-90-2785,04/06/2023,11:30:00 pm,H. Garside,Female,75,Two or More Races,Orthopedics,Not Admission,7,13
571-07-3802,04/06/2023,9:34:00 am,P. Chilver,Male,27,African American,None,Admission,,11
844-34-2932,04/06/2023,11:16:00 pm,H. Elster,Male,59,Pacific Islander,None,Admission,5,52
509-22-9173,04/06/2023,7:40:00 am,Z. McKibben,Female,78,African American,None,Not Admission,,60
536-05-9082,04/06/2023,7:23:00 am,E. Gepheart,Female,20,Two or More Races,None,Admission,4,24
898-05-7530,04/06/2023,9:05:00 pm,D. Spoor,Male,20,Declined to Identify,Neurology,Not Admission,1,46
547-05-3726,04/06/2023,3:07:00 am,V. Oakden,Male,14,Two or More Races,Physiotherapy,Not Admission,,43
154-73-5990,04/06/2023,11:07:00 pm,K. Sagg,Male,20,Asian,Renal,Admission,2,43
835-94-6808,04/06/2023,10:46:00 am,N. Jarvis,Female,13,White,Gastroenterology,Not Admission,,60
722-51-5042,04/06/2023,10:40:00 am,D. Vinas,Male,71,Two or More Races,Gastroenterology,Admission,,43
335-18-8563,04/06/2023,11:05:00 am,I. Jeandot,Female,36,White,None,Not Admission,,15
301-26-2921,04/06/2023,2:26:00 pm,N. Orfeur,Male,25,Two or More Races,None,Admission,6,27
574-06-1810,04/06/2023,2:36:00 am,R. Curner,Male,70,White,None,Not Admission,10,17
560-89-7239,04/06/2023,2:20:00 pm,A. Orringe,Male,48,White,None,Not Admission,,44
225-76-9368,04/06/2023,9:07:00 am,W. Biggar,Male,56,White,Orthopedics,Not Admission,2,21
797-16-0807,04/06/2023,10:57:00 am,L. McCullogh,Female,71,African American,None,Not Admission,4,54
353-22-9361,04/05/2024,2:38:00 am,H. Prinett,Male,33,Native American/Alaska Native,None,Admission,,49
153-51-8349,04/05/2024,10:08:00 pm,X. Mancktelow,Male,18,Declined to Identify,None,Admission,,10
704-29-6937,04/05/2024,6:36:00 pm,C. Johnsee,Female,39,Asian,None,Admission,7,17
586-95-5446,04/05/2024,6:41:00 am,R. Jelf,Male,28,African American,None,Admission,,50
639-84-8500,04/05/2024,7:51:00 pm,I. Monelle,Female,1,Declined to Identify,None,Not Admission,7,46
722-78-9494,04/05/2024,11:27:00 pm,S. Blackstone,Male,51,Two or More Races,Orthopedics,Not Admission,6,60
239-35-8156,04/05/2024,5:24:00 pm,R. Aikin,Male,27,Two or More Races,General Practice,Admission,,39
609-79-0405,04/05/2024,4:49:00 pm,S. D'Aubney,Female,72,Asian,None,Not Admission,,47
394-07-2661,04/05/2024,2:02:00 pm,W. Berzin,Male,27,African American,None,Not Admission,7,20
809-51-1881,04/05/2024,9:30:00 pm,C. Hollindale,Female,37,Two or More Races,Orthopedics,Admission,,37
755-96-0530,04/05/2024,5:37:00 am,M. McAndie,Male,9,African American,Orthopedics,Admission,1,60
218-08-9169,04/05/2024,5:27:00 pm,M. Conn,Male,61,Asian,Orthopedics,Admission,10,19
151-80-2492,04/05/2024,5:22:00 pm,L. MacSwayde,Male,7,Asian,Cardiology,Admission,2,44
388-62-0454,04/05/2024,4:21:00 am,U. Jeavon,Male,14,White,None,Not Admission,8,37
565-24-0607,04/05/2024,6:06:00 am,G. Meddemmen,Female,41,White,Cardiology,Not Admission,,48
470-99-9429,04/05/2023,6:38:00 am,A. Nevill,Male,68,White,General Practice,Not Admission,3,25
689-97-9515,04/05/2023,3:59:00 pm,T. Freezer,Male,13,White,None,Not Admission,4,32
448-28-9888,04/05/2023,10:00:00 pm,I. Brimfield,Male,68,Two or More Races,None,Admission,,36
712-08-8150,04/05/2023,12:21:00 pm,Z. Howton,Female,30,African American,None,Admission,10,36
295-48-6682,04/05/2023,1:54:00 am,O. Agar,Male,62,White,None,Admission,,45
705-59-1580,04/05/2023,7:22:00 am,M. Beiderbecke,Female,20,African American,None,Not Admission,,49
214-94-9998,04/05/2023,8:50:00 am,Y. Fullerton,Female,35,Asian,None,Not Admission,,13
209-23-9967,04/05/2023,4:37:00 pm,P. Yoslowitz,Male,66,Two or More Races,Orthopedics,Not Admission,0,16
869-06-1488,04/05/2023,3:38:00 pm,Q. Angel,Male,8,Two or More Races,None,Admission,,27
524-73-2304,04/05/2023,11:11:00 am,Z. Griffith,Male,23,Native American/Alaska Native,Neurology,Admission,,38
581-49-3932,04/05/2023,2:39:00 am,B. Boller,Female,26,Asian,None,Admission,7,29
690-33-5798,04/05/2023,8:11:00 am,P. Fernier,Male,3,Two or More Races,None,Not Admission,,31
201-24-2940,04/05/2023,3:48:00 am,L. Willison,Female,41,White,None,Admission,,16
662-21-6522,04/05/2023,1:16:00 pm,G. Stanlack,Male,69,White,None,Admission,,49
243-08-9374,04/05/2023,3:09:00 pm,B. Capstick,Female,63,White,None,Not Admission,,16
641-36-6818,04/05/2023,12:43:00 pm,D. Haszard,Male,67,White,General Practice,Admission,,38
541-10-2365,04/04/2024,6:37:00 am,D. Rammell,Male,70,Declined to Identify,Orthopedics,Not Admission,0,41
676-37-4447,04/04/2024,8:09:00 pm,R. Jiras,Male,51,Two or More Races,None,Admission,8,54
679-29-9661,04/04/2024,7:23:00 am,B. Geeves,Female,34,African American,Orthopedics,Not Admission,10,49
202-19-6980,04/04/2024,4:28:00 pm,R. Lamburn,Female,75,Asian,None,Admission,,11
315-72-4283,04/04/2024,4:19:00 am,R. Shovlar,Female,15,Native American/Alaska Native,None,Admission,,44
804-99-0470,04/04/2024,2:20:00 am,Y. Breddy,Female,46,Two or More Races,Gastroenterology,Admission,,22
405-62-2584,04/04/2024,5:35:00 am,S. Hedge,Female,7,White,None,Not Admission,,25
649-57-9772,04/04/2024,6:50:00 am,Z. Walter,Male,29,Declined to Identify,None,Not Admission,,21
605-04-8828,04/04/2024,9:48:00 pm,G. Doole,Male,41,White,General Practice,Not Admission,,38
685-11-0667,04/04/2024,3:02:00 am,I. Lohden,Male,10,Two or More Races,None,Not Admission,,41
357-43-3573,04/04/2024,3:09:00 am,M. Jenoure,Male,34,Two or More Races,None,Not Admission,,22
238-98-0679,04/04/2024,5:23:00 pm,H. Robson,Male,56,White,None,Not Admission,,46
498-62-7428,04/04/2024,5:33:00 am,V. Cutts,Male,15,Two or More Races,None,Not Admission,,17
856-09-2253,04/04/2024,5:43:00 am,V. Works,Female,34,White,None,Admission,9,52
870-63-4486,04/04/2024,10:27:00 am,X. Fanti,Male,9,Declined to Identify,None,Admission,,25
273-38-6262,04/04/2024,1:03:00 pm,U. Heyburn,Male,11,White,General Practice,Admission,,26
800-81-9945,04/04/2024,11:04:00 pm,Z. Ridewood,Female,22,White,Orthopedics,Not Admission,7,53
364-06-7061,04/04/2024,7:02:00 pm,Y. Gerauld,Male,63,Asian,General Practice,Admission,,53
376-90-4227,04/04/2024,9:18:00 pm,Q. Boulding,Female,71,Pacific Islander,General Practice,Admission,0,12
141-86-2089,04/04/2024,8:32:00 am,L. Dilgarno,Male,24,African American,None,Not Admission,,29
851-85-8318,04/04/2023,3:35:00 pm,G. D'Ruel,Male,9,African American,Orthopedics,Not Admission,,36
584-23-4964,04/04/2023,1:11:00 pm,P. Chastan,Male,39,Declined to Identify,None,Not Admission,,29
499-12-6236,04/04/2023,10:30:00 am,O. Durek,Female,69,White,None,Not Admission,6,45
837-04-4032,04/04/2023,2:36:00 am,H. Scrimgeour,Male,21,Two or More Races,None,Not Admission,,53
100-04-3993,04/04/2023,4:50:00 am,M. St Ange,Female,29,White,None,Not Admission,,16
269-27-0398,04/04/2023,2:11:00 am,Z. MacPike,Male,7,White,None,Not Admission,,17
119-47-0197,04/04/2023,8:35:00 am,N. Skrines,Male,49,White,None,Not Admission,,37
858-60-9117,04/04/2023,6:10:00 pm,L. Scorer,Female,39,African American,None,Admission,,32
390-93-3319,04/04/2023,7:34:00 am,K. Glendenning,Male,73,African American,Cardiology,Not Admission,,25
410-24-9616,04/03/2024,1:31:00 pm,F. Busen,Male,54,Two or More Races,None,Admission,,47
603-26-5838,04/03/2024,3:21:00 am,R. Elsley,Female,4,Two or More Races,None,Not Admission,9,11
310-05-1868,04/03/2024,9:13:00 pm,W. Blakelock,Female,12,White,None,Not Admission,,19
727-26-9498,04/03/2024,6:56:00 am,A. Napolitano,Female,31,Two or More Races,General Practice,Not Admission,0,30
829-79-9655,04/03/2024,8:36:00 pm,L. O'Day,Male,4,White,None,Not Admission,,32
140-08-8473,04/03/2024,11:45:00 am,T. Pelcheur,Male,55,White,General Practice,Admission,,41
695-89-5188,04/03/2024,12:42:00 am,Q. Wythill,Female,54,Two or More Races,None,Admission,0,17
364-02-4362,04/03/2024,6:28:00 pm,H. Grinikhinov,Female,56,African American,General Practice,Admission,,55
625-51-6051,04/03/2024,11:35:00 pm,V. Sampey,Female,56,Two or More Races,Orthopedics,Admission,,34
768-74-9911,04/03/2024,9:07:00 am,L. Dureden,Female,55,African American,General Practice,Not Admission,,46
402-60-5865,04/03/2024,11:09:00 am,E. Lovart,Male,57,White,Orthopedics,Admission,,56
670-80-2997,04/03/2024,4:58:00 pm,M. Henningham,Male,11,African American,Orthopedics,Admission,2,39
737-43-6461,04/03/2024,1:40:00 am,D. McRuvie,Male,19,White,General Practice,Not Admission,,39
778-19-3191,04/03/2024,11:01:00 am,R. Ahern,Female,24,White,None,Admission,,25
346-07-4017,04/02/2024,2:00:00 pm,W. Richard,Female,37,Pacific Islander,Renal,Not Admission,,35
198-75-4129,04/02/2024,12:45:00 am,X. Pullin,Female,52,Declined to Identify,General Practice,Not Admission,,52
358-31-9711,04/02/2024,10:34:00 pm,U. Titcombe,Female,24,Native American/Alaska Native,General Practice,Admission,8,31
344-60-3150,04/02/2024,1:53:00 pm,F. Butts,Male,15,African American,General Practice,Admission,,16
769-18-6872,04/02/2024,10:54:00 am,I. Jerdon,Female,55,Two or More Races,None,Not Admission,,28
528-66-7358,04/02/2024,1:02:00 pm,A. Pottage,Female,78,Two or More Races,General Practice,Not Admission,,22
680-94-3403,04/02/2024,9:03:00 am,K. Peirce,Female,68,African American,None,Admission,,21
715-73-6259,04/02/2024,7:00:00 am,A. Mc Gorley,Male,24,Two or More Races,Orthopedics,Not Admission,,30
340-56-4663,04/02/2024,4:23:00 pm,F. Vigneron,Male,49,African American,General Practice,Not Admission,,57
778-87-4111,04/02/2024,8:00:00 pm,E. Brede,Male,14,African American,None,Admission,,34
219-44-4242,04/02/2024,9:17:00 pm,Q. Lebarree,Female,34,African American,None,Admission,,45
651-08-2231,04/02/2024,9:40:00 am,Y. Joret,Male,63,Pacific Islander,None,Not Admission,6,44
442-72-9831,04/12/2023,6:21:00 am,Y. Kennermann,Female,46,Asian,None,Not Admission,,51
188-23-0231,04/12/2023,6:33:00 pm,N. Greensite,Female,58,African American,Neurology,Admission,,55
886-83-6515,04/12/2023,4:18:00 pm,A. Polglase,Female,47,Asian,None,Not Admission,,59
425-11-0683,04/12/2023,10:25:00 am,Q. Sprouls,Female,15,Two or More Races,None,Admission,,30
425-78-2883,04/12/2023,3:37:00 pm,X. Heintzsch,Female,20,White,General Practice,Not Admission,,52
887-98-0055,04/12/2023,12:46:00 pm,O. Strathe,Female,21,White,None,Admission,,27
713-21-1635,04/12/2023,6:00:00 pm,V. Thickin,Female,49,White,None,Admission,0,59
238-23-8191,04/12/2023,1:08:00 am,N. Gatherer,Male,73,Pacific Islander,General Practice,Not Admission,,22
464-11-9261,04/12/2023,12:28:00 am,S. Buddock,Male,11,African American,None,Not Admission,,51
642-29-3297,04/12/2023,10:37:00 pm,G. Geraldez,Female,4,African American,General Practice,Admission,,35
710-54-8702,04/12/2023,11:50:00 pm,O. Quayle,Female,75,Asian,Physiotherapy,Admission,,58
113-91-9878,04/12/2023,7:42:00 pm,G. Remer,Male,14,Asian,General Practice,Admission,,32
687-66-3054,04/11/2023,2:08:00 pm,A. Attril,Male,42,Pacific Islander,None,Admission,,17
636-40-6086,04/11/2023,4:04:00 pm,F. Yekel,Female,52,Two or More Races,None,Not Admission,5,51
738-78-8619,04/11/2023,2:54:00 pm,T. Avann,Male,76,African American,None,Admission,,51
349-40-9306,04/11/2023,4:56:00 am,N. Ghioni,Female,30,Asian,General Practice,Not Admission,,20
419-73-6058,04/11/2023,5:55:00 pm,Z. Beade,Female,2,Two or More Races,None,Admission,,16
373-09-7656,04/11/2023,3:08:00 am,H. Eckford,Female,67,Asian,None,Admission,,17
357-99-4836,04/11/2023,11:39:00 am,J. Troctor,Female,38,Declined to Identify,None,Admission,,13
618-10-2399,04/11/2023,3:38:00 am,B. Portail,Male,30,Two or More Races,Physiotherapy,Not Admission,0,40
281-37-9635,04/11/2023,8:41:00 am,E. Minors,Male,62,Declined to Identify,Neurology,Not Admission,6,36
655-73-2482,04/11/2023,6:00:00 am,U. Struijs,Male,3,African American,Physiotherapy,Not Admission,,51
370-30-5916,04/11/2023,5:27:00 am,C. Slafford,Female,63,Two or More Races,None,Not Admission,,10
535-11-6522,04/11/2023,7:45:00 pm,D. D'Ambrosi,Female,16,Two or More Races,Physiotherapy,Not Admission,,17
726-54-0891,04/11/2023,3:39:00 am,J. Curr,Female,31,White,None,Admission,9,50
499-92-5363,04/11/2023,5:18:00 am,W. Cayzer,Female,2,Two or More Races,None,Not Admission,,36
783-71-2901,04/11/2023,8:17:00 am,Y. Prandy,Male,31,Pacific Islander,None,Not Admission,6,56
223-22-7407,04/11/2023,5:35:00 pm,L. Trewett,Female,5,Asian,None,Not Admission,,14
877-89-1517,04/11/2023,9:41:00 am,U. Possel,Female,74,Asian,None,Not Admission,,10
454-88-1988,04/10/2024,9:51:00 pm,P. Bravery,Male,5,White,None,Not Admission,,27
724-59-7143,04/10/2024,2:11:00 am,V. Trewhella,Female,24,White,Orthopedics,Not Admission,10,31
132-57-0457,04/10/2024,10:29:00 am,W. Gerg,Female,10,Two or More Races,None,Admission,,43
177-90-0569,04/10/2024,10:30:00 pm,L. Oswald,Male,21,African American,None,Not Admission,,28
598-11-7544,04/10/2024,11:04:00 am,X. Kuhnel,Male,29,White,General Practice,Admission,0,30
611-07-3371,04/10/2024,10:19:00 am,Y. Dallin,Male,69,Two or More Races,None,Admission,,30
221-14-1687,04/10/2024,2:36:00 pm,U. Campion,Male,30,White,None,Not Admission,8,54
286-68-0132,04/10/2024,10:25:00 pm,A. Scherer,Male,51,African American,None,Admission,,41
545-22-1531,04/10/2024,5:06:00 pm,R. Budnk,Female,1,White,Orthopedics,Admission,,22
195-26-8178,04/10/2024,1:53:00 pm,Y. Orrett,Female,18,White,Orthopedics,Admission,,27
790-31-3127,04/10/2024,3:34:00 am,F. Paoloni,Male,55,White,None,Admission,,31
513-30-4773,04/10/2024,3:13:00 am,K. Andress,Male,71,African American,Orthopedics,Not Admission,8,38
652-09-6792,04/10/2024,9:29:00 pm,E. Pochin,Female,48,Pacific Islander,General Practice,Admission,8,59
668-95-8665,04/10/2024,2:26:00 pm,F. Havenhand,Male,78,Declined to Identify,Gastroenterology,Admission,,29
871-59-7467,04/10/2024,5:16:00 am,H. Chuney,Male,13,Pacific Islander,None,Admission,,40
595-53-2097,04/10/2024,7:58:00 am,B. Twinborough,Male,58,Native American/Alaska Native,None,Not Admission,,54
293-61-2486,04/10/2023,12:31:00 am,O. Jeanequin,Female,74,Native American/Alaska Native,None,Not Admission,,32
424-23-3662,04/10/2023,9:34:00 pm,H. Elix,Male,62,African American,None,Admission,,43
429-25-2267,04/10/2023,4:33:00 am,C. Fowlds,Female,46,Two or More Races,Orthopedics,Not Admission,,34
232-87-0576,04/10/2023,5:00:00 am,Y. Shurville,Female,75,African American,None,Admission,5,58
310-42-9819,04/10/2023,5:22:00 pm,Z. Bagnold,Female,31,Two or More Races,None,Not Admission,6,35
262-63-5052,04/10/2023,1:45:00 pm,U. Simoncelli,Male,39,Asian,Orthopedics,Not Admission,3,39
883-22-5328,04/10/2023,2:00:00 am,D. Ottosen,Male,70,Asian,None,Not Admission,,29
663-45-0284,04/10/2023,3:07:00 pm,N. Brick,Male,22,Two or More Races,None,Admission,,40
559-99-5645,04/10/2023,3:52:00 am,I. Lowdyane,Male,32,Asian,Renal,Not Admission,,41
222-40-5966,04/10/2023,8:48:00 pm,Q. Parkins,Female,54,Native American/Alaska Native,General Practice,Admission,,60
431-25-0870,04/10/2023,12:31:00 pm,D. Glyn,Female,40,White,None,Admission,,29
793-72-2819,04/10/2023,3:05:00 am,K. Ogdahl,Female,73,Two or More Races,Physiotherapy,Not Admission,,18
480-76-1082,04/10/2023,1:28:00 am,E. Weildish,Male,30,Two or More Races,General Practice,Admission,,33
888-46-1367,04/10/2023,11:46:00 am,W. Levee,Female,14,African American,None,Not Admission,,19
142-42-6161,04/10/2023,6:57:00 pm,K. McKeon,Male,39,Two or More Races,General Practice,Admission,,57
780-41-8910,04/10/2023,1:54:00 pm,N. Storton,Male,18,Two or More Races,None,Admission,1,15
225-04-1769,04/10/2023,4:35:00 pm,X. Martynikhin,Female,16,African American,General Practice,Not Admission,,60
678-20-5521,04/10/2023,5:08:00 pm,P. Bracegirdle,Female,2,Native American/Alaska Native,None,Admission,,35
791-29-5321,04/01/2024,6:19:00 pm,L. Stonbridge,Female,64,African American,General Practice,Admission,,55
171-32-2578,04/01/2024,4:44:00 am,Y. Andrez,Female,58,Two or More Races,None,Not Admission,0,15
362-51-7082,04/01/2024,1:16:00 pm,P. Kegg,Female,1,Pacific Islander,General Practice,Not Admission,,25
544-89-3372,04/01/2024,11:00:00 am,A. Orgill,Female,61,Two or More Races,None,Not Admission,,20
391-77-8971,04/01/2024,4:22:00 pm,W. Laxon,Male,5,White,None,Admission,,48
387-69-7529,04/01/2024,3:37:00 am,M. Traill,Female,27,Two or More Races,None,Admission,,24
879-87-0888,04/01/2024,5:40:00 am,W. Scroyton,Male,73,African American,None,Admission,,60
863-58-2563,04/01/2024,1:09:00 am,I. Baynton,Female,52,Declined to Identify,General Practice,Admission,,14
178-35-6443,04/01/2024,1:00:00 am,F. Lippett,Female,67,Asian,General Practice,Not Admission,,40
426-07-4984,04/01/2024,3:29:00 am,I. Deluca,Female,11,White,Orthopedics,Not Admission,4,42
219-34-1593,04/01/2024,8:08:00 am,V. Pyvis,Male,61,White,None,Admission,,25
429-56-6759,04/01/2024,1:46:00 pm,H. Winslade,Male,62,Pacific Islander,None,Not Admission,,22
401-75-7006,04/01/2024,3:36:00 pm,D. Kinahan,Male,55,African American,General Practice,Admission,,46
644-14-3306,04/01/2024,10:50:00 pm,C. Wellan,Male,27,Asian,None,Admission,4,23
803-79-1507,04/01/2024,1:51:00 pm,E. Bassom,Male,11,Declined to Identify,None,Admission,,25
323-73-5214,04/01/2024,3:07:00 am,Z. Andrelli,Male,27,Native American/Alaska Native,Orthopedics,Not Admission,,53
323-99-0794,04/01/2024,2:54:00 pm,I. Ruselin,Female,6,African American,Orthopedics,Admission,6,42
675-28-6083,04/01/2024,5:36:00 am,P. Straine,Male,33,Two or More Races,Physiotherapy,Admission,,60
299-82-6754,04/01/2024,6:34:00 am,H. Hannon,Female,9,Declined to Identify,None,Not Admission,,30
880-01-0115,04/01/2024,12:13:00 am,K. Burness,Male,43,African American,Physiotherapy,Admission,10,32
586-19-7401,04/01/2024,11:29:00 pm,B. Kieran,Male,25,White,None,Admission,,15
705-51-2537,04/01/2024,4:54:00 pm,I. Olyet,Female,20,Declined to Identify,Orthopedics,Admission,,43
853-22-5919,31/12/2023,11:05:00 pm,T. Munning,Male,7,Asian,None,Admission,,31
349-12-0424,31/12/2023,2:35:00 am,B. Weall,Female,67,White,None,Admission,,28
541-50-7505,31/12/2023,1:34:00 am,P. Stoffels,Female,66,Asian,None,Not Admission,,41
295-23-8245,31/12/2023,9:01:00 pm,G. D'Orsay,Male,69,White,None,Not Admission,,11
468-02-7614,31/12/2023,9:08:00 pm,P. Dmisek,Male,56,White,None,Admission,,32
151-30-1903,31/12/2023,2:51:00 am,E. Stannis,Female,50,Asian,Physiotherapy,Admission,,55
651-18-1234,31/12/2023,3:29:00 pm,D. McKeurton,Female,40,Two or More Races,None,Not Admission,,59
471-10-2260,31/12/2023,5:06:00 am,T. Carey,Male,30,Two or More Races,Cardiology,Not Admission,,14
724-91-6775,31/12/2023,7:02:00 am,X. Button,Female,72,Two or More Races,None,Admission,,27
214-36-5454,31/12/2023,4:23:00 pm,I. Margerison,Female,37,Two or More Races,General Practice,Not Admission,,40
856-29-8774,31/12/2023,3:44:00 pm,K. Dench,Male,77,Two or More Races,None,Admission,,48
554-19-9010,31/12/2023,1:38:00 pm,M. Tankus,Female,21,White,None,Admission,,57
353-64-0549,31/12/2023,12:55:00 am,Z. Bachelar,Female,56,Pacific Islander,Neurology,Not Admission,,56
414-38-4030,31/12/2023,3:20:00 pm,A. Connue,Male,41,African American,None,Admission,,60
812-08-5257,31/12/2023,7:31:00 pm,Y. Phippin,Male,12,White,None,Admission,,38
596-30-2000,31/10/2023,11:04:00 am,H. Hoyte,Female,17,Native American/Alaska Native,General Practice,Not Admission,,40
701-67-1487,31/10/2023,5:06:00 pm,K. Patis,Male,19,Two or More Races,None,Not Admission,,49
535-81-8385,31/10/2023,7:50:00 am,V. Gally,Female,54,Asian,General Practice,Not Admission,9,31
303-87-6258,31/10/2023,5:38:00 pm,S. Sandom,Male,31,White,Orthopedics,Admission,,36
121-90-9321,31/10/2023,5:58:00 pm,J. Innett,Male,61,African American,General Practice,Not Admission,6,36
191-38-0493,31/10/2023,5:18:00 am,R. Prettyman,Male,66,African American,Physiotherapy,Not Admission,,20
877-16-0784,31/10/2023,2:19:00 am,O. Hardage,Male,59,Asian,Neurology,Not Admission,,29
886-57-1192,31/10/2023,6:02:00 pm,J. Tampion,Female,7,White,None,Not Admission,,17
241-68-0418,31/10/2023,11:49:00 am,N. MacDowal,Female,59,White,None,Admission,,59
374-52-0951,31/10/2023,1:35:00 pm,H. Blacklidge,Male,54,Asian,General Practice,Not Admission,,39
201-80-9036,31/10/2023,8:27:00 pm,D. Inchan,Female,43,Pacific Islander,None,Admission,,44
440-67-5765,31/10/2023,9:06:00 am,A. Pycock,Female,64,Declined to Identify,Orthopedics,Admission,,10
789-37-2567,31/10/2023,7:28:00 am,S. De Gregario,Female,49,White,None,Not Admission,4,39
822-56-9864,31/10/2023,7:49:00 pm,Y. Doche,Female,65,African American,None,Not Admission,3,39
378-50-4904,31/10/2023,2:25:00 pm,Q. Fitton,Female,2,White,None,Not Admission,,45
178-16-4162,31/10/2023,1:37:00 am,T. Gueinn,Female,56,African American,General Practice,Admission,,22
868-66-3389,31/10/2023,4:40:00 pm,G. Trunchion,Female,2,African American,Orthopedics,Admission,,47
832-51-2130,31/10/2023,11:53:00 am,Z. Abelwhite,Male,10,Native American/Alaska Native,None,Admission,3,51
532-03-7351,31/10/2023,11:37:00 am,U. Giacobillo,Female,50,Declined to Identify,General Practice,Not Admission,,14
154-31-5563,31/10/2023,12:52:00 am,U. Luca,Female,55,African American,Neurology,Admission,,34
581-71-7643,31/08/2024,9:34:00 am,W. Baxill,Male,67,White,Physiotherapy,Not Admission,2,47
628-70-4170,31/08/2024,11:16:00 am,B. Russilll,Female,19,Pacific Islander,None,Not Admission,,47
558-56-3966,31/08/2024,11:46:00 pm,T. Longhi,Female,76,White,None,Admission,10,42
368-53-4901,31/08/2024,6:38:00 am,I. Rubinsztein,Male,26,White,None,Not Admission,7,59
410-99-6767,31/08/2024,1:51:00 am,L. Boothman,Female,20,Asian,None,Admission,,52
173-24-2624,31/08/2024,9:57:00 am,P. Mordin,Female,76,White,Gastroenterology,Admission,7,30
170-17-5442,31/08/2024,3:14:00 pm,W. Caldow,Male,60,Asian,None,Not Admission,,45
309-20-0723,31/08/2024,11:13:00 pm,E. Guenther,Male,29,Pacific Islander,General Practice,Admission,9,38
491-26-4841,31/08/2024,4:03:00 pm,F. O'Scannill,Female,24,Declined to Identify,General Practice,Not Admission,3,53
215-35-3486,31/08/2024,3:40:00 pm,M. Gurry,Female,78,White,General Practice,Admission,,26
218-34-9028,31/08/2024,7:03:00 pm,W. Lujan,Male,52,White,Neurology,Admission,1,33
615-10-6038,31/08/2024,9:53:00 am,Q. Twinbrow,Female,52,White,None,Not Admission,,38
545-02-1591,31/08/2024,3:07:00 am,S. Shepley,Male,51,Declined to Identify,General Practice,Admission,,35
741-04-9751,31/08/2024,10:56:00 am,E. Gaitskill,Male,74,Pacific Islander,General Practice,Admission,,36
279-58-2148,31/08/2024,8:06:00 am,L. Beeble,Male,36,Two or More Races,None,Admission,6,22
312-86-7147,31/08/2024,6:12:00 pm,B. Masterton,Female,37,White,None,Not Admission,,43
136-55-3865,31/08/2024,5:07:00 pm,Q. Cubbinelli,Male,46,Declined to Identify,None,Not Admission,,18
339-34-7290,31/08/2024,2:30:00 am,I. Crummey,Male,75,Native American/Alaska Native,None,Not Admission,,11
822-31-6889,31/08/2024,2:33:00 pm,N. How to preserve,Male,5,African American,None,Admission,,17
175-59-9717,31/08/2023,4:39:00 am,T. Meconi,Male,4,Pacific Islander,General Practice,Admission,,21
415-28-3023,31/08/2023,7:24:00 pm,Z. Hext,Female,48,White,Orthopedics,Admission,5,47
687-59-9155,31/08/2023,10:57:00 pm,Y. Gammon,Female,74,Two or More Races,None,Admission,5,55
500-37-6455,31/08/2023,4:32:00 pm,Q. Parradine,Male,44,Pacific Islander,General Practice,Not Admission,,38
818-38-5069,31/08/2023,10:00:00 am,S. Antonognoli,Female,64,Two or More Races,General Practice,Not Admission,,59
217-49-5486,31/08/2023,8:16:00 am,D. Johnstone,Female,58,Asian,None,Not Admission,,59
803-46-4719,31/08/2023,6:49:00 am,L. Beden,Male,40,African American,None,Admission,,12
722-31-7591,31/08/2023,7:34:00 pm,G. Butterwick,Female,21,African American,None,Admission,,21
347-60-6369,31/08/2023,12:40:00 am,T. Benediktovich,Female,71,Two or More Races,General Practice,Admission,,52
174-20-1756,31/07/2024,10:41:00 pm,S. Shropsheir,Female,32,White,None,Not Admission,4,48
538-74-2222,31/07/2024,2:03:00 pm,B. Geator,Female,18,Asian,None,Not Admission,3,44
490-46-3294,31/07/2024,4:48:00 pm,J. Drinkhall,Female,48,African American,None,Admission,10,37
877-63-5604,31/07/2024,6:43:00 am,D. Pinke,Male,50,White,None,Admission,,40
255-15-5945,31/07/2024,2:59:00 am,B. Shortcliffe,Male,44,Pacific Islander,Orthopedics,Admission,,30
412-11-9829,31/07/2024,10:00:00 pm,K. Wines,Male,7,Pacific Islander,Cardiology,Not Admission,,49
859-81-4141,31/07/2024,8:56:00 pm,H. Metham,Male,78,African American,None,Not Admission,,40
257-71-5722,31/07/2024,12:53:00 am,M. Chrystie,Male,13,Pacific Islander,None,Not Admission,9,48
718-40-9446,31/07/2024,3:22:00 pm,A. Mitrikhin,Female,31,Two or More Races,Orthopedics,Not Admission,1,55
411-11-8513,31/07/2024,6:01:00 am,P. Alessandretti,Male,57,Two or More Races,None,Not Admission,,34
469-48-7160,31/07/2024,11:07:00 am,K. Nicklinson,Male,78,African American,None,Admission,,38
795-55-8908,31/07/2024,6:17:00 am,O. Phillott,Female,45,African American,None,Admission,,58
383-79-7807,31/07/2024,5:49:00 pm,Z. Rounds,Male,11,Two or More Races,None,Admission,,29
699-89-5729,31/07/2024,7:34:00 pm,P. Cardnell,Male,62,White,General Practice,Not Admission,,40
723-15-3645,31/07/2024,8:52:00 pm,J. Franceschino,Male,53,African American,General Practice,Not Admission,,46
101-08-8798,31/07/2024,2:18:00 pm,L. Willeson,Female,72,Two or More Races,None,Admission,,48
287-34-1507,31/07/2023,1:43:00 pm,Z. Garwill,Male,19,White,Orthopedics,Not Admission,,15
524-92-3725,31/07/2023,4:49:00 am,M. Salaman,Female,40,White,None,Admission,,28
540-50-5144,31/07/2023,5:43:00 pm,G. Wickham,Male,21,Declined to Identify,None,Not Admission,,45
646-17-3871,31/07/2023,8:03:00 am,J. Dunston,Female,26,African American,None,Not Admission,7,36
227-34-5910,31/07/2023,11:37:00 pm,J. Tomovic,Male,47,White,Orthopedics,Not Admission,,21
442-29-0481,31/07/2023,1:19:00 am,Q. Radish,Female,55,Declined to Identify,Physiotherapy,Admission,,47
621-04-1236,31/07/2023,9:17:00 pm,S. Shobbrook,Male,35,Two or More Races,General Practice,Not Admission,,54
213-62-4409,31/07/2023,1:12:00 pm,Y. Chinge,Male,44,Pacific Islander,Neurology,Admission,10,44
615-80-8527,31/07/2023,1:17:00 pm,M. Brissard,Female,36,Asian,General Practice,Not Admission,8,20
229-85-9032,31/07/2023,10:23:00 am,Z. Wilkison,Female,9,Two or More Races,None,Admission,,39
341-60-5841,31/07/2023,9:46:00 pm,N. Auletta,Female,34,Two or More Races,None,Not Admission,6,35
712-27-9390,31/07/2023,2:13:00 am,S. Cotgrove,Male,10,Asian,None,Not Admission,8,35
279-66-1617,31/07/2023,9:30:00 pm,F. Burgon,Male,58,African American,None,Not Admission,10,31
641-18-2127,31/07/2023,10:53:00 am,W. Shinfield,Male,71,African American,None,Admission,,44
663-78-1073,31/07/2023,7:11:00 pm,F. Biagi,Female,72,Two or More Races,None,Admission,,33
457-25-0613,31/05/2024,8:44:00 pm,K. Burnside,Male,33,African American,Orthopedics,Admission,,24
800-88-0642,31/05/2024,4:27:00 am,Y. Sorel,Female,56,Declined to Identify,None,Admission,9,12
383-38-7163,31/05/2024,6:51:00 pm,B. Comerford,Male,54,Declined to Identify,None,Not Admission,,12
574-16-1174,31/05/2024,7:16:00 am,O. Cutchie,Female,66,Declined to Identify,General Practice,Admission,,31
333-72-9284,31/05/2024,3:12:00 am,R. Edis,Female,65,White,General Practice,Admission,4,44
246-04-5446,31/05/2024,5:39:00 am,Z. Cabrera,Male,16,Two or More Races,None,Not Admission,,16
144-86-5245,31/05/2024,11:20:00 pm,G. Squibbes,Female,76,White,None,Admission,,31
762-48-6422,31/05/2024,3:58:00 am,G. Kachel,Female,60,White,None,Not Admission,1,52
825-77-9437,31/05/2024,5:33:00 pm,B. Halsey,Male,15,African American,Gastroenterology,Admission,,25
694-75-1010,31/05/2024,1:47:00 pm,E. Daspar,Female,4,Asian,Orthopedics,Admission,,15
615-91-1397,31/05/2024,2:55:00 pm,U. Jablonski,Male,63,White,None,Not Admission,,38
446-50-4248,31/05/2024,8:48:00 am,B. Bricket,Male,28,African American,None,Not Admission,,17
271-80-8403,31/05/2024,3:11:00 am,D. Riddoch,Male,27,White,Orthopedics,Admission,,33
539-18-5390,31/05/2024,7:56:00 pm,W. Dautry,Female,40,African American,None,Admission,,38
240-62-0770,31/05/2024,8:09:00 am,Q. Pietraszek,Female,51,African American,None,Admission,,28
454-88-2937,31/05/2024,10:24:00 pm,U. Hasker,Male,65,Asian,Orthopedics,Admission,10,59
159-05-9428,31/05/2024,3:47:00 am,E. Bartolomieu,Male,62,Two or More Races,General Practice,Not Admission,,25
208-78-8201,31/05/2024,1:55:00 am,M. Kitchiner,Male,59,White,General Practice,Admission,,60
612-62-4663,31/05/2024,4:45:00 am,R. Nickolls,Female,65,African American,None,Admission,,56
555-22-1922,31/05/2023,7:33:00 am,J. Layne,Male,4,Two or More Races,Orthopedics,Admission,,19
301-70-6477,31/05/2023,7:03:00 am,A. Spitaro,Female,9,Two or More Races,General Practice,Admission,,59
848-67-2081,31/05/2023,2:47:00 pm,X. Dikles,Male,9,White,None,Not Admission,,12
461-43-8162,31/05/2023,7:53:00 pm,X. Beetlestone,Female,3,Asian,None,Not Admission,7,53
791-17-1830,31/05/2023,5:02:00 pm,R. Klewer,Female,79,White,None,Admission,,42
791-06-9701,31/05/2023,2:51:00 am,Z. Lunney,Female,73,White,None,Not Admission,8,34
500-96-0933,31/05/2023,12:27:00 am,I. Sinnie,Male,10,White,None,Not Admission,,28
289-58-7260,31/05/2023,1:26:00 am,I. Windas,Female,31,Two or More Races,None,Admission,,23
592-26-8178,31/05/2023,7:44:00 am,S. Liveing,Female,45,African American,None,Admission,,53
885-03-5752,31/05/2023,3:54:00 pm,W. Boast,Male,36,White,None,Admission,,13
835-43-3416,31/05/2023,5:24:00 pm,G. MacClancey,Male,74,Native American/Alaska Native,General Practice,Not Admission,10,60
644-56-6799,31/03/2024,1:49:00 am,V. Kingzeth,Male,43,White,Orthopedics,Not Admission,,13
767-80-3235,31/03/2024,3:56:00 pm,K. Jenk,Male,53,White,Orthopedics,Admission,,56
249-43-7801,31/03/2024,5:04:00 pm,T. Harverson,Female,36,African American,General Practice,Not Admission,,39
188-24-3805,31/03/2024,12:02:00 am,Z. Bourdis,Female,43,White,Orthopedics,Not Admission,,32
128-24-3514,31/03/2024,9:06:00 am,Y. Sussams,Female,19,African American,None,Not Admission,9,55
330-72-1327,31/03/2024,2:07:00 pm,L. Birkenhead,Male,34,White,None,Not Admission,8,59
440-86-8818,31/03/2024,10:12:00 am,E. Chataignier,Female,5,Pacific Islander,None,Not Admission,8,58
182-56-9406,31/03/2024,10:31:00 am,H. Alvaro,Male,44,Two or More Races,None,Admission,,18
581-50-9829,31/03/2024,9:18:00 am,V. Higginbottam,Female,49,Asian,None,Admission,,40
201-47-2627,31/03/2024,8:13:00 pm,K. Harrowing,Male,31,White,None,Not Admission,,35
439-26-1988,31/03/2024,1:03:00 am,A. Misselbrook,Female,29,Pacific Islander,General Practice,Not Admission,,58
144-03-3903,31/03/2024,2:03:00 am,O. Scantlebury,Female,15,White,None,Admission,,37
398-81-8943,31/03/2024,1:09:00 am,U. Gurnee,Female,48,African American,None,Not Admission,,60
285-78-6419,31/03/2024,8:09:00 pm,W. Orys,Male,69,White,General Practice,Not Admission,10,17
713-12-8133,31/03/2024,4:44:00 pm,Y. Comusso,Male,37,Two or More Races,None,Admission,,10
232-01-8969,31/03/2024,7:10:00 am,N. Baythorp,Female,29,African American,None,Admission,,26
656-26-2781,31/03/2024,9:38:00 pm,Q. Dodge,Female,4,White,General Practice,Admission,,32
279-01-8909,31/03/2024,3:12:00 am,V. Di Franceshci,Male,41,Pacific Islander,General Practice,Not Admission,,58
676-76-2593,31/01/2024,5:49:00 am,O. Adamo,Female,77,Two or More Races,Orthopedics,Admission,,14
379-30-7250,31/01/2024,2:25:00 am,J. Acory,Male,48,White,None,Not Admission,,47
884-62-4452,31/01/2024,9:57:00 am,D. Tschiersch,Male,41,White,None,Admission,,58
538-43-0758,31/01/2024,5:48:00 am,L. Goodricke,Female,27,White,None,Admission,,58
887-07-3859,31/01/2024,1:07:00 am,H. Muzzi,Female,49,Pacific Islander,None,Not Admission,,41
175-29-2235,31/01/2024,3:57:00 am,A. Wolfit,Female,57,White,None,Not Admission,,38
585-41-4703,31/01/2024,10:37:00 am,E. Videan,Male,58,White,General Practice,Not Admission,,25
754-26-5507,31/01/2024,4:28:00 pm,N. Antonazzi,Female,32,African American,Orthopedics,Not Admission,,33
782-93-8426,31/01/2024,8:16:00 am,Q. Mechic,Female,53,Two or More Races,General Practice,Admission,0,41
407-24-8802,31/01/2024,12:09:00 am,C. Kittiman,Male,5,Declined to Identify,General Practice,Not Admission,1,20
368-48-8290,31/01/2024,2:58:00 pm,O. Carrabott,Male,4,Declined to Identify,None,Admission,1,12
693-84-3710,31/01/2024,1:30:00 pm,W. McVaugh,Male,53,Declined to Identify,Neurology,Admission,,50
379-58-8462,31/01/2024,12:26:00 am,U. Lovell,Female,74,Two or More Races,None,Not Admission,1,18
150-61-5269,31/01/2024,1:25:00 am,C. Amery,Female,41,Declined to Identify,None,Not Admission,,46
750-47-0673,31/01/2024,5:04:00 pm,V. Blunkett,Male,69,African American,None,Admission,,29
515-48-8143,31/01/2024,12:42:00 pm,G. Fetherstonhaugh,Female,67,African American,General Practice,Not Admission,,41
546-84-1188,31/01/2024,9:34:00 am,L. Caramuscia,Male,2,White,None,Not Admission,4,41
482-05-7766,31/01/2024,9:03:00 am,D. Marrable,Male,4,Asian,General Practice,Not Admission,,44
286-15-2377,30/12/2023,6:39:00 pm,W. Roelofsen,Female,48,African American,General Practice,Not Admission,,50
819-07-3432,30/12/2023,5:28:00 pm,U. Manklow,Male,37,Declined to Identify,General Practice,Not Admission,,49
688-95-8066,30/12/2023,9:28:00 pm,G. Hearle,Female,26,Declined to Identify,None,Admission,,14
337-01-5340,30/12/2023,6:20:00 am,T. Dicken,Male,45,White,Orthopedics,Admission,,49
130-89-4024,30/12/2023,7:01:00 pm,X. Pryer,Male,58,Declined to Identify,None,Admission,,40
139-05-0602,30/12/2023,3:09:00 pm,A. Algar,Male,68,Two or More Races,None,Admission,,15
638-04-8066,30/12/2023,8:16:00 am,T. Swanne,Female,63,White,None,Admission,,11
449-11-0502,30/12/2023,10:09:00 pm,T. Kemsley,Male,39,White,None,Admission,,35
155-41-5849,30/12/2023,12:01:00 pm,X. Cajkler,Female,42,Pacific Islander,Physiotherapy,Admission,,43
426-90-9395,30/12/2023,11:40:00 am,U. Olver,Female,5,Pacific Islander,General Practice,Not Admission,,49
415-79-3375,30/12/2023,4:23:00 am,P. Taks,Female,17,African American,General Practice,Not Admission,,45
602-37-2587,30/12/2023,9:56:00 pm,Q. Lutwyche,Female,73,African American,None,Admission,4,20
319-83-7275,30/12/2023,7:50:00 am,W. Betjes,Male,54,Asian,None,Not Admission,,10
891-62-7156,30/12/2023,1:57:00 am,X. Ellen,Female,75,White,None,Not Admission,,50
883-72-0885,30/12/2023,6:38:00 am,L. Gawke,Male,31,Native American/Alaska Native,General Practice,Admission,,52
483-71-2239,30/12/2023,5:51:00 pm,D. Downie,Male,8,Declined to Identify,None,Admission,0,21
143-59-4736,30/12/2023,3:44:00 pm,H. Philpotts,Male,17,African American,None,Admission,,27
343-57-5815,30/12/2023,2:21:00 am,K. Aery,Female,51,White,None,Not Admission,,55
264-47-3879,30/12/2023,8:24:00 pm,R. Bernardelli,Female,31,White,Physiotherapy,Admission,,54
461-49-8598,30/12/2023,10:47:00 pm,Y. Frangione,Male,37,Native American/Alaska Native,None,Admission,,20
849-31-8796,30/12/2023,1:09:00 pm,M. Venn,Female,24,Two or More Races,Cardiology,Admission,4,36
797-09-1351,30/11/2023,12:49:00 am,Y. Fretter,Male,17,Asian,None,Admission,,45
167-98-2758,30/11/2023,4:12:00 pm,V. Pothergill,Female,10,White,None,Not Admission,,11
844-16-9098,30/11/2023,8:15:00 pm,G. Geraldo,Male,48,White,None,Admission,,26
607-74-7649,30/11/2023,9:14:00 pm,U. Copperwaite,Female,49,Pacific Islander,Orthopedics,Admission,,24
857-38-9352,30/11/2023,7:01:00 pm,J. Wheatland,Female,13,White,None,Not Admission,2,49
501-78-1934,30/11/2023,10:12:00 am,H. Heigl,Female,16,African American,None,Admission,,36
404-07-5929,30/11/2023,5:06:00 pm,J. Rawdall,Male,37,White,Physiotherapy,Admission,2,49
820-20-3247,30/11/2023,7:41:00 pm,V. Kittley,Male,77,Asian,None,Admission,7,56
482-13-8422,30/11/2023,8:20:00 am,R. Kikke,Female,5,African American,Orthopedics,Not Admission,,14
818-95-6696,30/11/2023,11:05:00 am,G. Tilney,Female,10,African American,None,Admission,,36
526-60-6600,30/11/2023,2:38:00 am,Z. Meharg,Male,36,African American,Gastroenterology,Not Admission,,21
638-94-7394,30/11/2023,3:49:00 pm,D. MacTeague,Male,37,Two or More Races,None,Admission,10,45
852-35-5869,30/11/2023,2:20:00 pm,T. Brennon,Female,15,Asian,Cardiology,Not Admission,,54
765-08-2861,30/11/2023,1:48:00 am,S. Origan,Female,34,Native American/Alaska Native,Physiotherapy,Admission,,15
143-33-8385,30/11/2023,9:38:00 pm,E. Slipper,Male,28,Two or More Races,None,Admission,,22
526-39-2219,30/11/2023,8:54:00 pm,U. Quincee,Male,70,Native American/Alaska Native,Orthopedics,Admission,4,49
128-30-7104,30/11/2023,12:21:00 am,A. Grafhom,Male,58,Pacific Islander,Orthopedics,Not Admission,,56
707-97-3210,30/11/2023,7:11:00 am,T. Newlan,Male,54,Asian,General Practice,Not Admission,,27
734-88-0672,30/10/2024,5:26:00 am,R. Clemenzi,Male,43,Asian,None,Not Admission,4,51
176-38-6737,30/10/2024,7:02:00 pm,E. Naile,Male,36,Asian,None,Admission,,27
194-12-1935,30/10/2024,5:23:00 am,R. Woodgate,Female,48,Declined to Identify,None,Not Admission,,47
618-76-9696,30/10/2024,10:10:00 pm,I. Rummins,Male,7,Two or More Races,General Practice,Admission,10,15
392-82-1935,30/10/2024,3:49:00 am,Z. Ernshaw,Female,23,White,None,Not Admission,,24
455-26-9181,30/10/2024,7:10:00 pm,J. Bricket,Male,62,Declined to Identify,None,Admission,,49
454-91-6429,30/10/2024,1:25:00 pm,B. Hodinton,Female,28,Two or More Races,None,Admission,8,26
628-46-3223,30/10/2024,2:12:00 am,W. Wardle,Female,13,Two or More Races,Orthopedics,Admission,5,45
103-81-2792,30/10/2024,11:44:00 pm,H. Ollie,Male,73,White,None,Not Admission,,51
363-04-9232,30/10/2024,8:22:00 am,L. Guislin,Male,12,Declined to Identify,None,Not Admission,,28
278-89-6924,30/10/2024,12:47:00 am,B. Sandom,Male,29,Asian,General Practice,Admission,2,18
123-43-5587,30/10/2024,9:34:00 am,S. Chrystal,Male,26,Two or More Races,Neurology,Admission,,36
784-56-8762,30/10/2024,7:50:00 pm,U. Howard - Gater,Male,7,White,None,Admission,,31
173-78-8246,30/10/2024,1:17:00 pm,W. Arenson,Female,26,Two or More Races,None,Admission,,44
331-79-8648,30/10/2024,12:29:00 am,W. Ayerst,Female,36,Native American/Alaska Native,Orthopedics,Admission,,47
416-31-7468,30/10/2023,4:45:00 pm,O. Gligoraci,Female,23,Asian,None,Not Admission,,40
614-04-9706,30/10/2023,10:37:00 pm,P. Schusterl,Female,78,White,Orthopedics,Not Admission,,19
245-09-8382,30/10/2023,2:23:00 pm,B. Tennick,Female,18,Two or More Races,Orthopedics,Not Admission,2,35
433-76-4511,30/10/2023,7:50:00 pm,Y. Dumbarton,Male,10,Asian,None,Not Admission,,53
653-67-0050,30/10/2023,10:20:00 am,Y. Duggon,Female,16,African American,None,Not Admission,,21
163-41-6583,30/10/2023,3:15:00 pm,O. Bilby,Female,25,African American,None,Admission,,12
686-06-9347,30/10/2023,5:18:00 am,J. Garnsworthy,Female,36,Asian,Neurology,Not Admission,,22
502-80-8807,30/10/2023,6:12:00 am,F. Querrard,Male,68,Two or More Races,Cardiology,Admission,,23
828-86-7111,30/10/2023,11:33:00 pm,L. Normavill,Female,17,Pacific Islander,Physiotherapy,Not Admission,,28
443-22-9454,30/10/2023,10:41:00 am,Y. Zoellner,Female,60,Two or More Races,None,Admission,,37
510-65-2769,30/10/2023,3:50:00 pm,Z. Pont,Female,44,Native American/Alaska Native,General Practice,Not Admission,,20
319-44-8371,30/10/2023,12:20:00 am,C. Nangle,Male,48,Native American/Alaska Native,General Practice,Not Admission,4,22
250-32-3822,30/10/2023,4:03:00 pm,L. Ferruzzi,Female,27,White,None,Not Admission,,40
589-73-5235,30/10/2023,5:11:00 pm,V. Evenden,Male,23,Two or More Races,Orthopedics,Admission,2,16
202-25-2915,30/10/2023,3:25:00 pm,K. Bale,Female,43,White,None,Not Admission,,27
253-83-6791,30/10/2023,2:37:00 pm,X. Janicijevic,Female,61,Pacific Islander,None,Not Admission,,13
380-79-5717,30/09/2024,4:39:00 pm,E. McConigal,Female,36,White,None,Admission,,34
289-59-5485,30/09/2024,1:45:00 am,S. Dominelli,Male,14,White,Physiotherapy,Admission,,30
319-55-1295,30/09/2024,3:37:00 am,K. Fetters,Male,75,Two or More Races,None,Not Admission,,59
235-56-6033,30/09/2024,11:02:00 pm,J. Greber,Male,25,Declined to Identify,Gastroenterology,Admission,,50
644-72-8499,30/09/2024,3:36:00 pm,I. Witten,Male,68,Two or More Races,Cardiology,Not Admission,,17
432-47-7792,30/09/2024,7:58:00 am,O. Morando,Female,35,Native American/Alaska Native,None,Admission,,57
682-63-0450,30/09/2024,11:11:00 am,G. Classen,Male,78,Two or More Races,General Practice,Admission,6,49
291-55-1551,30/09/2024,9:47:00 pm,H. Swinford,Male,27,African American,General Practice,Not Admission,,43
764-69-8400,30/09/2024,3:31:00 am,K. Osorio,Male,79,White,Orthopedics,Not Admission,2,21
122-73-4557,30/09/2024,7:55:00 pm,R. Godar,Female,2,African American,Orthopedics,Not Admission,,23
776-02-2598,30/09/2024,4:57:00 pm,E. Ogle,Male,42,Two or More Races,None,Not Admission,6,41
222-61-8906,30/09/2024,5:23:00 am,R. Purselowe,Female,68,African American,None,Admission,,38
863-95-9525,30/09/2024,10:20:00 am,C. Keddle,Female,38,Asian,General Practice,Not Admission,2,55
897-92-4692,30/09/2024,9:55:00 am,N. Parrington,Female,10,African American,General Practice,Not Admission,4,12
840-81-0704,30/09/2024,5:08:00 am,Q. McGinlay,Male,13,Two or More Races,None,Admission,10,27
143-26-7316,30/09/2024,1:48:00 am,S. Riccardo,Male,55,Asian,None,Not Admission,,48
789-74-0696,30/09/2024,6:43:00 pm,E. Drakes,Female,45,Two or More Races,General Practice,Not Admission,9,32
863-66-8507,30/09/2023,1:29:00 pm,F. Cinelli,Female,14,White,Cardiology,Admission,10,12
183-15-3162,30/09/2023,8:36:00 am,H. Finby,Male,75,White,Cardiology,Admission,5,23
236-16-8116,30/09/2023,3:16:00 pm,X. Ert,Male,41,Two or More Races,None,Admission,8,20
719-37-8355,30/09/2023,7:11:00 am,I. Hatt,Female,9,White,None,Admission,,41
701-71-6155,30/09/2023,4:58:00 pm,Q. Felce,Male,18,African American,Orthopedics,Not Admission,,57
267-55-1101,30/09/2023,6:23:00 pm,M. Matuszynski,Female,10,White,None,Not Admission,,57
425-64-6539,30/09/2023,9:33:00 am,T. Evason,Female,10,Asian,Orthopedics,Admission,5,32
485-30-3941,30/09/2023,5:24:00 am,F. Alldred,Female,78,Two or More Races,General Practice,Admission,,44
505-40-5045,30/09/2023,12:53:00 pm,L. Yerrington,Female,39,Declined to Identify,None,Admission,,43
334-16-5444,30/09/2023,11:16:00 pm,L. Mayward,Male,59,Two or More Races,None,Admission,,41
824-08-2119,30/09/2023,8:42:00 pm,N. Hing,Male,28,Declined to Identify,General Practice,Not Admission,,53
618-23-9015,30/09/2023,5:13:00 pm,N. Killick,Male,23,African American,General Practice,Admission,,26
381-07-9458,30/09/2023,9:31:00 am,P. Lepope,Female,58,White,General Practice,Admission,,50
873-09-9857,30/09/2023,9:34:00 am,B. Eckery,Male,56,Declined to Identify,Cardiology,Admission,,26
865-30-9524,30/09/2023,1:50:00 pm,B. Kupker,Female,4,White,None,Admission,,33
334-77-7420,30/09/2023,3:01:00 am,G. Hill,Male,1,White,None,Not Admission,3,14
732-68-6339,30/09/2023,1:30:00 am,X. Gianni,Female,29,Asian,None,Admission,10,53
638-34-1905,30/09/2023,7:29:00 pm,S. Reichelt,Female,36,Pacific Islander,None,Admission,0,24
403-34-2322,30/09/2023,10:27:00 pm,A. Cammocke,Male,79,Asian,None,Admission,,33
313-71-4006,30/08/2024,12:06:00 pm,I. Lamputt,Male,21,White,Orthopedics,Admission,,58
209-76-3431,30/08/2024,6:30:00 am,E. Schimaschke,Female,33,White,General Practice,Not Admission,2,32
899-54-0115,30/08/2024,7:11:00 am,H. Bolf,Female,43,Declined to Identify,None,Not Admission,,43
858-55-0031,30/08/2024,6:14:00 pm,Y. Edmeads,Male,36,Native American/Alaska Native,None,Not Admission,,13
259-94-8763,30/08/2024,6:51:00 am,L. Belasco,Female,51,Asian,General Practice,Admission,,48
704-48-9992,30/08/2024,3:21:00 am,U. Handley,Male,15,White,None,Admission,,24
548-78-6274,30/08/2024,7:21:00 am,Z. Housegoe,Male,70,White,None,Not Admission,,57
641-96-0611,30/08/2024,6:46:00 am,D. Yakobovicz,Female,22,Pacific Islander,None,Not Admission,,25
306-19-5290,30/08/2024,2:51:00 am,R. Onians,Female,27,White,General Practice,Not Admission,9,42
617-16-3537,30/08/2024,6:27:00 am,A. Gansbuhler,Female,57,White,Neurology,Not Admission,,48
494-29-1509,30/08/2024,2:12:00 am,V. Dawdary,Male,36,Two or More Races,Orthopedics,Admission,9,23
466-62-7671,30/08/2024,3:23:00 pm,Z. Bawden,Male,49,Declined to Identify,General Practice,Not Admission,,55
145-73-1016,30/08/2024,1:43:00 am,U. McGinnell,Male,20,White,None,Admission,,19
844-34-4827,30/08/2024,8:41:00 am,Q. Talby,Male,77,Two or More Races,None,Admission,,20
208-91-1133,30/08/2024,1:48:00 am,Y. Palmby,Male,31,Pacific Islander,Cardiology,Admission,,12
476-79-6068,30/08/2024,1:52:00 am,L. Brosi,Male,76,White,None,Admission,,25
455-86-5550,30/08/2023,2:31:00 am,K. Deveraux,Male,41,Two or More Races,General Practice,Not Admission,,55
692-49-3211,30/08/2023,11:34:00 pm,P. De Rye Barrett,Male,69,African American,None,Not Admission,4,38
842-23-8616,30/08/2023,7:52:00 pm,R. Skerman,Female,47,Pacific Islander,None,Admission,,56
537-53-2901,30/08/2023,3:18:00 pm,I. Rheaume,Male,24,Asian,None,Not Admission,6,51
267-84-3755,30/08/2023,9:14:00 am,V. Blackly,Male,8,Declined to Identify,General Practice,Admission,,39
319-37-4998,30/08/2023,7:47:00 am,S. Fewster,Male,46,African American,None,Not Admission,1,40
325-98-4218,30/08/2023,7:49:00 pm,Z. Teideman,Male,2,Two or More Races,General Practice,Not Admission,,38
750-24-0580,30/08/2023,10:06:00 pm,M. Macey,Female,61,White,Cardiology,Admission,,16
261-27-1253,30/08/2023,11:06:00 pm,K. Bliben,Male,19,Pacific Islander,None,Admission,3,40
392-07-7335,30/07/2024,12:29:00 am,W. Elsdon,Female,76,White,None,Admission,,23
627-60-8441,30/07/2024,9:53:00 am,M. Wyche,Male,20,White,None,Admission,,58
761-02-7059,30/07/2024,3:22:00 am,T. Pietasch,Male,66,White,None,Not Admission,5,16
645-04-1339,30/07/2024,5:19:00 am,E. Whetnell,Male,64,Two or More Races,General Practice,Not Admission,2,40
600-85-2869,30/07/2024,11:28:00 pm,R. Harbar,Female,10,Native American/Alaska Native,None,Admission,,20
123-30-8939,30/07/2024,3:43:00 pm,V. Nuzzti,Female,61,Pacific Islander,Neurology,Admission,7,25
295-29-3253,30/07/2024,8:43:00 am,T. Tuffield,Male,4,White,None,Admission,,15
881-28-1862,30/07/2024,2:42:00 pm,J. Deniso,Female,63,Asian,General Practice,Admission,5,23
749-90-9165,30/07/2024,2:48:00 am,O. Covotti,Male,59,Asian,General Practice,Admission,,45
776-13-4447,30/07/2024,11:13:00 pm,M. Curness,Male,16,Two or More Races,Orthopedics,Not Admission,,33
394-04-2226,30/07/2024,10:16:00 pm,X. Fargie,Male,7,Two or More Races,Orthopedics,Admission,,27
713-08-2627,30/07/2024,1:15:00 pm,B. Hannabuss,Female,65,White,Cardiology,Admission,,47
426-51-7600,30/07/2024,10:05:00 am,X. Borwick,Male,37,African American,General Practice,Admission,6,22
441-37-7166,30/07/2023,3:29:00 am,G. Semor,Female,58,Asian,Gastroenterology,Admission,,48
407-56-9582,30/07/2023,12:18:00 am,M. Points,Male,64,Native American/Alaska Native,Orthopedics,Admission,,29
195-15-7594,30/07/2023,8:16:00 pm,P. Smallshaw,Male,28,White,General Practice,Admission,,44
404-10-3469,30/07/2023,12:15:00 pm,E. Eliot,Female,16,Two or More Races,Orthopedics,Admission,8,34
634-28-2073,30/07/2023,7:14:00 pm,W. Botten,Female,39,White,None,Admission,,25
312-60-6865,30/07/2023,1:34:00 am,J. Twinborne,Male,30,White,Orthopedics,Admission,10,29
501-79-5184,30/07/2023,8:01:00 pm,K. Babalola,Male,51,Declined to Identify,None,Not Admission,7,21
429-49-9383,30/07/2023,6:07:00 am,C. Ovenell,Female,43,White,None,Not Admission,,35
582-72-6724,30/07/2023,12:54:00 pm,Z. Cowderoy,Female,70,White,Gastroenterology,Not Admission,,16
659-92-2938,30/07/2023,2:43:00 pm,S. MacGrath,Male,2,Pacific Islander,Neurology,Admission,,55
899-73-5432,30/07/2023,7:09:00 am,N. Klasing,Female,8,White,General Practice,Not Admission,,29
789-01-8569,30/07/2023,9:31:00 am,K. Greves,Male,58,Declined to Identify,None,Not Admission,1,15
820-65-0400,30/07/2023,6:43:00 am,S. Kobierski,Female,40,Pacific Islander,None,Not Admission,1,15
719-19-2025,30/07/2023,2:40:00 pm,I. Waldren,Female,54,White,General Practice,Not Admission,,32
462-88-6903,30/07/2023,4:43:00 pm,E. Negal,Female,5,White,None,Admission,,37
418-73-8778,30/07/2023,6:25:00 pm,E. Kern,Male,75,Declined to Identify,General Practice,Not Admission,,20
496-34-7420,30/07/2023,9:12:00 pm,A. Corbally,Female,49,Declined to Identify,None,Not Admission,9,36
502-06-9989,30/07/2023,3:40:00 am,C. Ikringill,Male,10,White,None,Admission,,57
267-79-9141,30/07/2023,9:45:00 am,I. Davitti,Female,57,Declined to Identify,None,Not Admission,,31
203-33-9606,30/06/2024,5:31:00 am,I. Lenglet,Male,18,White,None,Admission,,51
236-99-6309,30/06/2024,3:31:00 am,I. Feak,Female,60,Native American/Alaska Native,General Practice,Not Admission,4,18
267-89-0681,30/06/2024,1:22:00 pm,Q. Dangl,Female,22,African American,Physiotherapy,Not Admission,,46
245-53-1118,30/06/2024,8:24:00 pm,V. Adaway,Female,57,Native American/Alaska Native,Neurology,Not Admission,,44
297-74-6777,30/06/2024,2:19:00 pm,Z. Bartolomeu,Male,33,White,Orthopedics,Admission,,21
695-82-2847,30/06/2024,7:02:00 pm,X. Sadat,Female,79,African American,None,Admission,,25
875-64-9335,30/06/2024,5:07:00 pm,O. Poulett,Male,71,African American,None,Admission,10,45
195-51-1109,30/06/2024,6:39:00 pm,D. Earpe,Male,63,White,Cardiology,Not Admission,,60
778-27-5802,30/06/2024,9:07:00 am,D. Collymore,Female,14,African American,Orthopedics,Admission,,60
650-97-0593,30/06/2024,8:18:00 am,R. Rosten,Male,9,Two or More Races,None,Admission,,57
812-72-2025,30/06/2024,3:23:00 pm,E. Whitwam,Male,65,White,None,Not Admission,,54
355-78-1256,30/06/2024,8:31:00 am,Y. McGettigan,Male,47,African American,None,Not Admission,,51
686-80-9830,30/06/2024,12:25:00 pm,C. Lande,Male,37,White,None,Admission,,22
217-57-5300,30/06/2024,11:28:00 pm,J. Godson,Male,43,White,None,Not Admission,5,54
818-64-0082,30/06/2024,2:40:00 pm,P. Patrie,Female,69,African American,None,Not Admission,,32
663-08-4603,30/06/2024,9:56:00 am,I. Beverstock,Male,31,Native American/Alaska Native,None,Not Admission,,34
820-96-9624,30/06/2023,6:19:00 pm,B. Mottini,Female,16,Pacific Islander,None,Not Admission,,59
334-76-4005,30/06/2023,10:38:00 pm,J. Sibbit,Male,35,White,Orthopedics,Admission,,40
441-46-8707,30/06/2023,2:45:00 am,D. Filochov,Female,7,African American,Cardiology,Admission,,37
245-37-8627,30/06/2023,3:47:00 pm,I. Lilloe,Male,26,Asian,None,Admission,1,33
321-16-5497,30/06/2023,9:33:00 am,W. Armin,Male,74,White,None,Admission,,12
565-38-3119,30/06/2023,3:03:00 pm,M. McClaurie,Female,3,African American,Orthopedics,Not Admission,9,53
621-70-7472,30/06/2023,5:22:00 am,T. Bissiker,Female,63,Native American/Alaska Native,None,Admission,,25
497-14-4839,30/06/2023,1:48:00 am,W. Fergusson,Female,69,Two or More Races,None,Not Admission,,50
257-30-3026,30/06/2023,2:59:00 am,Q. Bonaire,Male,62,Two or More Races,Orthopedics,Not Admission,,47
624-13-6007,30/06/2023,8:58:00 am,Q. Izchaki,Female,20,White,General Practice,Admission,6,25
692-37-6345,30/06/2023,11:41:00 am,R. Salisbury,Female,15,White,None,Not Admission,,29
125-20-9526,30/06/2023,6:10:00 am,N. Matzaitis,Female,16,White,None,Admission,,24
747-07-7323,30/05/2024,12:00:00 pm,F. Dabinett,Female,11,White,Physiotherapy,Admission,,59
787-59-4271,30/05/2024,3:14:00 pm,N. McCole,Male,23,Asian,Orthopedics,Admission,3,35
203-70-6564,30/05/2024,3:07:00 am,X. McGarvey,Male,16,White,Orthopedics,Not Admission,9,60
347-45-3426,30/05/2024,4:20:00 pm,Z. Greystock,Female,23,Asian,None,Admission,,25
403-08-7603,30/05/2024,7:53:00 am,J. Horley,Female,40,Native American/Alaska Native,Neurology,Admission,,39
446-18-0337,30/05/2024,1:46:00 am,D. Scotson,Male,3,African American,None,Not Admission,,14
176-25-3650,30/05/2024,11:54:00 am,J. Dundridge,Male,29,Asian,Orthopedics,Not Admission,,43
421-32-5744,30/05/2024,11:22:00 am,P. Oke,Female,71,African American,General Practice,Not Admission,4,19
887-48-1552,30/05/2024,12:53:00 pm,G. Lewisham,Female,9,White,None,Admission,,48
846-58-7999,30/05/2024,6:14:00 am,R. Munby,Male,27,African American,None,Not Admission,8,14
199-31-7512,30/05/2024,11:51:00 pm,P. Razzell,Female,15,Declined to Identify,None,Not Admission,4,15
179-15-5492,30/05/2024,3:15:00 am,Q. Shipsey,Male,13,African American,General Practice,Not Admission,3,40
691-60-9872,30/05/2024,3:36:00 am,A. D'orsay,Female,59,Asian,Physiotherapy,Not Admission,8,46
387-40-4388,30/05/2024,6:44:00 am,K. Cruise,Male,31,White,Neurology,Not Admission,,44
169-60-7674,30/05/2024,3:45:00 am,S. Degoey,Male,62,Asian,Orthopedics,Admission,,29
126-82-7615,30/05/2023,9:04:00 am,G. Viggers,Male,50,Two or More Races,None,Not Admission,,30
745-02-2194,30/05/2023,11:48:00 am,Q. MacSkeagan,Female,39,African American,None,Admission,,17
711-63-4110,30/05/2023,7:37:00 am,M. Wetheril,Male,47,Declined to Identify,Cardiology,Not Admission,,23
628-24-0324,30/05/2023,4:27:00 pm,Z. Codner,Female,10,Asian,None,Not Admission,5,24
427-96-4240,30/05/2023,3:10:00 am,B. Utting,Female,36,White,None,Not Admission,,10
355-74-4996,30/05/2023,7:23:00 pm,N. Copcutt,Male,4,Declined to Identify,None,Not Admission,,22
685-54-9380,30/05/2023,3:24:00 am,I. Turmel,Female,45,Declined to Identify,None,Admission,,52
155-92-4223,30/05/2023,8:05:00 pm,I. Sheppey,Male,1,White,Orthopedics,Admission,,14
241-88-5414,30/05/2023,6:57:00 am,D. Keeton,Female,20,Native American/Alaska Native,General Practice,Not Admission,,16
899-48-1776,30/05/2023,6:23:00 pm,Y. Klemt,Female,23,African American,General Practice,Admission,,31
787-63-5091,30/05/2023,5:50:00 am,U. Haccleton,Male,2,African American,None,Not Admission,,28
315-73-8679,30/05/2023,5:02:00 pm,S. Duinkerk,Female,36,African American,None,Not Admission,1,14
177-26-6957,30/05/2023,8:56:00 pm,G. Hanfrey,Female,45,Two or More Races,General Practice,Admission,,34
679-04-2649,30/05/2023,4:08:00 am,L. Witherow,Female,47,African American,Orthopedics,Not Admission,7,37
164-75-9897,30/05/2023,7:35:00 pm,M. McEwan,Female,21,Two or More Races,General Practice,Admission,,53
248-18-0030,30/05/2023,8:59:00 am,G. Savill,Female,7,White,None,Not Admission,,54
880-24-0836,30/05/2023,2:40:00 am,P. Wais,Female,19,White,Physiotherapy,Not Admission,,26
469-17-6711,30/05/2023,5:46:00 am,Y. Spurr,Male,33,Two or More Races,None,Not Admission,,51
601-16-0575,30/05/2023,3:01:00 pm,N. Abramof,Male,77,African American,None,Not Admission,,21
370-75-6636,30/05/2023,8:21:00 am,O. Blissitt,Female,4,White,None,Not Admission,,32
567-43-8959,30/05/2023,8:38:00 am,M. Barrington,Female,18,Native American/Alaska Native,General Practice,Not Admission,,48
411-40-4241,30/05/2023,10:22:00 am,H. Longland,Female,62,Asian,General Practice,Admission,,49
197-31-7419,30/05/2023,1:54:00 pm,I. Zecchinelli,Female,39,African American,None,Admission,3,53
263-91-2295,30/05/2023,11:56:00 pm,U. Millions,Female,14,Two or More Races,None,Not Admission,,38
700-68-4912,30/04/2024,9:34:00 pm,A. Coombs,Female,22,African American,None,Admission,,38
599-32-7694,30/04/2024,7:40:00 pm,Q. Boothroyd,Male,9,Two or More Races,None,Not Admission,,21
879-99-8691,30/04/2024,7:28:00 pm,G. Jeanenet,Male,78,Asian,None,Not Admission,,49
234-08-8186,30/04/2024,10:57:00 pm,G. Gillaspy,Male,14,White,General Practice,Not Admission,,32
157-62-0102,30/04/2024,8:07:00 pm,Y. Sheldrick,Male,77,Native American/Alaska Native,None,Admission,9,24
345-64-5043,30/04/2024,4:22:00 pm,S. Gunner,Female,45,Declined to Identify,None,Not Admission,,56
890-16-9208,30/04/2024,9:40:00 am,X. Willimont,Female,73,White,None,Not Admission,3,43
228-19-2198,30/04/2024,1:12:00 am,N. Caneo,Female,19,Two or More Races,None,Not Admission,,22
396-62-3227,30/04/2024,12:59:00 am,U. Iwanowicz,Female,59,White,General Practice,Not Admission,,39
457-93-2979,30/04/2024,12:26:00 am,R. Snelgrove,Female,53,White,Orthopedics,Admission,,45
143-22-5332,30/04/2024,3:27:00 pm,M. Watt,Male,4,Declined to Identify,None,Admission,,54
564-07-6410,30/04/2024,12:12:00 pm,G. Sanders,Male,12,African American,None,Admission,,11
386-33-3422,30/04/2024,12:40:00 pm,G. Kemball,Male,8,African American,Orthopedics,Admission,3,51
607-36-7676,30/04/2024,11:52:00 am,U. Leall,Male,10,African American,None,Not Admission,,20
354-24-0826,30/04/2024,6:54:00 am,F. Demann,Male,70,African American,General Practice,Not Admission,,25
376-71-1232,30/04/2024,2:30:00 pm,W. Smidmore,Male,19,Asian,General Practice,Admission,,18
466-18-4689,30/04/2023,7:20:00 am,C. Tregensoe,Male,37,Pacific Islander,None,Not Admission,,28
189-09-9986,30/04/2023,6:15:00 pm,S. Noden,Female,60,Two or More Races,General Practice,Not Admission,1,49
218-44-6635,30/04/2023,4:41:00 am,R. Parsons,Male,36,Native American/Alaska Native,General Practice,Not Admission,,13
299-32-9018,30/04/2023,4:19:00 am,R. Kerins,Male,4,Native American/Alaska Native,Neurology,Not Admission,,27
781-76-4333,30/04/2023,3:28:00 am,A. Frisdick,Male,25,Two or More Races,None,Admission,8,53
175-33-9092,30/04/2023,8:32:00 am,K. Darnborough,Male,30,African American,None,Admission,,14
693-28-8846,30/04/2023,8:43:00 am,Q. Ragsdall,Male,63,White,General Practice,Not Admission,,53
301-60-1162,30/04/2023,3:33:00 pm,C. Pitts,Female,14,African American,General Practice,Not Admission,,27
807-60-0884,30/04/2023,4:37:00 am,O. Camoys,Male,19,Declined to Identify,None,Admission,,19
331-63-7662,30/04/2023,10:19:00 pm,Z. Taggett,Female,62,White,None,Not Admission,,11
121-30-7937,30/04/2023,4:33:00 am,T. Wilse,Male,71,African American,None,Not Admission,3,24
883-52-8117,30/04/2023,9:38:00 pm,P. Blasio,Male,2,Asian,None,Admission,8,44
870-81-1512,30/04/2023,12:38:00 pm,K. Massard,Female,56,Native American/Alaska Native,Neurology,Not Admission,,46
210-58-4747,30/04/2023,9:37:00 am,N. Massingberd,Male,43,White,None,Not Admission,8,50
233-33-9463,30/03/2024,3:05:00 am,I. Nornasell,Female,3,Two or More Races,None,Not Admission,3,15
723-85-9608,30/03/2024,6:30:00 pm,P. McMorran,Male,37,Asian,Physiotherapy,Admission,,35
314-50-1618,30/03/2024,5:54:00 pm,Y. Barhems,Male,52,African American,None,Not Admission,,27
540-85-3196,30/03/2024,6:10:00 am,E. Krollmann,Female,33,African American,None,Admission,,21
687-42-5489,30/03/2024,12:17:00 am,W. Poore,Male,69,Declined to Identify,None,Not Admission,,32
251-41-9778,30/03/2024,2:16:00 pm,W. Wark,Female,36,White,None,Not Admission,3,59
745-51-9971,30/03/2024,9:57:00 am,S. Melmeth,Male,6,Two or More Races,None,Admission,,11
678-22-5531,30/03/2024,6:09:00 pm,T. Threadgill,Male,27,African American,None,Admission,,20
198-08-3001,30/03/2024,7:42:00 pm,B. Dallow,Female,52,White,General Practice,Not Admission,,34
408-83-3720,30/03/2024,9:29:00 pm,U. Mathey,Male,38,Asian,Renal,Admission,0,40
101-66-4553,30/03/2024,2:12:00 pm,R. Odd,Female,14,Two or More Races,General Practice,Admission,,57
812-41-7789,30/03/2024,8:43:00 am,S. Argontt,Male,13,Asian,None,Admission,,31
467-58-5027,30/03/2024,7:38:00 pm,R. Willerstone,Male,41,African American,None,Admission,7,27
464-93-5592,30/03/2024,10:13:00 am,P. Caslane,Male,33,Two or More Races,Orthopedics,Admission,7,19
693-10-1328,30/01/2024,11:19:00 pm,I. Baish,Male,52,Two or More Races,None,Not Admission,,11
519-51-4443,30/01/2024,4:45:00 am,I. Kerss,Male,67,African American,None,Not Admission,,44
864-95-3743,30/01/2024,11:53:00 am,Y. Figiovanni,Male,14,African American,None,Not Admission,,34
164-26-6306,30/01/2024,6:23:00 pm,X. Griffen,Male,72,Declined to Identify,General Practice,Admission,,12
395-56-6604,30/01/2024,4:25:00 am,E. Gamett,Male,53,African American,None,Not Admission,,11
119-30-5643,30/01/2024,9:03:00 pm,M. MacAndreis,Male,17,Declined to Identify,General Practice,Not Admission,,46
409-75-3660,30/01/2024,8:04:00 pm,M. McKintosh,Male,73,Asian,None,Admission,7,26
744-40-2958,30/01/2024,1:54:00 am,H. Dillow,Male,27,African American,None,Admission,,41
234-47-1462,30/01/2024,4:53:00 pm,C. Trainer,Male,7,White,None,Admission,4,46
635-03-0538,30/01/2024,11:57:00 pm,F. Mcwhinnie,Female,67,Two or More Races,General Practice,Not Admission,,57
783-12-5617,30/01/2024,1:14:00 pm,S. Dawidsohn,Male,71,White,None,Admission,,47
339-22-8496,30/01/2024,4:12:00 am,P. Gehrels,Male,22,White,None,Not Admission,4,49
433-82-5158,30/01/2024,4:00:00 pm,S. Broughton,Female,35,African American,Neurology,Admission,,16
238-32-7536,30/01/2024,7:17:00 pm,B. Draude,Female,57,Declined to Identify,None,Not Admission,,23
327-39-0494,03/09/2024,3:52:00 am,H. Wharby,Male,19,Two or More Races,Gastroenterology,Not Admission,,17
457-19-5880,03/09/2024,4:59:00 pm,X. Yurkov,Male,45,White,None,Not Admission,,16
824-30-1382,03/09/2024,10:31:00 am,H. Gifford,Female,14,White,Neurology,Admission,2,49
218-23-7747,03/09/2024,2:12:00 am,O. Steddall,Female,27,White,None,Not Admission,,46
869-02-5604,03/09/2024,6:33:00 pm,D. Hizir,Female,43,Two or More Races,General Practice,Not Admission,,43
222-98-4258,03/09/2024,1:19:00 am,Q. Leyborne,Female,37,Pacific Islander,None,Not Admission,,29
482-40-7597,03/09/2024,6:54:00 pm,X. Lyndon,Female,27,African American,None,Not Admission,5,18
103-94-9474,03/09/2024,4:30:00 am,S. Ronald,Female,68,African American,Orthopedics,Admission,,30
313-83-5518,03/09/2024,4:23:00 pm,N. Older,Female,66,White,None,Admission,,52
198-78-1461,03/09/2024,2:06:00 pm,B. Gravey,Male,7,African American,None,Not Admission,,45
719-92-0551,03/09/2024,2:15:00 pm,T. Mosdell,Male,35,Asian,None,Not Admission,2,56
508-21-1465,03/09/2024,8:09:00 am,B. Nealand,Male,28,Two or More Races,None,Not Admission,,33
525-21-3877,03/09/2024,2:51:00 pm,Y. Reskelly,Male,28,Declined to Identify,General Practice,Not Admission,6,37
295-04-1906,03/09/2024,1:18:00 pm,B. Skin,Female,62,White,General Practice,Not Admission,0,47
766-68-5079,03/09/2024,8:13:00 pm,A. Waterdrinker,Male,33,Two or More Races,None,Admission,,51
586-80-5588,03/09/2024,11:59:00 pm,F. Tredwell,Female,45,Two or More Races,None,Admission,,11
535-36-0130,03/09/2024,5:53:00 pm,W. Byrch,Female,50,White,None,Not Admission,5,19
766-92-5908,03/09/2024,12:20:00 am,C. Kimblin,Male,16,White,None,Admission,,46
431-88-1973,03/09/2024,10:06:00 pm,A. Rowbottam,Male,20,Two or More Races,General Practice,Not Admission,7,45
602-29-7310,03/09/2024,1:37:00 am,N. Legrand,Male,10,White,None,Admission,,21
713-02-0756,03/09/2023,4:50:00 am,U. Filde,Female,65,White,None,Admission,,46
514-02-3855,03/09/2023,4:09:00 pm,B. Winterbourne,Female,27,White,None,Admission,,38
186-57-3914,03/09/2023,9:55:00 am,I. Jean,Female,33,Declined to Identify,None,Admission,,24
880-32-4372,03/09/2023,2:13:00 pm,S. Castlake,Female,76,Native American/Alaska Native,None,Not Admission,,50
842-53-5003,03/09/2023,1:49:00 pm,E. Ricketts,Male,74,Declined to Identify,None,Admission,3,56
442-16-0232,03/09/2023,11:18:00 pm,Z. Covil,Male,1,Asian,Neurology,Admission,,30
277-12-6417,03/09/2023,11:13:00 am,V. Whittington,Female,66,White,None,Not Admission,,40
810-56-7934,03/09/2023,9:33:00 pm,Q. Perton,Female,27,Asian,General Practice,Admission,,23
229-50-4595,03/09/2023,1:29:00 am,F. Neubigging,Male,19,African American,None,Admission,,19
203-83-9332,03/09/2023,12:21:00 pm,G. Bending,Male,24,White,General Practice,Not Admission,7,57
898-98-4823,03/09/2023,4:29:00 pm,H. Klais,Female,56,White,General Practice,Not Admission,,48
672-89-2190,03/09/2023,6:39:00 pm,K. Rushmare,Femaleemale,33,Declined to Identify,None,Admission,3,16
790-05-2176,03/09/2023,11:53:00 am,X. Schnieder,Male,74,White,None,Not Admission,,36
754-28-0977,03/09/2023,2:07:00 pm,L. Joul,Male,39,Declined to Identify,None,Admission,1,29
452-12-7042,03/09/2023,8:37:00 am,T. Shieldon,Female,7,African American,None,Admission,,50
868-24-1141,03/09/2023,4:28:00 am,Z. Sallis,Male,21,Asian,General Practice,Admission,4,17
325-46-8339,03/09/2023,8:50:00 pm,M. Gierke,Female,73,White,Neurology,Admission,,16
802-14-1812,03/08/2024,8:24:00 am,J. Methven,Male,61,Asian,Orthopedics,Admission,7,52
614-30-7245,03/08/2024,6:41:00 pm,S. Blinder,Female,6,White,Orthopedics,Not Admission,,24
468-99-2447,03/08/2024,1:33:00 am,W. Galea,Female,66,Declined to Identify,None,Not Admission,,11
483-85-8123,03/08/2024,8:56:00 pm,Q. Flamank,Female,5,Declined to Identify,General Practice,Admission,,34
642-26-9810,03/08/2024,12:55:00 pm,G. Mellodey,Male,35,African American,None,Not Admission,,58
690-03-4668,03/08/2024,1:27:00 am,T. Stonard,Male,61,Two or More Races,Orthopedics,Admission,,18
170-78-1385,03/08/2024,2:16:00 pm,P. Aggiss,Female,30,White,None,Not Admission,,31
792-98-0919,03/08/2024,4:00:00 am,K. Thompson,Female,19,Asian,Physiotherapy,Not Admission,9,56
682-93-1787,03/08/2024,3:36:00 pm,P. Vesty,Male,30,Native American/Alaska Native,None,Admission,,38
280-97-8515,03/08/2024,4:48:00 pm,Y. Tradewell,Male,23,White,None,Admission,,49
610-42-3028,03/08/2024,7:14:00 am,Y. Coghill,Male,6,African American,Orthopedics,Not Admission,,42
225-87-5051,03/08/2024,4:37:00 am,G. Swinfen,Male,47,Pacific Islander,None,Not Admission,8,13
689-35-5574,03/08/2024,3:46:00 am,S. Flippini,Male,65,White,General Practice,Not Admission,3,40
242-46-7448,03/08/2024,3:50:00 am,U. Chippin,Female,29,White,Neurology,Not Admission,10,20
757-84-7402,03/08/2023,11:36:00 am,K. Lidbetter,Male,65,Declined to Identify,None,Not Admission,,30
681-87-8647,03/08/2023,2:42:00 pm,N. Edens,Female,70,White,Orthopedics,Not Admission,,19
634-26-5317,03/08/2023,10:51:00 am,M. Bruyntjes,Female,2,Pacific Islander,None,Admission,,42
615-82-7141,03/08/2023,5:19:00 pm,M. Mein,Male,53,Pacific Islander,Cardiology,Admission,7,45
678-63-5805,03/08/2023,6:49:00 am,Q. Gheeorghie,Male,52,Declined to Identify,None,Not Admission,,11
292-50-3675,03/08/2023,12:51:00 pm,E. Kornalik,Male,33,African American,None,Not Admission,10,47
201-34-0312,03/08/2023,12:37:00 am,P. Dugdale,Male,34,White,General Practice,Not Admission,,49
313-31-2353,03/08/2023,12:27:00 am,F. Wellington,Female,30,Asian,None,Admission,7,40
290-54-9915,03/08/2023,10:47:00 am,D. Grinvalds,Male,30,White,None,Not Admission,1,42
542-95-0022,03/08/2023,10:52:00 pm,F. Rosson,Female,1,Two or More Races,General Practice,Admission,,18
738-82-3669,03/08/2023,6:29:00 pm,X. Faldo,Female,79,White,None,Not Admission,,48
758-79-5456,03/08/2023,11:19:00 pm,W. MacKilroe,Female,38,Asian,None,Admission,0,46
597-81-4011,03/08/2023,1:43:00 pm,D. Lifsey,Female,61,Two or More Races,General Practice,Not Admission,,41
327-71-5579,03/08/2023,7:52:00 am,Z. Keighly,Female,14,Asian,None,Not Admission,,24
207-05-0110,03/08/2023,11:06:00 am,N. Poleye,Female,11,African American,None,Not Admission,,45
405-65-1693,03/08/2023,1:05:00 am,A. Kobke,Male,24,White,Orthopedics,Admission,7,59
185-01-7702,03/08/2023,7:29:00 pm,J. Foltin,Male,68,White,None,Admission,,56
172-22-0283,03/07/2024,2:38:00 am,J. Soall,Female,75,Native American/Alaska Native,None,Not Admission,8,14
328-99-8282,03/07/2024,9:19:00 am,R. Hitscher,Male,29,White,None,Admission,3,49
401-73-9481,03/07/2024,7:55:00 pm,P. Ivanilov,Male,19,Two or More Races,General Practice,Admission,,12
500-31-0203,03/07/2024,2:40:00 pm,T. Congdon,Female,23,Native American/Alaska Native,Orthopedics,Not Admission,,11
831-50-1174,03/07/2024,3:45:00 am,F. Jamary,Male,18,Declined to Identify,None,Not Admission,7,30
396-32-6551,03/07/2024,12:56:00 pm,Y. Lightman,Male,20,Declined to Identify,None,Not Admission,,59
820-29-5670,03/07/2024,7:17:00 pm,N. Pemble,Male,32,Asian,None,Admission,,59
264-76-9841,03/07/2024,5:50:00 pm,V. Rawdales,Male,53,Declined to Identify,None,Not Admission,,17
853-59-3857,03/07/2024,12:30:00 pm,C. Hakking,Female,29,Asian,None,Admission,,34
459-06-7854,03/07/2024,11:56:00 pm,I. Miguet,Female,65,White,None,Admission,,23
682-37-1367,03/07/2024,9:23:00 pm,R. Clayworth,Male,24,White,None,Not Admission,1,30
637-94-6670,03/07/2024,12:51:00 pm,M. Rozalski,Male,68,African American,None,Not Admission,,44
695-55-0089,03/07/2023,12:31:00 pm,B. Grigaut,Male,62,Declined to Identify,Physiotherapy,Not Admission,,27
367-52-9587,03/07/2023,8:27:00 pm,R. Millan,Female,75,White,Cardiology,Admission,,34
697-08-8904,03/07/2023,1:53:00 am,D. Sneddon,Female,72,White,Cardiology,Not Admission,,41
669-18-2341,03/07/2023,6:28:00 pm,G. Prazer,Female,37,Two or More Races,Physiotherapy,Not Admission,,49
415-78-9426,03/07/2023,9:25:00 am,C. Simkins,Male,9,White,None,Admission,,18
264-08-7077,03/07/2023,2:47:00 pm,B. Manntschke,Female,40,White,None,Admission,,27
500-68-3605,03/07/2023,9:28:00 am,Z. Carsberg,Female,66,Two or More Races,None,Admission,,30
120-37-2360,03/07/2023,4:08:00 pm,Q. Carbett,Male,65,White,None,Admission,2,44
430-40-6651,03/07/2023,9:04:00 am,E. Bentz,Male,76,White,None,Admission,3,50
504-48-7349,03/07/2023,3:07:00 am,N. Clyma,Female,43,Two or More Races,None,Admission,,47
646-89-4565,03/07/2023,3:05:00 pm,U. Claringbold,Female,48,White,Orthopedics,Not Admission,,35
521-73-3836,03/07/2023,6:09:00 am,S. Yuill,Male,49,Two or More Races,None,Admission,,52
271-72-3005,03/07/2023,12:34:00 pm,B. Nealy,Male,33,Native American/Alaska Native,None,Admission,,16
691-30-0132,03/07/2023,2:52:00 am,B. McComb,Male,13,White,Orthopedics,Not Admission,,57
545-31-8610,03/07/2023,8:28:00 pm,I. Rikel,Male,7,Declined to Identify,Orthopedics,Not Admission,,44
367-28-5660,03/07/2023,1:12:00 pm,Y. Skouling,Female,70,Pacific Islander,None,Not Admission,,35
359-56-0973,03/06/2024,1:09:00 pm,T. Hehnke,Male,48,African American,General Practice,Admission,1,32
521-01-3986,03/06/2024,4:29:00 am,N. Stych,Female,12,Declined to Identify,Orthopedics,Not Admission,0,57
155-30-0799,03/06/2024,10:56:00 pm,G. Trever,Male,65,Two or More Races,General Practice,Admission,,25
863-56-7331,03/06/2024,10:03:00 pm,C. Sharper,Male,79,Two or More Races,None,Admission,6,58
794-84-8070,03/06/2024,6:41:00 am,C. Beining,Male,11,African American,None,Not Admission,3,41
685-99-9934,03/06/2024,12:49:00 am,M. Carnilian,Female,18,White,None,Not Admission,,35
814-11-2492,03/06/2024,4:20:00 am,T. Fedorski,Female,64,African American,Orthopedics,Not Admission,,43
663-72-5329,03/06/2024,6:24:00 pm,I. Prydden,Female,61,Asian,None,Admission,,47
213-36-0331,03/06/2024,11:07:00 pm,W. Feechum,Female,72,African American,None,Not Admission,,44
850-19-4604,03/06/2024,7:37:00 pm,H. Cheeke,Female,67,African American,None,Not Admission,1,40
363-26-2671,03/06/2024,12:16:00 pm,N. Adran,Female,25,Native American/Alaska Native,Orthopedics,Not Admission,0,32
886-96-6452,03/06/2024,5:17:00 am,C. Mellhuish,Female,31,Two or More Races,None,Admission,,47
789-12-9925,03/06/2024,11:18:00 pm,V. Mundy,Female,4,White,None,Admission,,46
357-89-2203,03/06/2024,11:06:00 pm,Q. McGonigal,Female,56,White,Orthopedics,Not Admission,,40
606-09-4086,03/06/2024,3:45:00 am,A. Sullly,Male,78,Two or More Races,None,Admission,,24
705-84-9983,03/06/2024,12:53:00 am,G. Mutter,Female,48,Two or More Races,None,Not Admission,,12
429-31-3229,03/06/2024,6:24:00 pm,P. Zavattari,Female,72,White,Neurology,Admission,,16
143-37-8396,03/06/2024,4:31:00 am,I. McClintock,Male,74,Asian,None,Not Admission,10,32
892-21-6166,03/06/2024,8:51:00 pm,H. Ivanyushin,Male,20,Asian,None,Not Admission,,42
389-89-2868,03/06/2024,8:34:00 pm,U. Brandassi,Female,61,Two or More Races,General Practice,Not Admission,,29
432-67-1519,03/06/2024,2:05:00 am,M. Jost,Female,55,Two or More Races,General Practice,Admission,,36
635-55-6937,03/06/2024,3:13:00 am,Y. Gostridge,Male,23,African American,Physiotherapy,Not Admission,6,52
773-97-1480,03/06/2024,10:34:00 am,O. Elliman,Female,46,White,None,Admission,,56
844-21-7153,03/06/2023,9:06:00 pm,E. Gaskamp,Female,74,White,Orthopedics,Admission,,17
759-40-6832,03/06/2023,2:37:00 pm,K. Luparto,Male,10,Two or More Races,Orthopedics,Admission,,43
218-83-3717,03/06/2023,4:49:00 pm,V. Goodred,Female,23,White,None,Admission,,39
531-31-3664,03/06/2023,9:04:00 pm,J. Thexton,Male,8,African American,None,Not Admission,9,11
438-41-3249,03/06/2023,5:45:00 am,Q. Trees,Female,7,Declined to Identify,None,Admission,,29
213-83-0677,03/06/2023,12:07:00 am,O. Rundall,Male,62,Native American/Alaska Native,General Practice,Not Admission,,11
556-28-7915,03/06/2023,12:33:00 pm,X. Spandley,Female,78,Asian,General Practice,Not Admission,,21
397-44-2425,03/06/2023,1:27:00 am,O. Tincombe,Male,17,Two or More Races,General Practice,Not Admission,5,12
337-14-0634,03/06/2023,3:16:00 am,W. Vittel,Male,28,Pacific Islander,Orthopedics,Admission,,46
892-34-1050,03/06/2023,1:38:00 am,C. Braunroth,Male,73,African American,None,Not Admission,,60
662-52-4940,03/06/2023,3:13:00 pm,L. Hume,Male,68,Two or More Races,General Practice,Not Admission,6,30
188-23-2789,03/06/2023,7:28:00 am,T. Dignam,Male,28,Declined to Identify,Orthopedics,Admission,,37
785-87-9452,03/06/2023,2:54:00 pm,V. Gentle,Male,17,Two or More Races,None,Admission,,40
103-66-1502,03/06/2023,1:14:00 pm,I. MacBean,Female,20,White,General Practice,Admission,,20
701-50-9412,03/06/2023,3:48:00 am,P. Kordt,Male,43,Pacific Islander,None,Not Admission,,41
146-06-4600,03/06/2023,2:15:00 am,G. Gilfether,Female,31,Declined to Identify,None,Not Admission,,52
349-88-0069,03/06/2023,9:28:00 pm,H. Lutwidge,Male,16,Declined to Identify,General Practice,Not Admission,,54
639-25-3650,03/06/2023,9:01:00 am,J. Feavearyear,Male,74,White,Physiotherapy,Admission,,45
853-54-6536,03/06/2023,5:32:00 am,S. Mattaus,Male,74,White,General Practice,Not Admission,,14
607-83-7802,03/05/2024,10:56:00 pm,K. Coumbe,Female,26,Declined to Identify,None,Not Admission,,42
716-81-0777,03/05/2024,4:06:00 pm,F. Itzakovitz,Male,38,White,None,Not Admission,7,43
445-89-6727,03/05/2024,2:36:00 pm,X. Fullagar,Male,51,Pacific Islander,None,Admission,,33
607-76-9368,03/05/2024,6:27:00 pm,E. Finnemore,Male,41,White,None,Not Admission,,16
297-21-1996,03/05/2024,3:50:00 pm,N. Beat,Female,11,African American,General Practice,Admission,9,53
883-95-6206,03/05/2024,8:42:00 am,N. Whooley,Female,54,Declined to Identify,None,Not Admission,,42
150-72-7421,03/05/2024,3:05:00 am,M. Lister,Male,23,White,None,Admission,10,53
601-32-8756,03/05/2024,4:49:00 am,I. Sissel,Female,8,Asian,None,Not Admission,7,54
462-37-3053,03/05/2024,4:14:00 pm,A. Hempel,Male,41,Declined to Identify,None,Admission,,23
403-56-9380,03/05/2024,12:53:00 am,Q. Orr,Male,60,White,None,Admission,,44
761-16-5119,03/05/2024,11:05:00 am,Q. Petru,Female,25,Two or More Races,General Practice,Not Admission,,41
424-87-5977,03/05/2024,12:39:00 pm,S. Wasteney,Male,55,Asian,None,Admission,,36
409-52-4416,03/05/2024,10:25:00 am,S. Gately,Female,74,African American,Orthopedics,Not Admission,,43
747-13-8438,03/05/2024,11:40:00 am,X. East,Male,34,White,None,Admission,,22
249-51-3100,03/05/2024,11:26:00 pm,T. Gooddy,Female,56,African American,None,Admission,,57
185-95-8729,03/05/2024,5:57:00 pm,B. Tayloe,Male,69,African American,Neurology,Not Admission,,57
444-32-3737,03/05/2024,12:57:00 am,Q. Robak,Female,22,White,Neurology,Admission,,14
733-79-4603,03/05/2024,5:59:00 pm,H. Mcimmie,Male,69,Native American/Alaska Native,General Practice,Not Admission,,16
505-14-5247,03/05/2024,11:14:00 am,V. Gidden,Male,14,Pacific Islander,General Practice,Not Admission,2,17
642-92-2378,03/05/2024,3:16:00 am,I. O' Meara,Female,39,White,None,Admission,5,29
314-88-4499,03/05/2024,5:37:00 am,B. Doy,Male,6,Declined to Identify,None,Not Admission,7,22
706-06-5485,03/05/2023,10:00:00 pm,U. Dyka,Female,48,Declined to Identify,None,Not Admission,,53
693-69-3206,03/05/2023,2:08:00 pm,J. Trelevan,Male,39,Asian,None,Admission,6,40
780-83-2349,03/05/2023,9:30:00 pm,S. Sketch,Male,32,White,Orthopedics,Not Admission,,55
286-21-4061,03/05/2023,12:11:00 pm,X. Raden,Male,28,Asian,None,Not Admission,6,17
388-92-5029,03/05/2023,12:33:00 am,D. Titterell,Female,15,Native American/Alaska Native,None,Not Admission,,49
150-10-7152,03/05/2023,2:18:00 am,T. Polle,Male,17,Asian,Physiotherapy,Admission,,46
715-52-4357,03/05/2023,10:42:00 pm,J. Davey,Female,35,Two or More Races,None,Admission,2,59
478-58-9136,03/05/2023,11:27:00 am,B. Judkin,Female,65,African American,None,Admission,,54
137-94-4888,03/05/2023,6:23:00 am,E. Mattheis,Female,31,White,General Practice,Not Admission,7,43
240-13-4972,03/05/2023,9:15:00 pm,A. Warriner,Male,5,Declined to Identify,Neurology,Not Admission,,18
759-67-8916,03/05/2023,9:05:00 am,H. Harrower,Female,69,Two or More Races,None,Admission,,44
133-65-2351,03/05/2023,4:59:00 am,H. de la Valette Parisot,Female,76,Asian,Orthopedics,Admission,,57
548-85-7423,03/05/2023,2:51:00 pm,X. Mcsarry,Female,59,African American,Gastroenterology,Admission,,45
845-94-0950,03/05/2023,7:49:00 pm,U. Bloy,Female,63,Two or More Races,Cardiology,Admission,,25
575-80-2143,03/05/2023,12:50:00 pm,B. Swayte,Female,11,Pacific Islander,None,Admission,,10
200-67-7295,03/05/2023,8:24:00 am,V. Bartrum,Female,76,White,None,Admission,,41
459-89-1735,03/05/2023,5:33:00 am,L. Cattell,Male,55,African American,General Practice,Not Admission,,58
389-47-4560,03/05/2023,7:06:00 pm,Z. Klaggeman,Male,79,White,None,Admission,,25
893-71-6988,03/05/2023,7:31:00 am,Q. Hogben,Female,36,Two or More Races,None,Not Admission,,50
319-81-9733,03/05/2023,9:15:00 am,L. Bilton,Female,58,Declined to Identify,General Practice,Admission,9,33
727-99-6666,03/04/2024,12:42:00 pm,S. Ions,Male,54,White,None,Not Admission,1,45
859-35-4402,03/04/2024,10:25:00 pm,H. Wyburn,Male,1,Pacific Islander,Renal,Admission,8,31
403-12-7738,03/04/2024,6:24:00 am,W. Blenkinsop,Female,18,African American,General Practice,Not Admission,,23
792-34-9406,03/04/2024,4:00:00 am,D. Eberts,Male,48,African American,None,Admission,,10
387-11-4530,03/04/2024,7:49:00 am,J. Stanyer,Female,53,White,General Practice,Admission,,43
562-98-3699,03/04/2024,3:30:00 am,L. Yglesia,Male,28,White,General Practice,Not Admission,4,25
659-77-8969,03/04/2024,7:49:00 pm,T. Sawdon,Male,20,African American,None,Not Admission,4,27
381-26-1729,03/04/2024,1:19:00 pm,U. Sagg,Female,25,Declined to Identify,Neurology,Not Admission,6,52
697-61-8367,03/04/2024,7:53:00 pm,B. Meeking,Male,45,Asian,Orthopedics,Not Admission,,37
356-33-9826,03/04/2024,1:24:00 pm,D. Depka,Male,29,White,None,Admission,,15
790-43-2241,03/04/2024,9:55:00 pm,M. Nunn,Male,37,African American,None,Not Admission,,20
195-47-5384,03/04/2024,4:49:00 am,S. Saltrese,Male,34,White,None,Admission,,20
225-36-2835,03/04/2024,5:29:00 am,Y. Haville,Male,63,Pacific Islander,None,Admission,,17
365-31-3656,03/04/2024,2:39:00 am,R. Cornner,Female,15,White,General Practice,Admission,,53
511-79-3919,03/04/2024,10:43:00 pm,K. Dessaur,Female,72,White,General Practice,Not Admission,,33
507-75-5145,03/04/2024,8:19:00 am,C. Guite,Female,22,Asian,Orthopedics,Admission,,52
369-81-8304,03/04/2024,10:23:00 am,U. Nollet,Male,49,African American,Gastroenterology,Not Admission,,47
388-42-8354,03/04/2023,12:31:00 pm,P. Sibbons,Male,12,African American,None,Not Admission,,16
453-73-0932,03/04/2023,1:26:00 am,T. Antognoni,Female,42,White,General Practice,Admission,0,13
574-27-8945,03/04/2023,10:00:00 am,X. Presidey,Male,3,Asian,Orthopedics,Admission,,22
747-20-4937,03/04/2023,8:16:00 pm,W. Fydo,Male,65,White,None,Not Admission,10,38
802-23-8057,03/04/2023,4:53:00 am,R. Huc,Male,68,Declined to Identify,None,Admission,1,31
270-19-6893,03/04/2023,6:32:00 pm,B. Tucknott,Male,21,White,None,Not Admission,,54
321-06-1856,03/04/2023,3:44:00 pm,O. McEnteggart,Male,57,African American,Cardiology,Not Admission,,31
268-52-0413,03/04/2023,9:56:00 pm,O. Hailston,Female,36,African American,General Practice,Not Admission,,36
745-93-0856,03/04/2023,10:14:00 am,P. Ricciardiello,Male,77,African American,Orthopedics,Admission,,37
605-80-1296,03/04/2023,6:16:00 pm,Z. Ruffles,Male,26,Declined to Identify,None,Not Admission,10,41
848-86-1919,03/04/2023,9:57:00 pm,U. Lebourn,Female,61,Two or More Races,General Practice,Admission,,42
677-08-7636,03/04/2023,12:57:00 pm,C. Maylin,Male,79,Asian,None,Admission,,47
203-87-2918,03/04/2023,6:51:00 am,I. Betonia,Female,2,Two or More Races,None,Admission,,52
681-69-3937,03/04/2023,2:56:00 pm,R. Maffezzoli,Male,64,Asian,General Practice,Not Admission,2,15
285-35-2292,03/03/2024,7:03:00 am,Y. Cuthill,Female,36,White,None,Not Admission,,49
419-61-3209,03/03/2024,7:57:00 am,C. Hassett,Male,55,Asian,Orthopedics,Admission,,33
636-38-5841,03/03/2024,5:11:00 am,E. Gumme,Male,46,White,None,Not Admission,,23
843-80-4343,03/03/2024,3:52:00 pm,K. O'Caherny,Male,28,White,None,Not Admission,,50
203-82-4463,03/03/2024,7:49:00 am,U. Burgwin,Female,54,White,None,Admission,,37
609-51-6263,03/03/2024,7:28:00 am,P. Coda,Female,14,African American,None,Admission,,60
688-14-6386,03/03/2024,4:23:00 am,Z. Kondratenya,Female,53,Native American/Alaska Native,Neurology,Admission,,29
893-64-0686,03/03/2024,8:25:00 pm,A. Rudolfer,Female,71,Two or More Races,General Practice,Admission,,46
471-87-4670,03/03/2024,8:30:00 pm,M. Creighton,Male,51,Two or More Races,None,Admission,,44
211-48-9357,03/03/2024,9:51:00 am,N. Brunner,Male,38,African American,Orthopedics,Not Admission,3,15
266-96-6521,03/03/2024,1:57:00 am,W. Bliven,Male,25,Declined to Identify,None,Admission,,37
428-79-0023,03/03/2024,10:39:00 pm,N. Cabrara,Male,39,African American,None,Admission,,36
132-30-5293,03/03/2024,1:46:00 pm,V. Bussy,Male,5,Native American/Alaska Native,None,Not Admission,,56
818-67-0399,03/03/2024,8:32:00 pm,Q. Erlam,Female,45,Two or More Races,Orthopedics,Admission,0,60
676-71-8991,03/03/2024,2:26:00 pm,O. Wisby,Female,14,African American,None,Admission,,10
240-40-5984,03/03/2024,9:41:00 am,D. Stinton,Male,55,Two or More Races,None,Admission,,11
264-24-7455,03/03/2024,2:02:00 am,W. Normanvill,Male,27,Asian,Orthopedics,Admission,,50
218-59-5559,03/03/2024,5:17:00 am,T. Geistmann,Female,52,Two or More Races,None,Admission,,34
816-72-0393,03/03/2024,9:43:00 am,N. Tohill,Female,78,White,Physiotherapy,Not Admission,,30
400-75-0750,03/03/2024,6:21:00 pm,O. Moriarty,Female,14,Asian,None,Not Admission,,42
309-34-4512,03/03/2024,10:53:00 pm,V. Everill,Female,8,African American,Orthopedics,Not Admission,,51
797-70-2349,03/03/2024,9:12:00 am,N. Wallwork,Female,55,White,Orthopedics,Admission,,25
433-77-2388,03/03/2024,2:03:00 am,T. Robottom,Male,1,Two or More Races,Orthopedics,Not Admission,,30
134-42-6830,03/03/2024,4:05:00 am,A. Sprackling,Female,16,Asian,None,Not Admission,,13
416-95-3368,03/02/2024,10:36:00 am,K. Mushart,Female,54,African American,Orthopedics,Not Admission,,19
612-96-3788,03/02/2024,6:56:00 am,R. Mann,Male,46,White,Orthopedics,Not Admission,5,32
848-13-6227,03/02/2024,8:15:00 am,D. Reeves,Female,77,African American,None,Not Admission,1,25
897-32-9183,03/02/2024,5:02:00 pm,I. Hunstone,Female,26,Two or More Races,None,Admission,,16
806-35-1624,03/02/2024,3:22:00 am,K. Thickins,Male,18,Two or More Races,None,Not Admission,5,23
645-79-2722,03/02/2024,10:38:00 am,I. McClounan,Female,27,Declined to Identify,None,Admission,,33
474-66-5740,03/02/2024,4:11:00 pm,Y. Unthank,Female,42,Declined to Identify,None,Admission,,45
885-91-3054,03/02/2024,10:51:00 am,C. Bernhard,Female,23,Declined to Identify,None,Admission,8,42
634-41-8155,03/12/2023,11:00:00 pm,D. Mason,Male,39,African American,General Practice,Admission,0,54
140-29-8809,03/12/2023,2:24:00 am,O. Burris,Male,32,White,None,Admission,,59
148-56-6438,03/12/2023,2:05:00 am,Q. Farloe,Female,56,Two or More Races,None,Admission,,28
726-87-5473,03/12/2023,3:18:00 pm,W. Attride,Female,28,African American,None,Admission,,30
433-35-8228,03/12/2023,1:22:00 am,W. Gebb,Male,38,White,General Practice,Not Admission,,39
641-23-5829,03/12/2023,11:21:00 pm,T. Dalgety,Female,20,White,None,Admission,9,11
534-18-3151,03/12/2023,1:48:00 am,B. Collibear,Male,67,Two or More Races,General Practice,Not Admission,,37
872-04-2237,03/12/2023,3:41:00 pm,W. Northcliffe,Female,52,African American,None,Not Admission,,22
725-05-3696,03/12/2023,8:54:00 pm,E. Bonsul,Male,36,African American,General Practice,Admission,,21
303-34-3215,03/12/2023,8:34:00 pm,I. Cutajar,Male,30,White,None,Admission,,39
440-08-8558,03/12/2023,10:47:00 pm,A. Sneezem,Female,49,White,None,Not Admission,,33
268-45-1271,03/12/2023,10:12:00 pm,G. Gillino,Female,21,African American,Cardiology,Not Admission,,17
873-33-0832,03/12/2023,8:16:00 pm,P. Giffon,Male,29,White,Orthopedics,Not Admission,3,39
806-40-3954,03/12/2023,10:09:00 am,W. Labbati,Female,35,Native American/Alaska Native,None,Not Admission,,60
291-37-1682,03/11/2023,4:51:00 pm,T. Cabedo,Male,53,Native American/Alaska Native,General Practice,Admission,,42
373-06-3637,03/11/2023,3:21:00 pm,X. Paddock,Male,15,White,None,Not Admission,,12
819-36-3342,03/11/2023,3:20:00 pm,O. Aggs,Male,19,Pacific Islander,General Practice,Admission,,14
661-01-7056,03/11/2023,8:54:00 am,F. Cowlas,Male,42,Native American/Alaska Native,General Practice,Not Admission,8,60
258-60-6957,03/11/2023,3:44:00 pm,X. Pomfrett,Female,20,Two or More Races,General Practice,Not Admission,1,21
475-87-9207,03/11/2023,12:16:00 pm,A. Gjerde,Female,30,African American,None,Not Admission,,54
249-17-8640,03/11/2023,2:53:00 pm,S. Fickling,Female,69,Declined to Identify,None,Admission,,35
445-98-3362,03/11/2023,6:04:00 pm,N. Ebertz,Female,65,Asian,None,Admission,4,21
226-88-9164,03/11/2023,5:34:00 pm,M. Scholcroft,Male,63,Declined to Identify,None,Not Admission,,54
173-94-4958,03/11/2023,6:18:00 am,A. Bevan,Female,51,Native American/Alaska Native,None,Admission,4,27
100-67-1276,03/11/2023,8:26:00 am,S. Hallbird,Male,55,White,Orthopedics,Admission,10,11
339-36-5145,03/11/2023,2:15:00 am,F. Tregear,Male,24,Asian,Orthopedics,Admission,,36
695-66-2594,03/11/2023,11:06:00 am,U. Puddicombe,Male,75,Two or More Races,None,Admission,,44
599-65-8051,03/11/2023,1:56:00 pm,B. Sivess,Male,35,Asian,Orthopedics,Not Admission,,50
195-22-5174,03/10/2024,11:29:00 pm,K. Larrat,Female,25,Two or More Races,General Practice,Not Admission,,46
553-19-7556,03/10/2024,6:26:00 pm,N. Egdell,Male,5,Asian,None,Not Admission,,27
448-30-0204,03/10/2024,1:46:00 pm,C. Minelli,Male,41,Two or More Races,None,Admission,,21
142-53-1650,03/10/2024,1:20:00 pm,N. Deport,Male,3,White,None,Admission,,25
329-52-8249,03/10/2024,7:06:00 am,W. Snoddon,Male,73,African American,None,Not Admission,,21
717-51-2915,03/10/2024,11:40:00 pm,X. Shiels,Female,7,White,Orthopedics,Admission,,32
797-20-9107,03/10/2024,7:33:00 pm,C. Kyte,Female,59,African American,None,Admission,,18
286-72-6973,03/10/2024,11:14:00 pm,I. Hollebon,Female,26,Pacific Islander,None,Admission,,30
454-08-5050,03/10/2024,10:20:00 am,Z. Gibbens,Female,67,Native American/Alaska Native,General Practice,Not Admission,6,48
406-87-8281,03/10/2024,10:35:00 pm,R. Langelaan,Male,73,Two or More Races,Cardiology,Admission,,28
795-20-4901,03/10/2024,9:50:00 pm,N. Glossup,Female,67,White,Orthopedics,Not Admission,,53
183-19-1971,03/10/2024,6:40:00 am,F. Rowswell,Male,43,African American,None,Admission,,41
346-36-7581,03/10/2024,4:02:00 am,G. Marrow,Female,49,Two or More Races,None,Not Admission,,23
797-63-5683,03/10/2024,2:23:00 pm,V. Gibbins,Male,3,African American,None,Not Admission,,43
461-10-5835,03/10/2024,11:19:00 am,U. Rutty,Male,42,Pacific Islander,General Practice,Not Admission,,48
596-74-9395,03/10/2024,5:15:00 am,B. Pridgeon,Female,72,African American,Physiotherapy,Admission,,27
599-40-2753,03/10/2024,1:39:00 pm,A. Aspling,Female,16,African American,None,Admission,,20
855-62-3506,03/10/2024,12:23:00 pm,S. Scahill,Male,7,Declined to Identify,None,Admission,,13
624-29-2291,03/10/2023,9:19:00 am,R. Bengough,Male,7,Declined to Identify,General Practice,Not Admission,,48
214-14-5146,03/10/2023,3:45:00 pm,A. Clissett,Female,2,Native American/Alaska Native,None,Admission,,21
830-21-0433,03/10/2023,12:01:00 am,H. Rheubottom,Male,5,Declined to Identify,Orthopedics,Admission,,38
615-16-5686,03/10/2023,6:45:00 am,D. McAvey,Female,11,African American,General Practice,Admission,,49
549-82-3245,03/10/2023,10:29:00 am,B. Thirlwall,Female,43,Native American/Alaska Native,None,Not Admission,0,45
718-27-6609,03/10/2023,2:12:00 pm,H. Giotto,Male,58,African American,None,Admission,,56
226-80-6851,03/10/2023,11:56:00 pm,J. Keable,Female,11,African American,None,Admission,,59
407-32-1027,03/10/2023,9:22:00 pm,B. Turvey,Male,38,Declined to Identify,None,Not Admission,5,38
866-87-1957,03/10/2023,9:44:00 pm,J. Cressingham,Male,42,Pacific Islander,General Practice,Not Admission,,17
848-11-1990,03/10/2023,12:48:00 pm,L. Pacht,Female,27,Declined to Identify,Orthopedics,Not Admission,,25
188-62-8921,03/10/2023,1:03:00 am,Q. Boulde,Male,20,African American,None,Not Admission,,28
785-08-0658,03/10/2023,5:10:00 am,F. Zoane,Male,19,Asian,None,Admission,,58
395-27-0613,03/10/2023,3:55:00 am,O. Shower,Female,29,Two or More Races,None,Admission,,12
200-26-7779,03/10/2023,4:28:00 pm,K. Wasielewicz,Female,45,Two or More Races,General Practice,Not Admission,,51
307-56-5381,03/10/2023,11:22:00 am,D. Bossingham,Female,47,White,None,Not Admission,,28
385-87-1090,03/01/2024,11:33:00 pm,R. Reuben,Male,44,White,Physiotherapy,Admission,,48
780-12-9711,03/01/2024,10:31:00 pm,F. Dronsfield,Male,22,Asian,None,Not Admission,,38
299-16-0016,03/01/2024,4:38:00 am,Z. Boulder,Male,16,Native American/Alaska Native,Orthopedics,Not Admission,,20
827-40-8129,03/01/2024,5:25:00 am,A. Assad,Male,11,African American,None,Admission,5,40
231-36-9685,03/01/2024,12:20:00 pm,M. Loche,Male,16,White,None,Admission,,34
404-87-6936,03/01/2024,1:15:00 pm,M. Caudrelier,Female,53,African American,None,Admission,,31
357-69-5446,03/01/2024,5:57:00 am,A. Huetson,Male,41,Two or More Races,Orthopedics,Admission,,57
858-29-9077,03/01/2024,8:45:00 am,B. Puddicombe,Male,53,African American,General Practice,Not Admission,,35
476-22-8060,03/01/2024,3:39:00 pm,S. Allsebrook,Female,60,White,General Practice,Admission,,44
226-63-2239,03/01/2024,11:01:00 am,L. Challinor,Female,45,African American,None,Admission,,57
483-81-4980,03/01/2024,2:36:00 am,K. Leabeater,Male,12,African American,Neurology,Not Admission,4,52
240-60-6769,03/01/2024,11:50:00 am,U. Maric,Female,65,White,None,Admission,,19
327-92-4166,03/01/2024,1:56:00 pm,O. Helleckas,Male,62,White,None,Admission,,57
741-12-7327,29/12/2023,10:52:00 am,E. Simonelli,Male,60,White,None,Admission,,10
667-92-7386,29/12/2023,8:15:00 pm,D. Tradewell,Male,49,White,None,Admission,,20
235-08-1285,29/12/2023,8:14:00 am,P. Draycott,Female,58,White,General Practice,Not Admission,5,14
480-01-5395,29/12/2023,5:14:00 am,I. Gannicleff,Male,16,Declined to Identify,None,Admission,,57
616-32-3050,29/12/2023,11:47:00 pm,H. Lowe,Male,19,African American,General Practice,Not Admission,6,40
748-83-0279,29/12/2023,5:18:00 am,G. Fursland,Male,58,White,None,Not Admission,1,12
104-11-2614,29/12/2023,7:04:00 am,X. Jarville,Male,27,White,None,Admission,,24
507-18-9945,29/12/2023,11:38:00 pm,H. Tittershill,Female,53,White,None,Not Admission,0,14
241-01-9916,29/12/2023,12:02:00 am,G. Tavernor,Male,28,Asian,General Practice,Admission,1,26
727-18-5807,29/12/2023,3:34:00 am,C. Oluwatoyin,Female,53,Declined to Identify,Orthopedics,Admission,,15
324-66-5621,29/12/2023,3:02:00 pm,A. Ornillos,Female,39,African American,General Practice,Admission,,37
709-88-3586,29/12/2023,6:29:00 pm,U. Flucks,Male,33,Declined to Identify,Cardiology,Not Admission,3,29
615-95-1605,29/12/2023,11:57:00 pm,A. Dulwich,Male,48,Two or More Races,None,Admission,3,37
440-75-5817,29/12/2023,10:38:00 pm,G. Clever,Male,37,African American,None,Not Admission,,55
521-40-0167,29/12/2023,6:57:00 pm,V. Pluvier,Male,19,White,None,Admission,1,58
699-68-4698,29/12/2023,7:39:00 am,F. Bandy,Male,15,African American,None,Not Admission,7,26
719-53-7812,29/12/2023,2:34:00 am,T. Crocetto,Female,79,Two or More Races,None,Not Admission,,16
182-51-4982,29/12/2023,5:04:00 am,C. Ferreira,Male,52,Asian,None,Admission,10,10
795-36-0038,29/12/2023,4:17:00 am,Z. Eastabrook,Female,44,Native American/Alaska Native,None,Not Admission,6,52
278-20-7716,29/12/2023,10:54:00 pm,A. Frenzl,Female,20,Declined to Identify,None,Admission,,23
469-84-4163,29/12/2023,1:29:00 am,P. Rossoni,Female,47,Two or More Races,None,Not Admission,,19
118-25-0553,29/11/2023,5:42:00 am,I. Titta,Male,3,Two or More Races,Orthopedics,Admission,,50
512-75-1926,29/11/2023,4:57:00 am,Y. Davidowich,Female,45,White,Orthopedics,Not Admission,,29
869-66-7554,29/11/2023,2:34:00 am,C. Cantillion,Female,35,White,Orthopedics,Admission,,56
873-48-5465,29/11/2023,7:35:00 pm,O. Prazor,Female,3,Pacific Islander,General Practice,Not Admission,5,43
766-41-7394,29/11/2023,9:32:00 pm,S. Ogborne,Female,32,Declined to Identify,None,Admission,3,34
816-27-9410,29/11/2023,6:57:00 am,I. Lavell,Female,4,White,None,Not Admission,,11
610-65-5308,29/11/2023,12:28:00 am,P. Dunbobin,Female,55,Native American/Alaska Native,None,Not Admission,,56
368-51-1649,29/11/2023,7:11:00 am,H. Desson,Female,19,African American,None,Admission,,31
885-75-2052,29/11/2023,1:28:00 pm,Y. Zoppie,Male,32,African American,General Practice,Not Admission,,48
313-99-3667,29/11/2023,6:05:00 am,E. Caws,Female,4,Asian,None,Not Admission,6,23
271-73-5806,29/11/2023,11:00:00 pm,I. Teather,Male,46,Pacific Islander,General Practice,Not Admission,9,46
258-65-6354,29/11/2023,4:10:00 am,X. Ferreres,Male,51,Declined to Identify,None,Not Admission,,19
389-27-5303,29/11/2023,7:02:00 am,B. Nevet,Male,20,White,None,Admission,,56
846-04-4934,29/11/2023,11:02:00 pm,U. Andrys,Male,47,African American,None,Admission,9,34
405-69-6541,29/11/2023,11:01:00 am,J. Yeldon,Male,79,Pacific Islander,None,Not Admission,,26
434-96-2789,29/10/2024,8:19:00 pm,A. Jansens,Male,71,Asian,None,Not Admission,,47
126-06-1498,29/10/2024,11:33:00 pm,P. Yell,Female,70,African American,None,Admission,5,42
543-37-4558,29/10/2024,6:47:00 pm,H. Realy,Female,17,Two or More Races,None,Admission,,36
284-54-0844,29/10/2024,7:18:00 am,O. Bengochea,Male,6,White,None,Not Admission,,30
213-73-5378,29/10/2024,6:40:00 pm,N. Strangeway,Male,27,Asian,Orthopedics,Not Admission,,43
328-59-1425,29/10/2024,6:06:00 am,K. Ferne,Female,6,White,None,Admission,,55
567-79-4489,29/10/2024,6:51:00 pm,S. Zelley,Male,3,Two or More Races,Cardiology,Not Admission,9,40
668-01-8193,29/10/2024,4:55:00 am,B. Josselsohn,Male,21,African American,None,Admission,,46
419-26-1516,29/10/2024,9:13:00 am,S. Bilovsky,Female,21,White,General Practice,Not Admission,0,24
715-04-2060,29/10/2023,4:14:00 pm,C. Ogborn,Male,3,Two or More Races,None,Not Admission,3,30
724-10-8138,29/10/2023,4:25:00 am,N. Waple,Male,45,Two or More Races,None,Not Admission,4,50
229-42-0816,29/10/2023,4:28:00 pm,R. Rowston,Male,44,African American,Cardiology,Admission,,50
146-42-3123,29/10/2023,7:39:00 pm,Q. Bidgood,Female,67,White,None,Admission,,35
154-20-6000,29/10/2023,6:32:00 pm,A. Muston,Female,19,Two or More Races,None,Admission,,40
682-49-1467,29/10/2023,5:09:00 am,Z. Christofol,Male,46,African American,General Practice,Not Admission,5,54
353-57-1052,29/10/2023,9:07:00 am,R. Greensted,Female,44,Two or More Races,General Practice,Not Admission,,28
745-25-9361,29/10/2023,7:43:00 am,K. Perin,Female,70,Two or More Races,None,Admission,,36
586-64-8784,29/10/2023,12:50:00 pm,O. Maddison,Female,56,Native American/Alaska Native,Gastroenterology,Not Admission,,60
737-32-6945,29/10/2023,3:15:00 am,J. Marusic,Female,19,Two or More Races,Neurology,Not Admission,,59
534-88-9464,29/10/2023,2:00:00 pm,I. Dickins,Male,58,Asian,None,Admission,,11
203-99-0377,29/10/2023,2:39:00 pm,U. Tomasian,Female,29,Declined to Identify,General Practice,Not Admission,,16
193-18-8479,29/10/2023,10:40:00 am,W. Golagley,Female,76,Two or More Races,None,Not Admission,1,46
192-40-2024,29/10/2023,8:17:00 am,U. Pickworth,Female,42,African American,None,Admission,3,27
389-34-9801,29/10/2023,1:35:00 pm,V. Bellino,Female,18,Declined to Identify,None,Admission,,51
206-19-3396,29/10/2023,2:11:00 am,M. Casaroli,Female,32,White,None,Not Admission,,52
485-81-8334,29/10/2023,9:36:00 pm,X. Tewkesberrie,Male,39,White,Orthopedics,Not Admission,,47
398-42-8539,29/10/2023,2:46:00 am,Z. Blacktin,Female,59,Two or More Races,General Practice,Admission,,38
268-42-8258,29/09/2024,2:27:00 am,W. Hurtic,Male,10,Two or More Races,None,Admission,,24
819-75-6661,29/09/2024,7:10:00 pm,G. Decourt,Female,64,Two or More Races,None,Not Admission,,29
862-78-9313,29/09/2024,10:16:00 am,R. Raywood,Male,41,Declined to Identify,None,Not Admission,,45
741-75-9648,29/09/2024,4:34:00 am,V. Espadas,Female,41,White,General Practice,Admission,6,13
768-88-6122,29/09/2024,7:36:00 pm,L. Burgum,Female,71,White,General Practice,Admission,,26
729-96-4169,29/09/2024,2:35:00 am,I. Di Bernardo,Female,9,Native American/Alaska Native,General Practice,Not Admission,,51
395-82-4902,29/09/2024,7:39:00 pm,C. Restall,Female,57,Two or More Races,None,Admission,,15
599-49-7187,29/09/2024,5:00:00 am,V. Ayars,Male,49,White,None,Admission,,42
542-49-2911,29/09/2024,5:08:00 am,C. Frankcombe,Female,36,Asian,None,Not Admission,,55
791-22-1079,29/09/2024,11:13:00 pm,C. Riddoch,Male,52,African American,None,Admission,,49
387-46-0963,29/09/2024,2:05:00 pm,Y. Helwig,Female,51,White,None,Admission,,16
518-18-8369,29/09/2024,2:57:00 pm,F. Mickleburgh,Female,63,Asian,None,Admission,,11
791-04-7639,29/09/2024,4:42:00 pm,N. Gownge,Female,75,Two or More Races,None,Not Admission,,24
168-09-6601,29/09/2024,5:02:00 pm,I. Olivazzi,Male,4,Declined to Identify,None,Admission,10,28
684-01-5172,29/09/2024,8:20:00 pm,J. Joutapaitis,Male,44,African American,None,Admission,9,60
790-49-4037,29/09/2024,12:31:00 pm,R. Kelemen,Male,73,White,None,Admission,,33
658-82-9991,29/09/2024,4:06:00 am,O. Roscher,Male,7,Pacific Islander,Orthopedics,Admission,9,45
473-28-7174,29/09/2023,9:40:00 pm,V. Merigon,Female,47,White,None,Not Admission,,14
867-06-8022,29/09/2023,1:22:00 pm,W. Tours,Male,34,Declined to Identify,Renal,Admission,,50
633-04-8648,29/09/2023,5:57:00 am,M. Paolino,Male,74,Two or More Races,None,Admission,9,59
718-76-3741,29/09/2023,8:29:00 pm,O. Balas,Male,24,White,None,Not Admission,,26
891-04-3560,29/09/2023,4:58:00 am,V. Greaser,Male,65,Two or More Races,General Practice,Not Admission,,43
602-64-6212,29/09/2023,2:21:00 am,N. Stive,Female,46,Declined to Identify,General Practice,Admission,,52
838-28-2043,29/09/2023,8:54:00 am,S. Son,Male,51,Declined to Identify,None,Not Admission,1,12
802-39-9719,29/09/2023,6:37:00 am,I. Muzzi,Male,40,African American,None,Not Admission,,29
781-15-8827,29/09/2023,2:51:00 am,H. Steptow,Male,18,Two or More Races,General Practice,Not Admission,,29
221-17-0462,29/09/2023,1:06:00 pm,X. Follin,Female,50,Two or More Races,None,Not Admission,,28
270-14-3243,29/09/2023,9:21:00 am,A. Coytes,Male,67,Declined to Identify,None,Not Admission,,13
652-90-6916,29/09/2023,8:24:00 am,X. Prevett,Female,56,Asian,None,Admission,,30
294-44-8935,29/09/2023,1:15:00 am,F. Bellefant,Female,63,African American,None,Not Admission,,33
370-96-9793,29/09/2023,2:54:00 pm,L. Vernazza,Female,59,Declined to Identify,None,Admission,7,25
136-93-5822,29/09/2023,3:50:00 pm,A. Gerbl,Male,63,White,None,Not Admission,,55
479-96-0578,29/08/2024,8:53:00 am,G. Deeprose,Male,16,Declined to Identify,Cardiology,Not Admission,,44
750-10-6392,29/08/2024,6:21:00 am,W. Babin,Female,64,White,Orthopedics,Not Admission,,43
751-97-7123,29/08/2024,9:48:00 pm,G. Creelman,Female,38,Two or More Races,None,Admission,,11
787-63-7727,29/08/2024,12:22:00 pm,S. Brogi,Female,64,White,None,Admission,,40
835-77-3003,29/08/2024,12:51:00 am,O. Abad,Male,72,African American,None,Not Admission,,29
238-05-9108,29/08/2024,4:28:00 am,B. Tompkinson,Male,51,Pacific Islander,None,Admission,,12
760-59-1309,29/08/2024,4:55:00 pm,Z. Oakley,Male,52,Two or More Races,General Practice,Admission,,49
647-97-7958,29/08/2024,1:37:00 am,C. Gail,Male,39,Two or More Races,None,Admission,,22
589-52-0548,29/08/2024,4:05:00 pm,X. Carnson,Male,71,Two or More Races,None,Admission,,21
745-14-1282,29/08/2024,12:50:00 am,O. Pitchers,Male,24,Pacific Islander,None,Admission,4,13
174-30-4861,29/08/2024,4:19:00 am,L. Pischel,Male,45,Two or More Races,None,Not Admission,0,11
206-36-2849,29/08/2024,2:31:00 pm,B. Downgate,Female,37,Pacific Islander,General Practice,Admission,,25
554-68-9035,29/08/2024,12:16:00 pm,Z. Gabbitis,Female,32,Pacific Islander,None,Not Admission,6,48
233-63-3129,29/08/2024,6:26:00 am,K. Germain,Female,4,African American,None,Admission,,54
114-13-2465,29/08/2024,4:01:00 am,G. Franceschelli,Male,44,Asian,None,Not Admission,,56
678-76-6412,29/08/2024,8:13:00 am,R. Deetlefs,Male,65,Asian,General Practice,Not Admission,,57
709-73-7635,29/08/2024,7:32:00 am,G. Cowpe,Male,54,Declined to Identify,None,Admission,,50
546-24-9453,29/08/2023,8:24:00 pm,I. Shyre,Female,41,White,General Practice,Not Admission,,17
403-64-1560,29/08/2023,2:05:00 pm,N. Daubeny,Female,26,Declined to Identify,General Practice,Not Admission,,18
479-60-4864,29/08/2023,2:56:00 am,Q. Dulin,Male,54,White,None,Not Admission,,30
713-45-5068,29/08/2023,4:02:00 pm,J. Pietersma,Male,59,Asian,Cardiology,Admission,,41
460-55-2507,29/08/2023,7:35:00 pm,H. Goodisson,Female,44,African American,Orthopedics,Admission,1,32
834-50-2690,29/08/2023,7:12:00 am,C. Kieff,Male,31,African American,General Practice,Admission,,42
692-89-7681,29/08/2023,9:19:00 pm,L. Johl,Female,24,White,None,Not Admission,5,59
740-24-2394,29/08/2023,12:41:00 pm,M. Grinvalds,Female,37,Declined to Identify,General Practice,Admission,,57
121-38-6162,29/08/2023,2:15:00 pm,T. Andrusyak,Female,67,African American,Physiotherapy,Admission,,30
746-44-9930,29/08/2023,10:15:00 pm,N. Allardyce,Male,48,Declined to Identify,None,Admission,,11
656-64-8037,29/08/2023,7:58:00 pm,X. Gloves,Female,30,White,General Practice,Admission,,50
121-51-9644,29/08/2023,9:12:00 am,P. O'Sullivan,Female,27,White,Cardiology,Not Admission,1,20
782-54-1244,29/08/2023,9:58:00 pm,N. Kellough,Female,54,African American,None,Not Admission,,17
589-79-0102,29/08/2023,7:36:00 pm,R. Honnicott,Male,2,Declined to Identify,None,Admission,,14
626-10-0620,29/08/2023,3:45:00 pm,I. Duffitt,Male,20,Pacific Islander,None,Not Admission,4,44
386-93-0195,29/08/2023,3:18:00 pm,N. Ipplett,Female,6,White,General Practice,Not Admission,,31
322-99-9924,29/08/2023,8:57:00 pm,T. Franchyonok,Female,30,African American,Orthopedics,Not Admission,9,24
523-16-7292,29/08/2023,9:27:00 am,G. Batiste,Male,53,White,Orthopedics,Not Admission,,21
769-78-1792,29/08/2023,6:20:00 am,B. Mordie,Male,33,Two or More Races,Orthopedics,Admission,,24
455-96-8404,29/08/2023,10:35:00 pm,D. Avramovich,Male,73,African American,None,Not Admission,,22
729-50-8226,29/08/2023,6:47:00 am,K. Clohisey,Female,53,White,None,Admission,,57
477-66-8791,29/08/2023,3:09:00 am,U. MacBrearty,Female,54,Two or More Races,None,Not Admission,,43
103-26-4528,29/07/2024,5:58:00 am,D. Ambrozewicz,Male,60,Declined to Identify,None,Not Admission,10,16
275-36-1151,29/07/2024,8:34:00 pm,C. Tumilson,Female,9,White,None,Not Admission,,21
467-76-2120,29/07/2024,12:09:00 pm,J. Flarity,Male,21,White,None,Not Admission,,12
127-78-2954,29/07/2024,10:38:00 am,N. Faustian,Female,13,Asian,None,Not Admission,3,45
616-96-8379,29/07/2024,12:29:00 pm,G. Blagburn,Female,58,White,None,Admission,2,15
778-84-9008,29/07/2024,1:38:00 pm,J. Blackborow,Female,7,White,None,Not Admission,,33
325-53-6475,29/07/2024,12:11:00 pm,Z. Denslow,Female,68,Asian,None,Not Admission,3,45
589-45-6897,29/07/2024,3:03:00 am,K. Burhill,Female,56,Declined to Identify,General Practice,Admission,4,49
432-18-6164,29/07/2024,9:43:00 pm,J. Thouless,Female,11,African American,Orthopedics,Admission,,23
122-91-7361,29/07/2024,2:26:00 am,P. Dobbinson,Male,63,Declined to Identify,None,Admission,2,51
658-31-6075,29/07/2024,10:01:00 am,G. Tremblot,Male,73,Native American/Alaska Native,None,Not Admission,,51
452-90-0527,29/07/2024,1:57:00 am,X. Stronack,Female,2,Two or More Races,None,Admission,,19
656-57-4812,29/07/2024,1:55:00 pm,R. Lowing,Female,74,Declined to Identify,Orthopedics,Not Admission,,49
161-51-7376,29/07/2024,3:19:00 am,L. Ivory,Male,64,Asian,None,Not Admission,1,39
560-18-9530,29/07/2024,10:47:00 pm,I. Patsall,Female,43,Asian,None,Admission,5,48
104-23-2977,29/07/2024,6:56:00 pm,O. Eslie,Male,11,White,General Practice,Admission,8,29
793-24-9525,29/07/2024,10:55:00 am,H. Flint,Male,65,White,None,Admission,,42
857-74-9716,29/07/2024,6:50:00 pm,C. Brownill,Female,28,White,Orthopedics,Not Admission,,40
132-85-8091,29/07/2024,7:21:00 am,Q. Goucher,Female,10,Native American/Alaska Native,None,Not Admission,,54
345-56-2522,29/07/2024,9:55:00 pm,D. Coull,Female,18,Asian,None,Not Admission,3,35
101-63-3628,29/07/2023,9:48:00 am,P. Quest,Male,38,Two or More Races,None,Not Admission,,53
138-56-7359,29/07/2023,7:38:00 pm,F. Dumbrill,Female,41,White,None,Admission,,18
645-65-7273,29/07/2023,12:58:00 pm,O. Phonix,Male,45,Asian,General Practice,Not Admission,,38
815-90-5428,29/07/2023,6:29:00 am,V. Goodliff,Male,4,Native American/Alaska Native,None,Admission,,19
519-47-6165,29/07/2023,11:53:00 pm,H. Evill,Female,26,Asian,None,Admission,,57
511-19-0295,29/07/2023,2:58:00 am,D. Langston,Male,28,Pacific Islander,General Practice,Not Admission,,45
278-22-0214,29/07/2023,1:50:00 am,C. Cleeves,Male,56,Asian,General Practice,Not Admission,,13
700-93-8957,29/07/2023,2:47:00 pm,S. Ealles,Female,10,Two or More Races,None,Not Admission,,10
361-20-0157,29/07/2023,3:22:00 am,O. Hrinishin,Female,2,Two or More Races,General Practice,Admission,,38
121-14-1268,29/07/2023,6:07:00 am,P. Brewse,Male,2,African American,Orthopedics,Admission,,43
682-16-7744,29/07/2023,7:05:00 am,S. Huntar,Female,23,Native American/Alaska Native,None,Admission,,38
802-13-8458,29/07/2023,5:47:00 am,E. Knyvett,Male,67,White,None,Admission,,45
693-34-5229,29/07/2023,9:37:00 pm,A. Offiler,Male,55,African American,None,Admission,9,60
243-12-6070,29/07/2023,3:49:00 pm,A. Flanner,Female,76,African American,None,Admission,1,32
135-05-4896,29/07/2023,5:37:00 pm,P. Pow,Male,17,Two or More Races,None,Not Admission,,56
625-05-0578,29/07/2023,9:54:00 pm,O. McAree,Male,63,Two or More Races,Physiotherapy,Not Admission,9,27
811-98-4727,29/07/2023,11:29:00 pm,G. Guierre,Female,58,White,None,Not Admission,,58
655-60-4323,29/07/2023,8:15:00 pm,Y. Weekley,Male,25,African American,None,Admission,,47
157-31-7520,29/07/2023,4:57:00 pm,K. Gwillim,Female,47,Two or More Races,None,Admission,,23
178-52-1500,29/06/2024,2:27:00 pm,K. Beavington,Male,4,White,Orthopedics,Not Admission,,59
171-65-7050,29/06/2024,1:48:00 pm,C. Ubank,Female,3,Two or More Races,None,Admission,3,22
852-67-0616,29/06/2024,4:26:00 am,P. Le Blond,Male,57,Two or More Races,Neurology,Not Admission,,27
651-29-6896,29/06/2024,3:09:00 am,N. Birdwhistell,Female,60,Native American/Alaska Native,Orthopedics,Not Admission,,58
408-26-1392,29/06/2024,2:25:00 pm,H. Hupka,Female,13,African American,General Practice,Not Admission,,33
568-73-9574,29/06/2024,5:17:00 pm,Z. Robuchon,Male,13,Declined to Identify,None,Admission,,52
695-13-5601,29/06/2024,6:58:00 pm,O. Dillingham,Male,27,Declined to Identify,None,Admission,,39
163-69-0005,29/06/2024,12:19:00 am,U. Kalinsky,Male,18,White,None,Admission,,36
691-32-3373,29/06/2024,7:17:00 pm,C. Marzello,Male,19,African American,None,Admission,,14
133-43-4724,29/06/2024,5:58:00 am,K. Parr,Male,62,White,None,Not Admission,7,53
466-80-6058,29/06/2024,7:42:00 pm,O. Crimes,Female,27,White,None,Not Admission,,39
286-41-1662,29/06/2024,11:58:00 pm,F. Yeeles,Female,78,Pacific Islander,None,Admission,,24
493-57-5938,29/06/2024,11:57:00 am,B. Sherwen,Female,37,Asian,Orthopedics,Not Admission,,24
836-04-7358,29/06/2024,11:34:00 pm,X. Proschek,Female,61,Declined to Identify,Neurology,Admission,8,27
872-59-7286,29/06/2024,6:00:00 am,O. Fairlaw,Male,23,White,General Practice,Admission,,11
878-88-0557,29/06/2023,4:39:00 pm,L. Krzysztof,Male,66,Two or More Races,Physiotherapy,Admission,,22
899-45-0451,29/06/2023,3:13:00 pm,M. Goldwater,Male,26,Declined to Identify,None,Admission,6,35
136-49-6777,29/06/2023,9:04:00 am,P. Dmiterko,Male,28,Two or More Races,General Practice,Not Admission,9,28
461-55-0550,29/06/2023,7:19:00 pm,L. Fawlks,Female,59,White,Cardiology,Not Admission,7,47
690-77-1528,29/06/2023,2:06:00 pm,S. Brendish,Male,61,White,None,Admission,,46
255-92-6340,29/06/2023,8:32:00 am,Q. Isitt,Female,12,White,Orthopedics,Not Admission,,48
821-38-7964,29/06/2023,2:21:00 pm,T. McPike,Female,58,Asian,None,Not Admission,5,43
307-77-2768,29/06/2023,8:19:00 am,N. Hubbard,Female,57,White,Orthopedics,Not Admission,,15
748-02-4547,29/06/2023,9:32:00 pm,B. Ledram,Male,71,Native American/Alaska Native,None,Not Admission,,54
147-29-7641,29/06/2023,7:19:00 pm,N. Selesnick,Male,35,African American,Orthopedics,Admission,10,29
276-38-5016,29/06/2023,11:34:00 pm,K. Rime,Male,39,Asian,Neurology,Not Admission,,18
849-88-0586,29/06/2023,12:45:00 pm,A. Carbry,Male,34,Two or More Races,None,Admission,,33
120-91-4079,29/06/2023,8:34:00 pm,Y. Uridge,Male,28,Asian,None,Not Admission,,28
204-74-7032,29/06/2023,5:31:00 am,D. Mingardo,Male,79,Two or More Races,None,Not Admission,,39
107-33-5987,29/06/2023,6:50:00 am,H. Colebourn,Female,10,White,None,Admission,,11
156-40-6822,29/06/2023,8:54:00 am,L. Keuneke,Male,78,Pacific Islander,None,Admission,1,51
580-01-3557,29/05/2024,12:52:00 pm,P. Weigh,Male,56,Declined to Identify,None,Admission,,39
735-67-4512,29/05/2024,5:07:00 pm,N. Overton,Male,59,Pacific Islander,None,Not Admission,,34
329-62-8828,29/05/2024,11:06:00 am,Q. Moulsdall,Female,20,Pacific Islander,None,Admission,,37
349-86-9740,29/05/2024,6:23:00 pm,L. Withnall,Female,1,Two or More Races,None,Not Admission,,44
511-67-6488,29/05/2024,7:02:00 am,X. Coyish,Male,63,White,None,Not Admission,3,30
436-34-7449,29/05/2024,2:25:00 pm,I. Wapplington,Male,42,White,None,Admission,,55
326-28-5845,29/05/2024,12:18:00 pm,U. Feely,Female,49,Native American/Alaska Native,General Practice,Not Admission,,22
647-60-5836,29/05/2024,3:38:00 am,X. Darkott,Male,17,Two or More Races,None,Not Admission,,53
218-35-3191,29/05/2024,2:39:00 pm,K. Jiroutka,Female,60,Declined to Identify,General Practice,Admission,9,57
455-91-8578,29/05/2024,2:18:00 am,T. Penhall,Male,43,Native American/Alaska Native,None,Admission,,25
651-58-3998,29/05/2024,4:52:00 pm,S. Methuen,Male,73,African American,General Practice,Not Admission,5,50
424-26-5497,29/05/2024,6:35:00 am,O. McCrossan,Male,30,Two or More Races,None,Not Admission,,48
530-09-7689,29/05/2024,11:07:00 pm,K. Osichev,Male,24,Two or More Races,None,Not Admission,0,40
335-53-6706,29/05/2024,10:57:00 am,Z. Brandino,Female,36,Two or More Races,None,Not Admission,9,58
188-84-9362,29/05/2024,3:58:00 pm,B. Furzey,Male,16,White,None,Not Admission,,29
359-83-8617,29/05/2024,2:41:00 pm,E. Lilley,Male,68,Declined to Identify,None,Admission,6,44
442-03-8987,29/05/2024,9:45:00 pm,E. Berriman,Female,66,Two or More Races,None,Admission,,14
883-97-1220,29/05/2024,10:35:00 am,D. D'Oyley,Female,16,Two or More Races,None,Admission,2,24
665-11-9872,29/05/2024,8:57:00 am,D. Gasnell,Female,42,White,None,Not Admission,,28
799-21-2876,29/05/2024,10:50:00 am,X. Dillaway,Female,19,Pacific Islander,None,Admission,,39
683-01-7970,29/05/2023,12:06:00 am,S. Tethcote,Female,3,White,None,Not Admission,,45
136-91-3908,29/05/2023,5:34:00 am,O. D'Ambrogio,Male,13,Declined to Identify,Renal,Not Admission,,42
689-39-0776,29/05/2023,3:49:00 pm,B. Housbey,Female,62,Declined to Identify,General Practice,Admission,,17
811-13-0849,29/05/2023,8:00:00 am,J. Hover,Male,1,White,General Practice,Not Admission,,25
681-74-6023,29/05/2023,5:54:00 pm,Q. Thorius,Female,72,Two or More Races,General Practice,Not Admission,5,55
723-90-6209,29/05/2023,10:28:00 am,O. Domney,Male,28,Native American/Alaska Native,None,Admission,,47
740-90-4506,29/05/2023,6:28:00 am,V. Geldert,Female,2,White,None,Admission,,48
872-17-6505,29/05/2023,7:54:00 am,D. Austick,Female,59,White,None,Not Admission,,14
524-70-3535,29/05/2023,12:21:00 am,U. Keast,Female,77,Two or More Races,None,Admission,0,52
257-26-2912,29/05/2023,12:13:00 pm,C. Pettwood,Female,47,Two or More Races,None,Admission,,19
376-35-2661,29/05/2023,7:41:00 pm,Y. Goodhew,Female,67,Declined to Identify,None,Not Admission,7,16
859-91-0113,29/05/2023,5:14:00 am,U. Vyel,Male,31,Asian,None,Not Admission,,10
530-98-5548,29/05/2023,5:41:00 pm,J. Melmeth,Female,64,Declined to Identify,General Practice,Not Admission,,42
774-50-2972,29/05/2023,11:58:00 pm,O. Nyles,Male,45,White,None,Admission,,39
858-02-6228,29/05/2023,9:59:00 am,F. Tomik,Male,22,African American,General Practice,Admission,,22
173-60-7745,29/04/2024,7:35:00 pm,D. MacInerney,Female,21,Declined to Identify,None,Not Admission,,36
856-41-7474,29/04/2024,5:44:00 am,G. Olivas,Male,51,Two or More Races,None,Not Admission,1,56
877-36-0019,29/04/2024,6:23:00 pm,W. Onions,Male,41,Two or More Races,Physiotherapy,Not Admission,4,49
406-76-0752,29/04/2024,4:41:00 am,G. O'Hederscoll,Female,64,Declined to Identify,General Practice,Not Admission,,53
505-85-5884,29/04/2024,8:20:00 am,S. Link,Female,45,Asian,General Practice,Not Admission,,14
311-60-5245,29/04/2024,7:12:00 pm,E. Boc,Male,20,Native American/Alaska Native,None,Not Admission,,40
788-52-8242,29/04/2024,4:37:00 pm,Z. Avramchik,Female,48,White,None,Not Admission,,10
760-48-3541,29/04/2024,10:08:00 pm,I. Klessmann,Female,19,Pacific Islander,None,Not Admission,,35
153-86-7429,29/04/2024,2:44:00 am,A. Rozalski,Male,38,African American,General Practice,Admission,,32
820-79-9287,29/04/2024,2:09:00 pm,P. Dodsley,Male,30,African American,None,Not Admission,,38
717-17-6639,29/04/2024,1:42:00 am,D. Grange,Male,44,Declined to Identify,None,Admission,,37
467-94-3398,29/04/2024,12:23:00 pm,W. Bill,Female,79,Two or More Races,None,Not Admission,,37
161-72-0475,29/04/2024,8:25:00 pm,V. Schuster,Female,40,White,None,Admission,,20
822-30-1537,29/04/2023,11:55:00 am,I. Haistwell,Male,12,Pacific Islander,Cardiology,Admission,,21
832-41-6464,29/04/2023,9:16:00 pm,X. Elgey,Female,17,White,General Practice,Admission,9,55
109-59-5859,29/04/2023,7:09:00 pm,B. Langfield,Male,26,Asian,None,Admission,7,57
478-05-6128,29/04/2023,12:44:00 pm,H. Satterly,Male,33,White,None,Not Admission,4,48
357-39-6143,29/04/2023,2:32:00 am,X. Connew,Female,42,African American,None,Not Admission,,59
830-63-3368,29/04/2023,6:04:00 am,U. Doel,Female,35,White,General Practice,Admission,,14
890-17-4503,29/04/2023,1:15:00 am,Q. Kinsley,Female,10,African American,None,Admission,4,36
717-62-8354,29/04/2023,9:50:00 am,M. Kynder,Female,12,Native American/Alaska Native,None,Not Admission,1,39
536-91-2898,29/04/2023,11:29:00 am,I. Leathem,Male,31,Two or More Races,General Practice,Not Admission,,27
207-95-6685,29/04/2023,10:01:00 am,U. Shepton,Female,24,White,None,Admission,,23
359-65-8965,29/04/2023,2:43:00 am,N. Breyt,Female,66,Asian,Cardiology,Admission,10,18
546-34-5816,29/04/2023,3:42:00 am,C. Youthead,Female,48,Two or More Races,None,Admission,2,45
261-25-9152,29/04/2023,12:15:00 am,B. Bakey,Male,30,Asian,General Practice,Admission,6,46
549-53-8725,29/04/2023,10:51:00 am,Z. Klimshuk,Male,15,White,None,Admission,,52
717-27-3125,29/03/2024,12:55:00 pm,R. Gertz,Female,65,Native American/Alaska Native,None,Admission,,25
577-82-1899,29/03/2024,12:47:00 am,F. Kohtler,Female,74,Two or More Races,None,Not Admission,,42
123-18-3686,29/03/2024,1:31:00 pm,J. Orneblow,Female,74,Asian,Physiotherapy,Not Admission,,33
880-55-7692,29/03/2024,4:19:00 pm,J. Plumm,Male,52,Two or More Races,None,Not Admission,8,17
814-97-4775,29/03/2024,10:41:00 am,Y. Burgiss,Male,53,White,None,Not Admission,0,43
440-84-8198,29/03/2024,7:42:00 pm,Y. Mineghelli,Male,38,White,None,Not Admission,,38
692-09-6269,29/03/2024,1:09:00 pm,K. Bussons,Female,71,Asian,None,Admission,0,53
661-42-7515,29/03/2024,1:55:00 am,X. Brayson,Male,69,African American,None,Admission,,16
388-90-9318,29/03/2024,12:55:00 am,K. MacKeague,Female,12,African American,Cardiology,Not Admission,,21
338-41-6137,29/03/2024,6:46:00 am,E. Stoad,Female,18,Two or More Races,None,Not Admission,,58
115-38-0568,29/03/2024,2:39:00 am,J. Labern,Female,52,African American,None,Not Admission,,16
270-66-5272,29/03/2024,6:01:00 am,P. Collingwood,Male,45,Declined to Identify,None,Admission,,30
243-68-6278,29/02/2024,8:58:00 am,N. Abbyss,Female,48,Two or More Races,None,Not Admission,,24
435-90-3773,29/02/2024,8:14:00 am,L. Fells,Female,16,Asian,None,Admission,,42
542-43-2204,29/02/2024,8:47:00 pm,Z. Cottage,Male,67,Pacific Islander,None,Not Admission,1,14
658-20-0202,29/02/2024,10:02:00 pm,A. Say,Female,50,Declined to Identify,None,Not Admission,,34
269-42-7536,29/02/2024,11:12:00 pm,S. Rate,Male,15,Two or More Races,Cardiology,Not Admission,7,33
432-34-6666,29/02/2024,2:23:00 pm,S. Mapson,Male,62,Two or More Races,None,Admission,,56
791-23-7644,29/02/2024,6:45:00 am,A. Montford,Female,4,Declined to Identify,None,Admission,,40
604-61-1731,29/02/2024,8:46:00 am,T. Abade,Female,40,African American,None,Not Admission,6,32
754-85-3101,29/02/2024,12:40:00 am,F. Humpherston,Male,73,Native American/Alaska Native,Orthopedics,Admission,2,53
553-11-6120,29/02/2024,11:36:00 am,V. Chevis,Female,50,Pacific Islander,None,Not Admission,,36
803-60-2987,29/02/2024,5:03:00 am,P. Chanders,Female,18,Two or More Races,None,Admission,,41
790-47-5011,29/02/2024,6:50:00 pm,R. Cockle,Female,31,African American,Physiotherapy,Admission,0,47
171-69-2921,29/02/2024,3:03:00 am,M. Kernley,Male,32,White,None,Not Admission,4,36
622-90-4135,29/02/2024,12:51:00 am,N. Nani,Female,25,White,None,Not Admission,,36
344-12-7337,29/02/2024,1:22:00 am,B. Rickersey,Male,73,Pacific Islander,General Practice,Admission,,27
614-10-6705,29/01/2024,5:55:00 am,Q. Liggins,Female,61,Two or More Races,General Practice,Admission,,33
702-24-7897,29/01/2024,12:11:00 pm,O. Dougliss,Male,73,White,General Practice,Not Admission,3,28
404-61-7141,29/01/2024,7:54:00 am,G. Schuler,Female,46,Native American/Alaska Native,Orthopedics,Admission,,47
733-12-3253,29/01/2024,8:11:00 am,K. Meanwell,Female,53,White,None,Not Admission,,52
151-56-8440,29/01/2024,4:45:00 pm,M. Martusewicz,Male,36,African American,None,Not Admission,,36
677-60-4398,29/01/2024,12:46:00 am,Z. Vasyunin,Male,52,White,None,Admission,,48
844-04-7131,29/01/2024,1:00:00 pm,T. Petrillo,Male,47,White,General Practice,Not Admission,,47
400-76-7705,29/01/2024,7:14:00 am,Y. Battleson,Male,18,White,Neurology,Admission,,18
284-16-9688,29/01/2024,9:16:00 pm,L. Worvell,Female,25,Asian,None,Not Admission,,42
877-16-4474,29/01/2024,5:46:00 am,Z. Leather,Female,33,Asian,None,Admission,6,23
237-36-6208,29/01/2024,6:05:00 am,I. Astlet,Male,9,Native American/Alaska Native,None,Admission,,44
510-77-6351,29/01/2024,6:12:00 pm,N. Sheather,Female,10,Two or More Races,None,Not Admission,,38
313-02-6855,29/01/2024,8:11:00 am,E. Ephgrave,Male,74,African American,Orthopedics,Not Admission,,58
617-05-4834,29/01/2024,6:22:00 pm,L. Chalfont,Female,16,Declined to Identify,Neurology,Not Admission,,30
530-65-7735,29/01/2024,6:56:00 am,H. Pentycross,Female,27,Asian,None,Admission,,58
635-96-2790,29/01/2024,11:24:00 am,H. Hookes,Female,6,African American,None,Admission,9,23
522-30-9330,29/01/2024,2:44:00 am,E. Van der Kruys,Female,45,African American,None,Admission,,31
377-64-6766,29/01/2024,4:48:00 am,T. Ingreda,Female,67,African American,General Practice,Admission,4,17
385-77-2913,29/01/2024,11:36:00 pm,T. Syrad,Female,44,Pacific Islander,Orthopedics,Not Admission,2,56
893-49-5294,28/12/2023,6:31:00 pm,L. Vane,Female,69,White,None,Not Admission,,26
298-33-9030,28/12/2023,2:20:00 am,A. Raithmill,Female,63,Two or More Races,General Practice,Admission,5,19
379-93-5865,28/12/2023,1:32:00 pm,Y. McPhillips,Male,50,White,None,Admission,,38
219-46-2834,28/12/2023,9:00:00 pm,F. Hugonneau,Male,26,African American,Orthopedics,Not Admission,,49
283-68-9956,28/12/2023,6:33:00 am,A. Goodricke,Female,10,White,None,Not Admission,,23
758-58-7402,28/12/2023,12:45:00 am,E. Shalcros,Female,38,White,General Practice,Admission,1,55
219-73-9939,28/12/2023,5:06:00 am,A. Eatttok,Male,3,Asian,Cardiology,Admission,,12
110-34-1005,28/12/2023,2:19:00 am,V. Butting,Male,5,African American,Orthopedics,Not Admission,,31
152-63-8112,28/12/2023,7:25:00 am,U. Panichelli,Male,71,White,Orthopedics,Not Admission,,15
308-06-0949,28/12/2023,11:20:00 am,T. Fetter,Female,21,Pacific Islander,None,Admission,,49
455-28-4709,28/12/2023,2:52:00 am,S. Allot,Female,73,African American,None,Not Admission,,11
534-58-7485,28/12/2023,11:53:00 am,C. Lund,Female,60,White,None,Not Admission,,58
186-30-9348,28/12/2023,3:23:00 am,F. Lillgard,Male,14,Asian,None,Not Admission,,52
505-68-4956,28/12/2023,2:06:00 am,H. Miles,Female,55,African American,None,Not Admission,,24
246-51-3655,28/12/2023,7:05:00 am,Z. Lardez,Male,19,African American,Cardiology,Admission,,28
510-79-5447,28/12/2023,11:06:00 pm,K. Richardes,Male,47,Asian,None,Admission,,23
599-75-3210,28/11/2023,9:25:00 pm,D. Tabourel,Male,23,Declined to Identify,None,Admission,9,50
644-58-1558,28/11/2023,6:58:00 pm,N. Krimmer,Female,44,African American,Physiotherapy,Not Admission,,44
511-18-6760,28/11/2023,6:57:00 pm,M. Nellen,Female,67,African American,General Practice,Not Admission,1,39
403-03-4234,28/11/2023,7:18:00 am,S. Chesterman,Female,73,White,None,Admission,,42
810-44-3227,28/11/2023,8:27:00 pm,G. Barnett,Female,76,White,None,Not Admission,,20
478-28-3152,28/11/2023,4:09:00 am,Q. Lackmann,Female,69,White,None,Not Admission,0,33
802-54-9455,28/11/2023,5:19:00 pm,R. Ranstead,Male,23,Asian,None,Not Admission,6,13
718-73-6480,28/11/2023,11:18:00 pm,M. Nunnery,Male,58,African American,None,Admission,,25
157-88-8844,28/11/2023,12:54:00 pm,A. Cuttler,Female,60,White,None,Admission,0,25
862-22-0410,28/11/2023,5:01:00 pm,S. Somerled,Male,30,Declined to Identify,None,Admission,,31
357-47-6302,28/11/2023,5:56:00 am,A. Wandrich,Male,54,Declined to Identify,None,Admission,,48
519-96-7743,28/11/2023,3:03:00 pm,T. Lamminam,Female,52,Asian,None,Not Admission,,11
134-14-0013,28/11/2023,11:46:00 pm,D. Slayton,Female,31,Pacific Islander,None,Admission,8,14
711-07-7795,28/11/2023,3:33:00 am,I. Cruickshanks,Female,18,African American,Physiotherapy,Not Admission,,25
226-24-8337,28/11/2023,1:59:00 am,U. De Freyne,Male,31,Asian,General Practice,Not Admission,,29
357-66-8043,28/11/2023,7:43:00 am,U. O'Connel,Female,3,White,None,Admission,,24
378-01-8926,28/10/2024,1:41:00 am,U. MacKonochie,Female,47,Declined to Identify,Gastroenterology,Not Admission,,19
528-88-1999,28/10/2024,4:52:00 pm,P. Stagg,Female,6,African American,Physiotherapy,Not Admission,,57
593-14-3589,28/10/2024,6:57:00 pm,L. Priestley,Female,33,White,General Practice,Not Admission,,17
595-74-4278,28/10/2024,9:08:00 am,R. Eccleston,Male,67,Asian,None,Admission,2,19
141-16-6774,28/10/2024,9:50:00 pm,M. Bakewell,Male,51,Pacific Islander,Orthopedics,Not Admission,,18
850-52-6715,28/10/2024,3:12:00 am,D. Benasik,Male,41,White,None,Not Admission,,50
229-66-1679,28/10/2024,5:06:00 pm,Z. Habden,Male,36,African American,None,Admission,,59
207-75-3168,28/10/2024,7:03:00 am,W. Stronge,Female,57,Pacific Islander,Gastroenterology,Not Admission,,23
590-07-7660,28/10/2024,1:11:00 am,C. Hullot,Male,6,African American,Physiotherapy,Not Admission,,44
510-72-3447,28/10/2024,10:39:00 am,T. Hatz,Male,33,Declined to Identify,None,Not Admission,,49
754-08-4143,28/10/2024,8:35:00 pm,N. Leeke,Female,71,Asian,None,Admission,,49
474-93-8205,28/10/2024,7:18:00 am,Q. Konke,Male,58,Pacific Islander,Physiotherapy,Not Admission,,53
558-19-1783,28/10/2024,2:40:00 am,Y. Garaghan,Male,28,African American,Orthopedics,Admission,,27
683-71-6277,28/10/2024,8:29:00 am,I. Batistelli,Male,67,White,Orthopedics,Admission,7,43
113-95-3971,28/10/2023,3:41:00 am,B. Preto,Male,1,African American,Orthopedics,Not Admission,3,25
168-08-3622,28/10/2023,11:15:00 pm,T. Iliffe,Female,72,White,None,Not Admission,,43
851-89-9617,28/10/2023,1:27:00 am,K. Petheridge,Male,31,African American,None,Not Admission,,47
426-46-7370,28/10/2023,6:51:00 am,F. Misselbrook,Female,62,Declined to Identify,Physiotherapy,Not Admission,,23
525-09-7165,28/10/2023,5:53:00 am,K. Mauser,Male,65,White,None,Not Admission,,44
566-34-5549,28/10/2023,7:52:00 pm,N. Lamartine,Female,51,Declined to Identify,General Practice,Not Admission,,55
445-96-8347,28/10/2023,11:01:00 am,P. Brinsden,Female,40,African American,Physiotherapy,Not Admission,,18
757-41-6226,28/10/2023,4:13:00 pm,H. Haysar,Female,78,Pacific Islander,General Practice,Not Admission,,53
688-49-5453,28/10/2023,7:31:00 pm,N. Augie,Male,17,Asian,General Practice,Admission,,20
181-64-2880,28/10/2023,11:40:00 pm,B. Sever,Male,67,African American,None,Not Admission,,20
595-17-3646,28/10/2023,4:27:00 pm,N. Walasik,Female,56,African American,None,Admission,5,45
643-88-8465,28/10/2023,11:51:00 am,V. Kynforth,Female,79,African American,Orthopedics,Not Admission,,41
728-15-5341,28/10/2023,3:00:00 pm,R. Kiely,Male,12,Asian,None,Not Admission,,17
350-10-0311,28/10/2023,1:49:00 pm,E. Ahlin,Female,69,Two or More Races,None,Not Admission,3,29
590-93-6696,28/10/2023,11:37:00 pm,S. Guislin,Male,24,White,General Practice,Not Admission,,27
473-32-0894,28/09/2024,5:51:00 am,D. Hazeltine,Male,23,African American,None,Admission,,56
255-38-4437,28/09/2024,2:47:00 am,P. Puttan,Male,33,African American,General Practice,Not Admission,,27
289-70-6054,28/09/2024,4:44:00 pm,R. Edworthie,Male,32,White,Orthopedics,Admission,2,22
676-34-0882,28/09/2024,8:01:00 pm,B. Ferroni,Female,64,Two or More Races,None,Not Admission,,35
284-78-7721,28/09/2024,5:26:00 am,Q. Louis,Male,37,White,None,Admission,,52
800-40-6304,28/09/2024,4:58:00 pm,M. Hockell,Female,33,African American,None,Admission,,47
605-08-3714,28/09/2024,2:01:00 am,E. Ripley,Male,45,African American,None,Not Admission,,10
372-10-3387,28/09/2024,12:24:00 am,C. Haskur,Female,22,White,General Practice,Admission,,14
113-13-3301,28/09/2024,11:57:00 pm,Y. Antecki,Female,37,White,None,Admission,,54
364-08-4191,28/09/2024,8:21:00 am,L. Alwell,Female,7,White,None,Admission,4,41
540-89-3110,28/09/2024,10:17:00 am,R. Elderton,Female,60,Two or More Races,None,Not Admission,,10
611-43-2271,28/09/2024,1:43:00 am,H. Llorente,Male,79,Declined to Identify,Orthopedics,Admission,,27
802-95-4470,28/09/2024,3:42:00 am,V. Allardyce,Female,35,Two or More Races,None,Not Admission,,50
603-46-9977,28/09/2024,5:53:00 pm,Q. Elfe,Female,49,African American,None,Admission,,15
167-17-2338,28/09/2024,1:53:00 am,Y. Brunotti,Male,48,Native American/Alaska Native,None,Admission,,44
198-62-3897,28/09/2024,11:01:00 am,E. Clifforth,Male,50,African American,None,Not Admission,,27
318-26-1414,28/09/2024,2:47:00 pm,U. Benneyworth,Female,27,White,None,Not Admission,,23
177-86-0072,28/09/2023,4:05:00 pm,I. Moen,Male,63,White,None,Admission,2,13
599-01-3259,28/09/2023,1:02:00 pm,F. Charte,Male,27,White,None,Not Admission,,55
631-71-2348,28/09/2023,7:13:00 am,R. Fitzjohn,Male,8,Two or More Races,None,Not Admission,,33
805-76-9726,28/09/2023,4:20:00 am,W. Agett,Female,13,Native American/Alaska Native,None,Admission,,29
249-88-6525,28/09/2023,3:18:00 am,W. Daykin,Female,24,African American,None,Admission,,20
216-16-4089,28/09/2023,3:50:00 am,H. Rohloff,Female,13,African American,Orthopedics,Admission,2,42
825-04-1608,28/09/2023,2:12:00 pm,C. Felce,Female,38,Two or More Races,None,Admission,,18
310-63-8184,28/09/2023,3:09:00 am,R. Jurgen,Male,54,Asian,Orthopedics,Admission,,25
399-06-7105,28/09/2023,7:09:00 pm,G. Merrigans,Male,73,Two or More Races,Physiotherapy,Not Admission,,44
785-86-9715,28/09/2023,11:40:00 am,O. Cupper,Female,46,Two or More Races,None,Not Admission,,51
687-64-4420,28/09/2023,6:47:00 am,W. Mundall,Male,13,White,None,Admission,3,54
892-76-7900,28/09/2023,1:56:00 pm,F. Matuszyk,Female,44,African American,None,Not Admission,,49
557-30-5454,28/09/2023,9:25:00 pm,A. Emmanuele,Male,23,Two or More Races,None,Not Admission,,16
820-21-1992,28/09/2023,5:09:00 am,A. McMorland,Female,41,White,None,Not Admission,,33
148-18-7869,28/09/2023,9:24:00 pm,A. Juliff,Male,17,African American,Gastroenterology,Admission,5,22
431-67-3146,28/09/2023,2:59:00 pm,U. Hebbes,Female,73,African American,None,Admission,,32
546-51-7389,28/08/2024,2:25:00 am,S. Grevile,Female,56,White,None,Not Admission,8,33
597-65-0647,28/08/2024,1:51:00 pm,L. Pacht,Female,47,Two or More Races,Gastroenterology,Admission,,59
564-01-2732,28/08/2024,12:39:00 pm,Y. Bromhead,Male,23,African American,Renal,Admission,,12
744-03-5281,28/08/2024,8:56:00 pm,Z. Gregorin,Female,15,Two or More Races,None,Not Admission,8,33
570-65-0181,28/08/2024,8:38:00 am,W. Schistl,Female,58,African American,None,Not Admission,,42
490-74-0642,28/08/2024,10:40:00 pm,F. Deshorts,Male,7,Asian,None,Not Admission,,31
861-59-5355,28/08/2024,2:41:00 pm,P. Poore,Male,56,African American,None,Not Admission,,32
313-21-4953,28/08/2024,5:38:00 pm,J. Spradbrow,Male,42,Asian,General Practice,Admission,,43
145-19-0752,28/08/2024,8:37:00 pm,U. Cunah,Male,76,White,None,Admission,8,14
244-51-1815,28/08/2024,11:19:00 am,Q. Wigg,Male,69,White,None,Admission,,16
875-56-3403,28/08/2024,10:33:00 pm,U. Hornbuckle,Female,64,African American,Orthopedics,Not Admission,3,34
441-78-6203,28/08/2024,11:28:00 pm,E. Sandys,Male,3,African American,Renal,Admission,6,42
563-03-8388,28/08/2024,8:39:00 pm,D. Weyman,Female,63,White,None,Admission,0,24
184-24-9099,28/08/2024,3:39:00 am,D. Burkwood,Female,62,Declined to Identify,None,Not Admission,9,57
186-26-5228,28/08/2024,5:55:00 am,M. Spiring,Female,29,African American,General Practice,Admission,,26
604-19-2040,28/08/2024,3:48:00 pm,J. Founds,Female,54,Two or More Races,Orthopedics,Not Admission,6,30
321-64-7625,28/08/2024,3:05:00 am,X. McLanachan,Female,67,White,Physiotherapy,Not Admission,,56
287-12-3149,28/08/2024,7:18:00 am,H. Lebarree,Female,64,Declined to Identify,None,Admission,,32
825-31-1708,28/08/2024,12:11:00 pm,V. Pleasance,Male,46,Two or More Races,Neurology,Not Admission,,58
424-36-0709,28/08/2024,6:06:00 pm,O. Habbeshaw,Female,4,Two or More Races,General Practice,Admission,,36
161-45-2290,28/08/2024,10:51:00 am,G. Alishoner,Male,57,Declined to Identify,None,Admission,,24
791-52-9087,28/08/2023,12:41:00 pm,M. Brasher,Male,34,White,None,Not Admission,5,17
621-62-1086,28/08/2023,6:43:00 am,Y. Deeney,Female,2,Pacific Islander,None,Not Admission,,22
861-21-2134,28/08/2023,4:39:00 am,E. Waterson,Male,11,African American,None,Admission,,38
432-54-0526,28/08/2023,4:08:00 pm,M. Dizlie,Male,39,Declined to Identify,General Practice,Admission,,47
684-05-3448,28/08/2023,6:12:00 am,F. Boggish,Female,33,Native American/Alaska Native,None,Admission,5,45
772-41-5673,28/08/2023,7:04:00 pm,U. Saltwell,Male,51,White,None,Admission,,30
580-39-5361,28/08/2023,1:46:00 pm,U. Colbert,Female,37,African American,None,Not Admission,5,22
264-67-9050,28/08/2023,6:12:00 pm,J. Grunder,Female,58,Native American/Alaska Native,Gastroenterology,Not Admission,,42
340-55-3895,28/08/2023,9:56:00 pm,Q. Chandlar,Female,62,White,None,Not Admission,10,56
166-20-2794,28/08/2023,9:40:00 am,U. Percy,Male,68,White,None,Admission,,44
280-78-3888,28/08/2023,11:10:00 pm,C. Earingey,Male,51,Asian,Physiotherapy,Not Admission,5,28
556-89-9725,28/08/2023,8:07:00 pm,D. Soane,Female,9,White,None,Admission,,54
575-11-3097,28/08/2023,7:33:00 pm,H. Faust,Male,75,White,None,Not Admission,,11
526-19-8373,28/08/2023,11:25:00 pm,D. Eblein,Female,39,Two or More Races,None,Admission,4,41
518-07-6654,28/08/2023,11:12:00 am,Y. Walewski,Male,77,Asian,None,Admission,,60
826-35-4257,28/08/2023,7:47:00 am,J. Delhay,Female,25,Asian,General Practice,Admission,2,35
694-09-6517,28/08/2023,4:56:00 am,Y. Kelson,Male,4,African American,None,Admission,,25
553-72-9772,28/07/2024,7:07:00 pm,Y. Jasik,Male,22,Two or More Races,None,Not Admission,,37
107-22-3380,28/07/2024,11:59:00 am,O. Cottrill,Male,20,White,None,Admission,,52
880-96-7672,28/07/2024,9:08:00 pm,M. Huncoot,Male,53,Two or More Races,None,Admission,8,23
815-67-5217,28/07/2024,9:57:00 pm,K. Edlin,Female,59,African American,General Practice,Admission,9,41
851-10-2629,28/07/2024,6:17:00 am,O. Baudi,Female,75,White,None,Admission,,10
496-40-2289,28/07/2024,6:05:00 pm,Y. Peiser,Male,8,White,Physiotherapy,Admission,6,27
883-50-9955,28/07/2024,10:17:00 pm,F. Keogh,Male,42,Native American/Alaska Native,None,Not Admission,,50
716-82-2881,28/07/2024,10:50:00 am,E. Harrisson,Female,56,Two or More Races,Cardiology,Not Admission,,54
634-99-3068,28/07/2024,2:16:00 pm,E. Colbridge,Male,10,White,General Practice,Admission,,57
815-91-7298,28/07/2024,11:33:00 pm,E. Stuchberry,Male,58,Declined to Identify,None,Not Admission,,22
898-64-3273,28/07/2024,2:50:00 am,L. Chillistone,Male,56,Pacific Islander,General Practice,Admission,,27
828-46-7426,28/07/2024,8:31:00 am,H. Stairmond,Male,75,White,None,Admission,,39
896-82-2567,28/07/2024,4:44:00 am,X. Schoffel,Female,9,White,General Practice,Not Admission,,48
793-29-8977,28/07/2024,7:27:00 am,E. Gentric,Female,49,Pacific Islander,Orthopedics,Admission,,39
453-37-7733,28/07/2024,6:57:00 pm,T. Blann,Female,67,Asian,None,Not Admission,7,14
210-86-6844,28/07/2024,8:15:00 pm,L. Guidera,Male,38,African American,General Practice,Admission,5,58
478-46-3518,28/07/2024,5:09:00 pm,R. McFarlane,Female,74,Two or More Races,None,Not Admission,1,39
123-29-1223,28/07/2024,1:37:00 pm,G. Kingdom,Female,10,African American,None,Not Admission,,18
447-04-3850,28/07/2024,2:11:00 am,F. Lukianov,Female,37,Declined to Identify,General Practice,Admission,10,49
476-12-0189,28/07/2024,1:02:00 am,C. Creffeild,Male,31,Asian,None,Admission,,28
266-90-9815,28/07/2023,12:35:00 pm,L. Casewell,Female,79,Two or More Races,General Practice,Not Admission,,50
283-01-3923,28/07/2023,7:08:00 am,U. Biddiss,Male,9,Asian,None,Admission,,60
110-18-6737,28/07/2023,4:22:00 am,V. Pimerick,Female,28,White,None,Admission,,44
797-73-7347,28/07/2023,9:04:00 pm,N. Pieter,Male,39,African American,General Practice,Not Admission,,40
396-78-3849,28/07/2023,7:26:00 pm,K. Kiefer,Female,29,African American,General Practice,Admission,,38
463-53-5459,28/07/2023,6:10:00 am,V. Josskoviz,Male,66,Two or More Races,None,Admission,,23
723-91-2291,28/07/2023,4:39:00 am,J. Mikalski,Male,1,Two or More Races,None,Not Admission,,15
602-61-9639,28/07/2023,7:41:00 am,X. Housegoe,Female,51,Declined to Identify,None,Admission,,17
488-25-0630,28/07/2023,6:20:00 pm,C. O'Hickey,Female,73,Native American/Alaska Native,None,Not Admission,,18
829-18-5991,28/07/2023,1:50:00 am,J. Storms,Male,19,White,None,Admission,,27
657-56-7706,28/07/2023,5:37:00 pm,M. Manginot,Female,75,African American,Neurology,Admission,5,59
816-20-1771,28/07/2023,12:58:00 am,L. Filppetti,Female,78,Two or More Races,None,Admission,,11
495-27-5086,28/06/2024,12:49:00 pm,K. Rodders,Female,36,Two or More Races,None,Admission,,34
254-25-5430,28/06/2024,8:05:00 pm,W. Gerrels,Male,1,White,None,Not Admission,,35
550-40-6794,28/06/2024,8:30:00 pm,Q. Ludye,Male,75,Two or More Races,None,Admission,,24
282-10-7870,28/06/2024,12:31:00 am,K. Crosham,Male,27,Two or More Races,General Practice,Admission,,51
207-58-3631,28/06/2024,3:10:00 pm,W. MacElharge,Female,1,Asian,Physiotherapy,Not Admission,,32
523-65-6493,28/06/2024,1:56:00 am,B. Hulk,Male,26,Two or More Races,General Practice,Not Admission,,40
432-56-1449,28/06/2024,5:32:00 pm,Y. Wanek,Female,3,Two or More Races,General Practice,Not Admission,,22
522-78-1715,28/06/2024,10:03:00 pm,L. Philipart,Male,24,Pacific Islander,None,Not Admission,,25
695-96-3195,28/06/2024,1:39:00 am,H. Pascoe,Female,45,White,None,Not Admission,,22
876-22-1135,28/06/2024,7:35:00 pm,R. Robez,Male,30,African American,None,Admission,2,22
870-58-8114,28/06/2024,4:18:00 pm,M. Works,Male,49,Two or More Races,None,Admission,6,13
285-46-6711,28/06/2024,11:39:00 pm,O. Stemson,Male,43,African American,General Practice,Not Admission,,43
689-04-9270,28/06/2024,7:18:00 am,U. Island,Male,21,White,None,Not Admission,,41
316-12-4150,28/06/2024,12:23:00 pm,X. Haskell,Female,9,Pacific Islander,None,Admission,,10
195-62-9243,28/06/2024,7:53:00 am,Y. De Bischop,Female,12,African American,None,Admission,8,54
154-48-7665,28/06/2024,9:05:00 am,L. Peert,Male,65,White,None,Not Admission,,57
226-92-3412,28/06/2024,11:12:00 pm,G. Antoniak,Male,19,Asian,None,Admission,,49
482-71-0293,28/06/2023,11:10:00 pm,M. Crudge,Male,10,Two or More Races,None,Admission,4,45
116-88-1470,28/06/2023,3:55:00 pm,H. Treece,Female,26,Pacific Islander,None,Admission,,45
855-75-9962,28/06/2023,4:10:00 am,J. Sparsholt,Female,70,White,None,Admission,,60
192-35-0491,28/06/2023,3:39:00 pm,F. Bonson,Male,43,White,None,Not Admission,,16
359-91-9193,28/06/2023,9:03:00 am,Q. Ayllett,Male,57,African American,None,Not Admission,4,33
441-73-2531,28/06/2023,5:05:00 pm,F. Dowrey,Male,77,Declined to Identify,None,Admission,10,48
729-56-7978,28/06/2023,11:24:00 pm,X. Sloam,Female,27,White,None,Admission,,25
417-94-9904,28/06/2023,3:07:00 pm,E. Bastistini,Male,41,Two or More Races,None,Admission,,31
467-34-2716,28/06/2023,6:10:00 am,I. Eddisford,Male,33,Two or More Races,None,Admission,,28
355-96-0567,28/06/2023,11:27:00 am,T. Pavis,Female,64,African American,None,Not Admission,,12
595-28-1466,28/06/2023,6:58:00 am,H. Shimman,Female,43,Pacific Islander,None,Admission,,19
559-57-4367,28/06/2023,10:52:00 pm,S. Galilee,Male,57,White,None,Not Admission,9,28
220-40-6700,28/06/2023,2:00:00 am,V. Tamsett,Female,12,White,None,Admission,3,47
121-21-5456,28/06/2023,1:22:00 pm,Y. Starzaker,Male,11,Two or More Races,None,Not Admission,,22
499-12-2949,28/06/2023,7:21:00 pm,S. Haller,Female,26,White,None,Admission,,17
760-17-2412,28/06/2023,11:11:00 am,V. Rawlins,Male,60,African American,None,Admission,1,49
272-07-0356,28/06/2023,11:37:00 am,R. Tappor,Male,39,White,None,Not Admission,,17
510-71-3837,28/06/2023,8:18:00 am,T. Devaney,Male,68,Declined to Identify,None,Not Admission,,51
131-86-4510,28/06/2023,11:46:00 am,S. Arnau,Female,43,African American,None,Admission,,58
167-30-0521,28/06/2023,1:24:00 pm,L. Mablestone,Male,76,White,None,Admission,,53
552-43-0912,28/06/2023,3:40:00 am,J. Hamlet,Female,21,Native American/Alaska Native,None,Not Admission,9,47
569-71-9134,28/06/2023,6:57:00 am,S. Dottrell,Male,2,Two or More Races,None,Admission,0,60
128-42-7299,28/06/2023,3:17:00 am,Q. Denidge,Male,16,White,None,Admission,10,58
645-33-8446,28/05/2024,3:46:00 pm,J. Early,Male,68,African American,None,Not Admission,1,44
780-44-8461,28/05/2024,11:08:00 am,K. Caudelier,Male,79,White,None,Admission,10,11
799-77-3442,28/05/2024,3:22:00 am,H. Hamlyn,Female,16,Declined to Identify,None,Admission,,54
569-52-7198,28/05/2024,11:40:00 am,T. Fiddymont,Female,42,African American,None,Admission,6,14
348-15-4703,28/05/2024,3:30:00 am,P. Blanket,Male,27,Declined to Identify,None,Not Admission,,27
281-25-4387,28/05/2024,7:41:00 am,Z. Gritten,Male,2,White,None,Not Admission,3,23
695-28-2556,28/05/2024,7:25:00 pm,W. Puttick,Female,64,Asian,None,Not Admission,,32
177-58-4644,28/05/2024,6:26:00 am,S. Elvidge,Male,14,African American,None,Admission,6,52
527-92-5108,28/05/2024,9:49:00 pm,G. Fassmann,Male,73,Two or More Races,None,Admission,,42
536-37-9223,28/05/2024,12:32:00 pm,A. Duigenan,Female,42,White,None,Not Admission,0,27
248-95-3644,28/05/2024,3:54:00 pm,T. Gile,Male,72,Native American/Alaska Native,General Practice,Admission,5,24
479-57-6958,28/05/2024,8:00:00 pm,O. Wherry,Male,49,Declined to Identify,General Practice,Admission,9,14
825-41-8889,28/05/2024,10:51:00 pm,X. Regnard,Male,32,White,None,Not Admission,0,30
507-62-7126,28/05/2023,12:37:00 pm,H. Beedle,Male,15,White,None,Not Admission,,11
468-10-3284,28/05/2023,10:18:00 am,P. Trainor,Female,57,White,Physiotherapy,Not Admission,,19
587-40-6537,28/05/2023,1:19:00 pm,E. Lettuce,Female,77,White,General Practice,Not Admission,0,52
819-83-4431,28/05/2023,10:50:00 pm,K. Farrear,Female,16,African American,Orthopedics,Not Admission,,17
338-32-5533,28/05/2023,2:00:00 am,N. Kiefer,Male,48,White,None,Not Admission,7,51
196-08-4706,28/05/2023,4:12:00 pm,M. Wroughton,Male,42,White,None,Admission,,54
334-96-4072,28/05/2023,7:00:00 am,S. Forseith,Male,63,White,Physiotherapy,Not Admission,4,50
230-36-3922,28/05/2023,8:13:00 am,X. Pepi,Female,70,Two or More Races,None,Not Admission,,39
316-95-8309,28/05/2023,5:46:00 pm,O. Ambrosini,Male,79,African American,None,Not Admission,8,55
443-01-9231,28/05/2023,5:26:00 am,U. Suggey,Female,17,White,None,Admission,,20
363-13-7370,28/04/2024,10:18:00 pm,L. Patria,Male,23,White,None,Not Admission,6,19
201-02-3198,28/04/2024,9:39:00 pm,N. Trump,Male,78,Two or More Races,None,Admission,,16
388-61-6417,28/04/2024,9:38:00 pm,N. Coggill,Female,11,Native American/Alaska Native,None,Admission,,32
887-55-2985,28/04/2024,3:14:00 am,Z. Warkup,Female,56,Pacific Islander,General Practice,Admission,,36
683-61-8328,28/04/2024,5:08:00 pm,O. Crichley,Female,10,African American,None,Not Admission,2,40
335-09-3012,28/04/2024,6:22:00 pm,J. Gidney,Male,56,White,General Practice,Not Admission,,53
102-93-0960,28/04/2024,1:23:00 am,F. Lyddiard,Female,47,Declined to Identify,General Practice,Not Admission,5,35
327-11-9513,28/04/2024,5:08:00 pm,B. Pieracci,Male,71,African American,None,Admission,,30
674-41-4544,28/04/2024,4:59:00 pm,N. Betho,Female,6,Declined to Identify,None,Admission,,23
400-25-3511,28/04/2024,8:23:00 am,B. Hammant,Female,54,White,None,Admission,8,27
886-03-1751,28/04/2024,4:53:00 am,L. Hicks,Female,41,White,None,Not Admission,,19
261-68-3689,28/04/2024,2:21:00 pm,Q. Hedditeh,Female,6,Two or More Races,Orthopedics,Not Admission,,45
478-39-3852,28/04/2024,3:19:00 pm,Y. Filippucci,Male,70,Two or More Races,None,Admission,,39
562-75-0518,28/04/2024,1:58:00 pm,W. Dibdale,Male,32,Two or More Races,None,Not Admission,,43
608-48-4234,28/04/2024,11:02:00 am,C. Smaling,Male,55,Asian,Orthopedics,Not Admission,0,28
680-20-7790,28/04/2024,11:58:00 pm,D. Airlie,Male,74,White,None,Not Admission,,14
774-04-3304,28/04/2023,5:13:00 am,G. Ruddy,Female,34,African American,Orthopedics,Not Admission,,27
630-34-6448,28/04/2023,6:16:00 pm,N. Causton,Male,28,Pacific Islander,Cardiology,Not Admission,,23
331-93-9295,28/04/2023,5:36:00 am,J. Vain,Female,76,White,None,Admission,,41
840-93-3146,28/04/2023,7:34:00 pm,E. McNea,Male,21,White,None,Not Admission,,49
715-12-7760,28/04/2023,2:56:00 pm,C. Ovey,Male,49,Two or More Races,General Practice,Admission,5,43
180-56-0276,28/04/2023,11:23:00 pm,A. Platts,Male,42,White,Orthopedics,Not Admission,8,22
791-34-3279,28/04/2023,9:59:00 am,F. Kopfen,Male,40,Declined to Identify,None,Not Admission,,21
234-11-2272,28/04/2023,10:02:00 pm,Q. Bretherick,Female,71,Pacific Islander,None,Not Admission,,44
628-85-1987,28/04/2023,10:42:00 am,K. Phelps,Female,18,Two or More Races,None,Admission,,18
249-19-1543,28/04/2023,3:12:00 pm,P. Dunnet,Female,2,White,Orthopedics,Admission,,16
852-69-6258,28/04/2023,8:35:00 am,L. Fagence,Female,21,White,None,Admission,0,39
381-69-6342,28/04/2023,11:27:00 pm,X. Spirit,Female,65,Asian,None,Not Admission,,56
316-16-8848,28/04/2023,8:10:00 pm,T. Andree,Male,29,Two or More Races,General Practice,Admission,,23
258-20-1592,28/04/2023,5:59:00 pm,M. de Bullion,Male,2,White,Physiotherapy,Admission,10,56
786-79-1881,28/04/2023,7:42:00 am,I. Abrahmson,Female,11,Native American/Alaska Native,Orthopedics,Not Admission,,20
504-78-6609,28/04/2023,1:15:00 pm,J. Di Francecshi,Male,40,Native American/Alaska Native,None,Not Admission,,23
138-52-2171,28/03/2024,12:57:00 pm,H. Banger,Male,77,White,General Practice,Not Admission,,31
798-67-0882,28/03/2024,7:08:00 pm,U. Dofty,Female,42,Two or More Races,None,Not Admission,10,26
428-30-2009,28/03/2024,1:01:00 pm,K. Spurriar,Male,62,White,None,Admission,10,19
885-79-8466,28/03/2024,5:49:00 am,U. Bannon,Female,9,Pacific Islander,General Practice,Admission,,56
167-67-7087,28/03/2024,5:25:00 am,E. Hardaway,Female,35,White,General Practice,Not Admission,,52
711-14-6363,28/03/2024,9:46:00 am,W. Merriton,Male,31,African American,None,Not Admission,,43
618-22-6988,28/03/2024,3:38:00 pm,W. Coite,Male,9,African American,None,Admission,8,19
483-20-0302,28/03/2024,9:22:00 am,B. Dyzart,Female,47,African American,Orthopedics,Not Admission,,30
337-54-0640,28/03/2024,6:24:00 am,N. Skeech,Male,64,Two or More Races,General Practice,Not Admission,,52
885-62-7905,28/03/2024,5:26:00 pm,O. Southwood,Female,21,African American,Cardiology,Admission,,32
491-68-4558,28/03/2024,3:47:00 am,O. Dawdary,Male,19,Native American/Alaska Native,None,Not Admission,,15
233-13-0126,28/03/2024,7:07:00 pm,L. Murdy,Male,52,African American,Orthopedics,Not Admission,,12
852-57-5816,28/03/2024,11:43:00 pm,D. Sphinxe,Male,14,Two or More Races,None,Admission,9,10
658-61-9044,28/03/2024,8:51:00 am,L. Sayles,Male,71,African American,Orthopedics,Not Admission,,28
454-17-8279,28/03/2024,7:54:00 am,T. Odgaard,Male,39,African American,Orthopedics,Not Admission,,12
744-14-7520,28/03/2024,10:42:00 am,Z. Quennell,Male,19,White,None,Not Admission,,33
604-58-1481,28/03/2024,1:38:00 pm,K. Ianetti,Male,35,Asian,None,Not Admission,,45
106-76-9218,28/02/2024,5:56:00 pm,E. Ruggiero,Male,20,White,None,Admission,,40
884-57-5845,28/02/2024,10:41:00 am,A. Milner,Male,8,White,General Practice,Not Admission,,39
204-16-6516,28/02/2024,1:02:00 am,Q. Austing,Male,37,African American,General Practice,Admission,10,15
162-53-8400,28/02/2024,12:31:00 pm,I. Wolstenholme,Male,56,White,None,Admission,,12
143-66-9743,28/02/2024,8:45:00 pm,I. Epgrave,Male,4,African American,General Practice,Not Admission,,31
891-29-4509,28/02/2024,7:57:00 am,Z. Lockley,Male,54,African American,None,Admission,,57
834-60-1903,28/02/2024,4:15:00 am,M. Lambdean,Male,68,Asian,None,Admission,4,45
184-28-0688,28/02/2024,5:02:00 pm,N. Hamlyn,Male,21,Two or More Races,None,Not Admission,,55
706-58-1402,28/02/2024,9:28:00 am,J. Garfitt,Male,66,Asian,General Practice,Not Admission,,50
243-30-4158,28/02/2024,12:22:00 pm,X. Jeffryes,Male,66,African American,General Practice,Not Admission,,49
546-75-6534,28/02/2024,8:51:00 pm,R. Tosspell,Female,37,Two or More Races,None,Admission,,39
627-82-2159,28/02/2024,2:27:00 am,L. Maus,Female,15,Declined to Identify,None,Not Admission,,54
266-27-4585,28/02/2024,9:14:00 pm,J. Voss,Male,8,African American,Neurology,Admission,,31
614-03-6436,28/01/2024,1:35:00 pm,N. Baldock,Male,19,Asian,None,Not Admission,,15
609-94-3506,28/01/2024,2:12:00 pm,V. Dexter,Male,35,White,None,Admission,,38
515-13-6589,28/01/2024,5:04:00 pm,A. McCree,Female,6,Native American/Alaska Native,Gastroenterology,Not Admission,,22
275-94-9976,28/01/2024,7:51:00 am,G. Burde,Male,30,Pacific Islander,None,Not Admission,,23
203-58-4811,28/01/2024,5:31:00 am,Z. Fortey,Male,29,White,None,Not Admission,7,48
327-14-9748,28/01/2024,4:29:00 am,P. Dance,Female,72,White,Orthopedics,Admission,,31
815-34-1721,28/01/2024,11:40:00 am,B. Balwin,Male,54,White,Physiotherapy,Admission,6,23
193-58-6345,28/01/2024,12:30:00 pm,Y. Vassman,Male,6,Declined to Identify,None,Not Admission,3,49
167-50-7288,28/01/2024,7:26:00 pm,Z. Hunnable,Female,6,African American,None,Not Admission,,50
462-70-2628,28/01/2024,8:35:00 am,H. Loudon,Female,17,African American,None,Not Admission,,42
473-86-0631,28/01/2024,2:52:00 am,P. Veschi,Female,5,Asian,None,Admission,,50
338-40-8634,28/01/2024,2:58:00 pm,Q. Dinneges,Female,25,African American,None,Not Admission,,36
726-38-4364,28/01/2024,8:54:00 am,Q. Pickthall,Male,46,White,None,Admission,8,26
795-55-7654,28/01/2024,7:52:00 pm,O. Garlick,Male,79,White,None,Admission,4,10
784-33-8181,28/01/2024,7:36:00 pm,E. Le - Count,Male,43,White,None,Admission,,16
342-20-9295,28/01/2024,3:02:00 am,E. Revey,Female,16,Asian,Orthopedics,Admission,,59
543-62-1334,28/01/2024,11:42:00 am,E. Stranio,Male,18,Asian,General Practice,Not Admission,,11
119-84-9558,28/01/2024,9:56:00 am,T. Drache,Male,12,Pacific Islander,None,Not Admission,4,39
446-18-6335,28/01/2024,6:38:00 am,C. Faughny,Female,52,African American,None,Not Admission,,18
248-97-2178,28/01/2024,8:11:00 am,O. Gianninotti,Male,39,African American,None,Admission,,37
593-38-7471,27/12/2023,10:28:00 pm,N. Netherwood,Female,62,African American,Orthopedics,Admission,,32
381-04-1367,27/12/2023,5:48:00 pm,C. Corrao,Female,1,Native American/Alaska Native,None,Not Admission,,31
489-40-7800,27/12/2023,12:47:00 pm,N. Hymor,Male,34,Asian,Renal,Admission,,34
825-59-4709,27/12/2023,10:34:00 am,Z. Primett,Female,71,African American,None,Admission,3,48
356-90-7296,27/12/2023,8:14:00 am,E. Jewes,Female,39,White,None,Not Admission,,57
315-96-8028,27/12/2023,6:07:00 pm,B. Androli,Male,6,Declined to Identify,None,Admission,,32
198-80-3135,27/12/2023,3:01:00 am,O. Alderwick,Male,52,Pacific Islander,General Practice,Not Admission,,40
188-51-7186,27/12/2023,3:14:00 am,U. Shalcros,Female,40,White,None,Admission,,38
612-19-4053,27/12/2023,11:15:00 pm,O. Dudbridge,Male,47,African American,Neurology,Admission,,50
773-13-7194,27/12/2023,6:19:00 pm,T. Corbin,Female,21,Native American/Alaska Native,None,Not Admission,8,18
535-57-0086,27/12/2023,12:20:00 pm,P. Rogeron,Female,72,Native American/Alaska Native,None,Admission,,52
186-34-2679,27/12/2023,5:56:00 pm,M. Eberz,Male,25,White,None,Admission,,53
774-11-8347,27/12/2023,6:06:00 pm,Q. Hodgin,Female,2,Asian,None,Admission,,43
763-09-4106,27/12/2023,12:26:00 am,U. Bice,Female,77,Two or More Races,General Practice,Admission,,21
474-79-8359,27/11/2023,7:01:00 am,G. Woodcroft,Male,4,African American,General Practice,Admission,,32
542-32-4791,27/11/2023,5:04:00 pm,V. Abramow,Male,20,African American,General Practice,Admission,1,25
132-59-6486,27/11/2023,6:52:00 am,M. Orneblow,Female,68,African American,General Practice,Not Admission,,56
207-77-6544,27/11/2023,4:48:00 am,M. O'Dowgaine,Male,70,Two or More Races,None,Not Admission,,33
518-80-6906,27/11/2023,10:27:00 am,D. Dumini,Male,53,Declined to Identify,None,Not Admission,,59
395-89-7021,27/11/2023,8:35:00 am,I. Kondratowicz,Male,67,African American,None,Not Admission,,57
848-82-6894,27/11/2023,1:19:00 pm,R. O'Neal,Male,9,Asian,General Practice,Admission,,26
516-29-6967,27/11/2023,10:29:00 am,O. Southey,Female,68,Declined to Identify,None,Admission,10,49
325-33-0840,27/11/2023,8:39:00 pm,A. Vice,Female,47,White,None,Admission,,40
592-43-3478,27/11/2023,3:18:00 am,I. Tschiersch,Female,68,Asian,Gastroenterology,Admission,,34
576-87-1951,27/11/2023,3:16:00 pm,D. Willmer,Female,12,White,None,Admission,,13
618-49-0866,27/11/2023,12:32:00 am,N. Dunseath,Female,1,Asian,None,Admission,8,14
681-33-8999,27/11/2023,9:22:00 pm,R. Emtage,Male,71,White,General Practice,Not Admission,10,51
699-47-0420,27/11/2023,12:44:00 pm,N. Holtum,Female,14,White,General Practice,Admission,,26
169-58-6319,27/11/2023,3:30:00 am,A. Speek,Male,3,Declined to Identify,Orthopedics,Admission,,46
435-96-0077,27/11/2023,3:45:00 am,C. Grinsdale,Female,71,Two or More Races,Cardiology,Admission,,60
353-41-7612,27/11/2023,12:15:00 pm,V. Leyland,Male,58,White,Orthopedics,Not Admission,,37
502-96-5841,27/11/2023,6:48:00 am,K. Blei,Female,8,Declined to Identify,Orthopedics,Admission,0,31
752-34-4471,27/11/2023,12:18:00 am,S. Baltzar,Male,56,African American,Gastroenterology,Admission,,49
546-38-9941,27/10/2024,11:16:00 am,Y. McMeeking,Female,50,White,None,Admission,,26
627-46-5712,27/10/2024,11:17:00 pm,K. McCorry,Male,79,Native American/Alaska Native,General Practice,Admission,2,42
808-17-1359,27/10/2024,7:57:00 pm,U. Hargey,Male,76,White,General Practice,Admission,5,13
325-33-5772,27/10/2024,9:57:00 pm,H. Bolgar,Male,45,White,General Practice,Not Admission,8,12
134-73-6304,27/10/2024,7:11:00 am,C. Alvaro,Female,48,White,General Practice,Admission,,44
562-51-1610,27/10/2024,5:26:00 pm,Q. Coats,Male,24,Declined to Identify,Orthopedics,Admission,,57
651-84-7603,27/10/2024,3:34:00 pm,X. Dunston,Female,59,African American,General Practice,Not Admission,10,29
382-83-8347,27/10/2024,5:08:00 pm,L. Grenshields,Male,58,African American,Orthopedics,Admission,,14
426-82-0991,27/10/2024,12:20:00 am,M. Quartermain,Female,7,White,Orthopedics,Admission,10,31
350-25-0027,27/10/2024,1:42:00 am,H. Streeter,Female,33,African American,None,Not Admission,,14
394-03-8280,27/10/2023,4:16:00 am,F. Allport,Male,63,White,None,Admission,9,47
238-35-0465,27/10/2023,6:46:00 am,P. Saltwell,Male,50,African American,Gastroenterology,Not Admission,,59
602-33-5974,27/10/2023,7:32:00 pm,J. Cottey,Female,59,Pacific Islander,Orthopedics,Admission,,60
418-90-7502,27/10/2023,8:33:00 am,C. Janca,Male,2,African American,Physiotherapy,Admission,,34
265-25-7984,27/10/2023,4:13:00 am,C. Nell,Male,70,Declined to Identify,Orthopedics,Admission,5,23
125-09-6516,27/10/2023,9:26:00 am,P. Suddock,Female,39,Pacific Islander,General Practice,Admission,,52
858-87-1119,27/10/2023,5:14:00 pm,J. Menelaws,Male,35,Asian,Renal,Not Admission,2,30
678-53-9593,27/10/2023,4:36:00 am,U. Genn,Male,5,Asian,None,Not Admission,,38
270-55-3429,27/10/2023,12:06:00 am,X. Giraudot,Male,27,Pacific Islander,Orthopedics,Not Admission,,59
737-27-3803,27/10/2023,4:48:00 pm,M. Blown,Female,23,Asian,None,Admission,2,24
272-79-6573,27/09/2024,12:50:00 pm,W. Lake,Female,38,Declined to Identify,None,Not Admission,4,19
229-08-8535,27/09/2024,1:33:00 pm,O. Portchmouth,Female,36,Asian,None,Admission,,27
367-68-2505,27/09/2024,9:06:00 am,D. Humpherson,Female,6,Two or More Races,None,Admission,,40
307-95-7194,27/09/2024,6:11:00 am,A. Riddall,Male,2,African American,None,Admission,,46
707-40-6053,27/09/2024,9:34:00 pm,O. Bahde,Female,26,Declined to Identify,None,Not Admission,,37
500-16-9899,27/09/2024,9:09:00 pm,P. Wardroper,Male,36,White,None,Not Admission,,50
547-28-7593,27/09/2024,11:03:00 am,T. Polycote,Female,26,African American,None,Admission,,29
799-50-9125,27/09/2024,3:58:00 pm,N. Gecke,Female,41,Declined to Identify,None,Admission,,19
594-59-0732,27/09/2024,7:00:00 am,U. Tuckley,Female,32,Asian,None,Admission,0,47
241-58-9086,27/09/2024,7:06:00 am,J. Pedican,Female,26,Two or More Races,General Practice,Not Admission,0,20
191-27-8899,27/09/2024,10:26:00 pm,X. Domelaw,Female,34,White,None,Not Admission,,52
128-48-8963,27/09/2024,3:50:00 am,I. Varker,Male,5,White,General Practice,Admission,4,12
483-02-3338,27/09/2023,8:44:00 pm,W. Magovern,Male,28,Asian,None,Admission,4,50
685-55-6240,27/09/2023,1:25:00 am,N. Mackney,Female,30,Two or More Races,None,Admission,,34
344-08-7920,27/09/2023,7:07:00 pm,J. McPharlain,Female,48,African American,Physiotherapy,Not Admission,,34
716-78-2526,27/09/2023,5:28:00 pm,T. McGaugie,Male,15,Asian,General Practice,Not Admission,,14
421-31-7038,27/09/2023,6:30:00 pm,H. Jurczak,Female,31,Two or More Races,General Practice,Admission,1,40
577-20-8465,27/09/2023,11:34:00 am,E. Burtwell,Male,35,White,None,Not Admission,2,58
121-69-0476,27/09/2023,10:49:00 am,N. Thompkins,Female,59,Two or More Races,None,Admission,,32
260-68-9723,27/09/2023,10:14:00 pm,R. Silverston,Female,19,White,Gastroenterology,Not Admission,7,57
752-78-6839,27/09/2023,1:32:00 pm,S. Gosnoll,Male,19,White,None,Not Admission,9,45
899-68-9474,27/09/2023,2:27:00 pm,D. Hucklesby,Male,70,African American,General Practice,Admission,1,14
691-51-1570,27/09/2023,10:09:00 am,G. Yitzhak,Male,44,Two or More Races,Orthopedics,Admission,,35
699-78-0927,27/09/2023,12:16:00 pm,W. Hyndson,Female,19,Declined to Identify,Cardiology,Not Admission,,30
168-40-6071,27/09/2023,8:44:00 am,T. McDowell,Male,22,Two or More Races,None,Admission,,14
155-49-8625,27/09/2023,1:01:00 am,B. Bunney,Male,64,Pacific Islander,None,Not Admission,,14
558-86-1882,27/09/2023,6:25:00 pm,L. Bangs,Male,33,Declined to Identify,None,Admission,4,21
148-71-3350,27/09/2023,7:01:00 pm,C. Clute,Female,22,White,None,Not Admission,,19
177-31-8738,27/09/2023,7:36:00 am,Q. Scogin,Male,38,White,General Practice,Admission,,36
716-39-5317,27/08/2024,5:00:00 am,A. Penhalurick,Male,14,Two or More Races,General Practice,Admission,,49
658-57-9431,27/08/2024,9:29:00 am,N. Yegoshin,Female,51,Declined to Identify,Gastroenterology,Not Admission,,60
642-14-4801,27/08/2024,9:06:00 pm,Z. Chessell,Female,47,Asian,None,Not Admission,,16
532-91-6458,27/08/2024,3:43:00 am,X. Slaight,Male,62,African American,None,Not Admission,,45
728-86-5184,27/08/2024,2:31:00 am,T. MacAne,Male,79,Pacific Islander,None,Not Admission,,17
112-60-3884,27/08/2024,7:53:00 pm,X. Kelledy,Male,57,Two or More Races,None,Not Admission,4,50
792-03-5512,27/08/2024,6:41:00 am,L. North,Female,39,Two or More Races,Renal,Admission,,57
592-72-5027,27/08/2024,12:58:00 am,T. Hardison,Male,8,Two or More Races,None,Not Admission,,36
897-23-2167,27/08/2024,4:44:00 pm,N. McConnel,Female,71,Asian,None,Not Admission,,26
639-29-8268,27/08/2024,2:37:00 pm,Z. Rous,Female,74,White,None,Not Admission,8,27
490-58-8278,27/08/2024,9:11:00 am,B. Bythway,Female,54,African American,General Practice,Not Admission,,47
563-41-7288,27/08/2024,8:33:00 pm,D. Guido,Female,6,African American,Cardiology,Not Admission,,60
182-57-2436,27/08/2024,7:11:00 am,H. Stannas,Female,34,Declined to Identify,General Practice,Admission,8,11
451-85-7804,27/08/2024,8:55:00 am,Y. Carrol,Male,67,Asian,General Practice,Admission,,20
456-51-8577,27/08/2024,7:04:00 am,Y. Bonner,Female,75,White,None,Not Admission,4,13
117-02-4931,27/08/2023,4:16:00 pm,N. Tenbrug,Male,4,White,General Practice,Not Admission,,53
114-19-2731,27/08/2023,3:20:00 pm,E. Hinstridge,Female,8,Native American/Alaska Native,None,Admission,,52
702-97-4064,27/08/2023,10:59:00 am,V. Sawell,Male,19,Pacific Islander,Physiotherapy,Admission,,17
216-88-0117,27/08/2023,11:16:00 am,W. Rodbourne,Male,58,Pacific Islander,None,Not Admission,,55
257-76-2460,27/08/2023,6:55:00 am,Z. Center,Male,61,White,General Practice,Admission,,21
443-02-9460,27/08/2023,12:55:00 am,K. Showte,Female,30,White,None,Admission,,55
250-82-5464,27/08/2023,12:46:00 am,D. Heath,Female,35,White,Orthopedics,Admission,,50
686-15-3149,27/08/2023,9:50:00 pm,D. Van't Hoff,Male,57,White,None,Not Admission,6,56
345-22-7048,27/08/2023,12:53:00 am,Z. Hilliam,Female,61,African American,None,Not Admission,,42
807-87-8517,27/08/2023,6:00:00 pm,D. McCrorie,Female,23,Declined to Identify,None,Admission,,15
476-07-2714,27/08/2023,6:46:00 pm,U. Cappel,Male,77,Declined to Identify,General Practice,Admission,,57
172-56-8559,27/08/2023,6:05:00 pm,I. Sitwell,Female,33,African American,None,Not Admission,,15
568-02-0607,27/08/2023,12:37:00 am,L. Creamer,Female,8,African American,None,Admission,,41
161-59-1979,27/08/2023,10:33:00 am,S. Alexis,Male,34,Declined to Identify,General Practice,Admission,5,43
726-05-1906,27/08/2023,6:07:00 am,B. Weatherburn,Female,47,Two or More Races,Cardiology,Admission,,46
295-23-8004,27/08/2023,8:57:00 pm,L. Lung,Male,24,African American,Cardiology,Not Admission,,30
800-38-8561,27/08/2023,1:39:00 am,X. MacCombe,Female,67,White,None,Admission,9,27
188-78-3724,27/08/2023,9:19:00 pm,T. Grason,Female,13,White,None,Admission,4,19
509-22-2744,27/08/2023,12:35:00 am,H. Audas,Male,76,Two or More Races,None,Not Admission,,13
789-50-5483,27/07/2024,5:03:00 am,K. Wickstead,Male,73,Declined to Identify,Orthopedics,Not Admission,0,35
800-66-2051,27/07/2024,1:05:00 pm,I. Plastow,Male,28,White,Orthopedics,Not Admission,5,60
436-07-6332,27/07/2024,3:31:00 pm,C. Ferrero,Male,64,African American,General Practice,Not Admission,10,18
290-72-5797,27/07/2024,3:54:00 pm,D. Benoy,Female,8,Two or More Races,Cardiology,Not Admission,,56
338-30-6597,27/07/2024,12:32:00 pm,O. Giberd,Female,43,Two or More Races,None,Not Admission,,32
727-78-9302,27/07/2024,1:18:00 pm,D. Beechcraft,Female,31,African American,None,Not Admission,10,57
144-34-5997,27/07/2024,12:37:00 pm,P. Mamwell,Male,41,White,None,Admission,,13
270-65-3632,27/07/2024,1:08:00 pm,H. Northedge,Male,59,African American,None,Admission,,34
586-12-7474,27/07/2024,8:50:00 pm,O. Morlon,Male,45,Declined to Identify,General Practice,Not Admission,6,53
509-75-2008,27/07/2024,4:45:00 am,W. Flaherty,Male,47,African American,None,Admission,,20
494-56-0322,27/07/2024,2:42:00 am,H. Jagger,Female,8,Two or More Races,General Practice,Not Admission,8,37
534-84-2695,27/07/2024,4:12:00 am,T. Edinborough,Male,54,White,Physiotherapy,Admission,7,34
494-08-6177,27/07/2024,8:25:00 am,H. Mayhou,Male,72,Pacific Islander,None,Admission,,34
866-31-3592,27/07/2024,12:53:00 pm,T. Colegate,Male,19,Two or More Races,Physiotherapy,Not Admission,7,16
738-81-7786,27/07/2024,9:58:00 am,M. Michelin,Female,49,African American,General Practice,Admission,,50
754-98-4218,27/07/2024,2:25:00 am,G. Varian,Female,27,White,General Practice,Not Admission,,11
466-97-4081,27/07/2024,6:30:00 am,B. Fillimore,Male,43,White,Physiotherapy,Not Admission,9,41
353-63-2964,27/07/2023,10:54:00 pm,U. Altham,Male,6,White,None,Not Admission,,42
200-32-6622,27/07/2023,1:09:00 am,G. Marran,Female,17,Pacific Islander,None,Admission,,12
125-78-3248,27/07/2023,3:05:00 pm,P. Babst,Male,29,Native American/Alaska Native,Orthopedics,Not Admission,,25
276-21-4303,27/07/2023,6:38:00 am,B. Penwell,Male,9,White,General Practice,Admission,,15
719-68-0598,27/07/2023,5:43:00 am,W. Lindmark,Male,25,Two or More Races,General Practice,Admission,,30
593-23-5909,27/07/2023,1:30:00 pm,G. Filippo,Male,68,White,None,Not Admission,,59
559-74-3492,27/07/2023,11:12:00 am,G. Tollow,Male,68,Two or More Races,None,Not Admission,,25
887-52-6263,27/07/2023,9:36:00 am,B. Birtley,Female,56,White,General Practice,Admission,,33
198-25-7167,27/07/2023,3:44:00 pm,K. Allmark,Female,40,White,General Practice,Admission,,50
468-16-2640,27/07/2023,6:18:00 am,C. Solloway,Male,15,African American,Renal,Admission,4,26
831-50-5877,27/07/2023,11:35:00 pm,X. O'Hogertie,Female,71,Two or More Races,None,Admission,,32
776-20-3570,27/07/2023,2:13:00 am,H. Grigoliis,Male,76,Two or More Races,Orthopedics,Admission,9,44
709-75-8904,27/07/2023,3:54:00 am,I. Machans,Male,11,African American,General Practice,Admission,,23
124-40-1013,27/06/2024,10:27:00 am,H. Rasher,Female,34,White,Orthopedics,Admission,,43
876-95-4867,27/06/2024,12:00:00 pm,I. Macrow,Female,8,Native American/Alaska Native,None,Admission,,21
823-21-4024,27/06/2024,7:41:00 pm,O. Lukasen,Male,14,Two or More Races,General Practice,Not Admission,,38
200-98-7030,27/06/2024,7:46:00 am,Y. Gerckens,Male,65,White,Gastroenterology,Not Admission,,10
748-34-2359,27/06/2024,2:50:00 am,P. Giacomasso,Male,73,African American,General Practice,Admission,,51
391-91-5708,27/06/2024,10:55:00 pm,X. Rumble,Female,79,Two or More Races,Cardiology,Admission,,43
236-97-7586,27/06/2024,12:17:00 pm,P. De la Zenne,Female,4,White,Orthopedics,Not Admission,,13
546-93-3891,27/06/2024,5:12:00 pm,D. Beedie,Male,42,African American,Orthopedics,Not Admission,,39
876-08-4748,27/06/2024,4:47:00 pm,C. Stonier,Female,72,Pacific Islander,General Practice,Admission,,39
890-49-1894,27/06/2024,10:26:00 am,M. Scimone,Male,13,Pacific Islander,None,Not Admission,,12
256-70-6672,27/06/2024,7:17:00 am,F. Imore,Female,21,Two or More Races,None,Admission,5,50
382-92-2448,27/06/2024,7:11:00 pm,Q. Mance,Male,20,Native American/Alaska Native,None,Admission,,48
444-76-3586,27/06/2024,11:43:00 am,X. Butchers,Female,33,Asian,General Practice,Admission,,58
735-51-2783,27/06/2024,11:27:00 pm,K. Ind,Female,8,Asian,None,Not Admission,,54
707-77-5889,27/06/2024,4:00:00 pm,V. Losbie,Male,12,Two or More Races,None,Not Admission,,30
473-16-4015,27/06/2024,9:21:00 pm,V. New,Female,5,Pacific Islander,Neurology,Not Admission,,33
751-06-2730,27/06/2024,11:20:00 am,S. Threadgill,Male,6,African American,Orthopedics,Admission,3,30
314-59-3768,27/06/2024,4:24:00 pm,L. Ragsdale,Female,24,Declined to Identify,General Practice,Admission,,31
884-65-0896,27/06/2024,6:21:00 am,J. Newgrosh,Female,48,African American,Orthopedics,Not Admission,,54
171-50-1220,27/06/2023,4:51:00 pm,Z. Dax,Female,38,White,None,Not Admission,,52
553-53-6240,27/06/2023,11:21:00 am,K. Loade,Female,17,Asian,Orthopedics,Admission,,13
350-07-8086,27/06/2023,9:32:00 pm,C. Mendel,Male,9,African American,Physiotherapy,Not Admission,,54
302-84-1379,27/06/2023,1:00:00 pm,N. Brosius,Female,15,Declined to Identify,None,Admission,,50
340-91-1652,27/06/2023,11:42:00 am,J. Vivien,Male,66,White,General Practice,Admission,,45
431-70-7977,27/06/2023,12:30:00 am,A. Eatock,Female,15,African American,Neurology,Admission,5,27
372-13-6382,27/06/2023,9:43:00 pm,A. Lethieulier,Female,69,Two or More Races,General Practice,Admission,,48
675-90-7843,27/06/2023,5:11:00 pm,A. Dykins,Female,51,African American,None,Admission,4,17
849-83-7668,27/06/2023,5:28:00 am,G. Ogilvie,Female,5,White,None,Not Admission,,43
424-92-9339,27/06/2023,5:24:00 pm,D. Delle,Male,12,Pacific Islander,None,Admission,8,57
329-19-9616,27/06/2023,12:46:00 am,H. Domico,Male,50,African American,None,Not Admission,5,55
529-60-1006,27/06/2023,5:09:00 pm,N. Merrywether,Male,26,Native American/Alaska Native,None,Admission,8,12
196-55-4306,27/06/2023,8:59:00 am,L. Caghan,Female,79,African American,None,Not Admission,,37
298-91-5578,27/06/2023,7:47:00 pm,S. Stanfield,Female,70,White,General Practice,Not Admission,4,44
333-84-5832,27/06/2023,12:49:00 am,Y. Morison,Male,71,African American,General Practice,Not Admission,,42
562-51-2259,27/06/2023,1:10:00 pm,L. Longhorn,Female,22,Asian,General Practice,Admission,8,34
839-25-4121,27/06/2023,5:21:00 pm,F. Aujean,Male,29,Declined to Identify,None,Admission,,33
246-48-0846,27/06/2023,2:35:00 am,Z. Kays,Female,47,White,Gastroenterology,Not Admission,7,32
158-96-8777,27/06/2023,7:54:00 am,Z. MacCheyne,Male,21,White,None,Not Admission,,10
623-38-5573,27/06/2023,11:14:00 pm,Z. Kynnd,Female,15,White,None,Admission,,50
535-11-6082,27/05/2024,7:49:00 am,X. Grout,Male,78,Two or More Races,General Practice,Not Admission,,53
721-88-0520,27/05/2024,3:47:00 am,A. Adney,Female,56,Pacific Islander,None,Not Admission,,28
127-74-5580,27/05/2024,4:02:00 am,B. Lambswood,Male,17,Two or More Races,General Practice,Not Admission,,10
314-57-3189,27/05/2024,3:42:00 am,G. Risebarer,Male,41,Declined to Identify,None,Admission,4,46
214-90-2105,27/05/2024,6:04:00 am,K. Reeders,Female,46,Declined to Identify,General Practice,Not Admission,,17
206-34-0053,27/05/2024,1:44:00 am,F. Booty,Female,72,White,None,Admission,,34
623-61-9841,27/05/2024,9:12:00 am,X. Lewsy,Female,67,Two or More Races,None,Not Admission,4,32
472-84-3017,27/05/2024,12:33:00 am,Y. Pistol,Male,18,White,Gastroenterology,Not Admission,,45
195-44-8741,27/05/2024,12:11:00 am,B. Mulqueen,Female,73,Asian,None,Admission,,41
201-17-2250,27/05/2024,8:18:00 am,H. Llewelyn,Female,23,White,General Practice,Admission,,54
314-48-4183,27/05/2024,1:11:00 am,C. Brower,Female,54,African American,None,Admission,,39
407-66-8499,27/05/2024,11:27:00 am,W. Bester,Female,11,Asian,General Practice,Not Admission,,36
324-29-4700,27/05/2024,2:42:00 am,F. Bubb,Male,41,Declined to Identify,Orthopedics,Not Admission,,13
676-03-2440,27/05/2023,8:26:00 pm,B. Tarn,Female,13,Asian,None,Not Admission,,11
133-40-1294,27/05/2023,1:54:00 pm,Z. Marlor,Male,53,Declined to Identify,None,Not Admission,,31
530-19-6308,27/05/2023,11:08:00 am,Y. Clausen-Thue,Male,24,White,General Practice,Not Admission,,27
547-56-8712,27/05/2023,8:44:00 pm,V. Fisby,Female,4,Asian,None,Admission,,29
855-81-5760,27/05/2023,12:10:00 am,B. Maclean,Female,40,African American,General Practice,Not Admission,,25
265-96-0268,27/05/2023,8:01:00 am,L. Lopes,Male,10,African American,None,Admission,6,57
308-46-7089,27/05/2023,12:08:00 pm,D. Lages,Male,71,Declined to Identify,None,Not Admission,,19
553-27-8559,27/05/2023,6:13:00 am,Q. Garnsworthy,Femaleemale,8,African American,General Practice,Not Admission,,59
589-42-6404,27/05/2023,12:40:00 am,C. Kilmary,Female,42,Native American/Alaska Native,None,Not Admission,,44
812-85-8608,27/05/2023,1:39:00 am,H. McKeurton,Male,53,Asian,Orthopedics,Not Admission,0,50
272-79-7769,27/05/2023,3:23:00 pm,U. Blow,Male,48,White,None,Admission,,11
825-28-4860,27/05/2023,3:51:00 am,T. Darnborough,Male,29,White,None,Admission,,36
402-93-4014,27/05/2023,6:41:00 am,H. Shuttell,Male,38,Pacific Islander,Gastroenterology,Not Admission,10,49
640-24-2305,27/05/2023,12:56:00 pm,G. Frodsham,Female,37,Pacific Islander,None,Not Admission,,12
197-94-1715,27/04/2024,8:13:00 pm,J. Yanne,Female,26,Declined to Identify,General Practice,Not Admission,,60
669-90-6148,27/04/2024,11:49:00 am,F. Bratchell,Female,63,Declined to Identify,General Practice,Not Admission,,60
319-73-3636,27/04/2024,6:19:00 am,L. Oldcroft,Male,10,Declined to Identify,None,Admission,3,14
276-85-5628,27/04/2024,2:32:00 am,C. Thirtle,Female,27,White,Neurology,Not Admission,,23
843-67-2984,27/04/2024,6:21:00 pm,F. Maplestone,Male,28,White,Cardiology,Admission,0,58
245-88-7683,27/04/2024,11:49:00 pm,W. Rowet,Female,25,Declined to Identify,None,Not Admission,,53
709-66-0043,27/04/2024,5:13:00 am,U. Salle,Male,31,Two or More Races,General Practice,Admission,,15
343-81-3023,27/04/2024,8:20:00 am,A. Ritchman,Female,51,Native American/Alaska Native,General Practice,Not Admission,,57
102-54-1653,27/04/2024,2:32:00 am,J. Mowson,Female,50,African American,Orthopedics,Not Admission,0,51
619-17-4772,27/04/2024,10:13:00 pm,C. O' Timony,Female,6,Two or More Races,Cardiology,Not Admission,,18
753-18-7865,27/04/2024,5:24:00 pm,J. Langlands,Female,69,White,None,Admission,,28
722-50-5106,27/04/2024,1:14:00 am,T. McMillam,Female,57,Asian,None,Admission,,53
861-89-2613,27/04/2024,1:47:00 am,M. Petyankin,Male,67,Declined to Identify,None,Not Admission,,49
596-81-0629,27/04/2024,6:19:00 pm,I. Wycliff,Male,48,African American,General Practice,Admission,,20
217-72-7623,27/04/2024,7:53:00 pm,O. Jeanel,Female,50,African American,None,Admission,,31
399-39-3052,27/04/2024,11:28:00 am,I. Klosterman,Male,47,Asian,Physiotherapy,Not Admission,6,36
854-98-6409,27/04/2024,2:38:00 pm,C. Tidbold,Male,56,Two or More Races,None,Admission,5,30
299-03-0225,27/04/2024,4:08:00 pm,A. Riddett,Male,20,White,None,Not Admission,,46
520-90-6075,27/04/2024,4:51:00 am,U. Cobbin,Male,12,African American,None,Admission,,43
867-09-8334,27/04/2023,12:40:00 pm,K. Walework,Male,73,African American,None,Admission,,25
484-45-3732,27/04/2023,3:45:00 am,T. Ondrasek,Female,8,Asian,None,Admission,,30
230-57-4543,27/04/2023,8:50:00 pm,M. Whittlesea,Male,70,Two or More Races,None,Not Admission,,27
636-95-9318,27/04/2023,10:05:00 pm,U. Redsull,Female,65,Pacific Islander,None,Admission,10,25
728-02-9993,27/04/2023,9:27:00 pm,U. Cappell,Male,43,White,General Practice,Admission,3,23
242-37-3166,27/04/2023,3:44:00 pm,H. Shorto,Male,10,White,None,Admission,0,55
281-43-0611,27/04/2023,2:35:00 pm,V. Barthelme,Female,48,Declined to Identify,None,Not Admission,10,21
166-36-5523,27/04/2023,7:15:00 am,R. Claiden,Male,70,Two or More Races,General Practice,Admission,,17
667-07-0227,27/04/2023,7:34:00 am,S. Castagnaro,Male,64,Declined to Identify,General Practice,Not Admission,,60
669-25-6650,27/04/2023,3:40:00 pm,E. Wilks,Female,65,White,None,Not Admission,9,39
438-35-3087,27/04/2023,11:46:00 am,L. Beau,Male,45,Two or More Races,None,Admission,2,36
304-19-1206,27/04/2023,10:32:00 am,C. Lilion,Male,70,Two or More Races,General Practice,Not Admission,9,44
735-88-4353,27/04/2023,8:59:00 am,G. Redbourn,Male,37,White,None,Not Admission,,16
748-72-0573,27/04/2023,8:11:00 am,C. Castille,Female,49,Two or More Races,None,Not Admission,,29
527-01-5968,27/04/2023,2:20:00 pm,O. Stryde,Male,9,White,None,Not Admission,6,45
183-10-1974,27/04/2023,8:44:00 pm,B. Gorey,Male,20,Declined to Identify,None,Admission,,44
828-45-0946,27/03/2024,5:10:00 am,K. Gover,Male,38,Native American/Alaska Native,Neurology,Admission,,31
300-66-0409,27/03/2024,9:20:00 pm,O. Hanney,Female,29,White,Cardiology,Admission,,31
745-93-9728,27/03/2024,10:37:00 am,H. Riding,Female,64,African American,None,Not Admission,,52
765-03-1957,27/03/2024,10:23:00 pm,N. Tabner,Male,68,Two or More Races,None,Not Admission,,46
679-23-8667,27/03/2024,6:32:00 am,T. Southernwood,Male,67,Two or More Races,Orthopedics,Admission,,58
718-96-7799,27/03/2024,5:14:00 am,V. Hise,Female,63,Pacific Islander,None,Admission,2,28
806-82-0501,27/03/2024,12:28:00 am,P. Offield,Female,7,Native American/Alaska Native,None,Admission,,24
634-38-7814,27/03/2024,3:55:00 pm,C. Pagan,Female,4,African American,Orthopedics,Not Admission,,45
487-23-6531,27/03/2024,7:22:00 am,Y. Laughtisse,Male,6,Native American/Alaska Native,General Practice,Admission,,48
636-68-1107,27/03/2024,1:01:00 am,I. Dannell,Male,11,White,Renal,Admission,,49
410-26-6916,27/03/2024,9:11:00 pm,O. Cabrera,Female,31,African American,Neurology,Not Admission,,54
335-84-9373,27/03/2024,11:41:00 am,C. Haglinton,Male,8,African American,None,Not Admission,,29
522-22-0709,27/03/2024,9:18:00 pm,M. Demeza,Male,41,White,None,Not Admission,,32
487-77-7085,27/03/2024,3:47:00 pm,S. Gimbart,Female,35,White,None,Admission,,36
334-83-4102,27/03/2024,10:01:00 am,C. Pordall,Female,16,White,Orthopedics,Not Admission,,39
341-43-1062,27/03/2024,12:39:00 pm,Z. Fishlock,Male,11,White,Orthopedics,Admission,,35
105-85-2242,27/03/2024,7:45:00 pm,J. Enos,Male,27,African American,None,Not Admission,,33
528-29-5097,27/02/2024,3:34:00 am,O. Bolmann,Male,67,White,None,Admission,8,47
750-58-3647,27/02/2024,10:13:00 am,F. Cheale,Female,51,Two or More Races,None,Not Admission,,35
239-37-0566,27/02/2024,5:03:00 pm,S. Banton,Male,10,White,None,Not Admission,,17
132-94-9742,27/02/2024,4:59:00 am,E. Nappin,Female,48,White,General Practice,Admission,,10
425-09-9414,27/02/2024,11:17:00 pm,P. Jelphs,Female,13,Pacific Islander,None,Admission,,16
248-40-1832,27/02/2024,11:10:00 pm,K. Hobbing,Male,35,Pacific Islander,None,Admission,2,52
762-06-3723,27/02/2024,11:54:00 am,O. de Clerk,Female,22,White,General Practice,Not Admission,8,52
896-98-1041,27/02/2024,2:53:00 am,S. Zolini,Female,12,White,None,Not Admission,,44
590-19-6541,27/02/2024,10:47:00 am,V. Blasio,Female,77,Asian,None,Not Admission,,12
734-44-6625,27/02/2024,2:03:00 pm,C. O'Halloran,Male,32,Two or More Races,None,Admission,,18
372-50-6699,27/02/2024,4:24:00 pm,X. Lutas,Male,41,Two or More Races,Orthopedics,Not Admission,,48
707-65-0931,27/02/2024,7:37:00 am,W. Danford,Female,55,African American,None,Not Admission,,25
100-79-0109,27/02/2024,4:51:00 am,P. Ulyatt,Female,19,Pacific Islander,Neurology,Admission,,36
874-83-4874,27/02/2024,4:29:00 am,F. Simchenko,Male,67,Native American/Alaska Native,None,Not Admission,,16
276-29-2728,27/02/2024,8:26:00 am,A. Dowry,Female,45,Two or More Races,None,Not Admission,,36
203-07-9453,27/02/2024,8:55:00 pm,X. Ghiriardelli,Female,36,Asian,Renal,Admission,,42
881-97-4043,27/02/2024,5:13:00 am,R. McFadin,Female,78,White,General Practice,Admission,9,42
790-37-0542,27/02/2024,8:39:00 pm,E. Lankford,Male,52,Two or More Races,None,Not Admission,,22
538-56-3650,27/01/2024,4:21:00 am,R. Dobell,Male,26,White,Orthopedics,Admission,6,57
639-06-0100,27/01/2024,12:20:00 pm,Q. Brachell,Male,26,African American,General Practice,Admission,,47
274-44-4510,27/01/2024,11:14:00 pm,C. Guppy,Female,57,Two or More Races,None,Not Admission,5,49
555-44-3372,27/01/2024,12:12:00 am,Q. McGiffie,Male,35,Native American/Alaska Native,None,Admission,,25
475-01-9497,27/01/2024,9:19:00 am,O. Tilson,Male,7,African American,None,Admission,,45
436-82-9156,27/01/2024,12:29:00 am,M. Drawmer,Female,14,White,None,Admission,,14
637-81-2602,27/01/2024,3:45:00 am,L. Curneen,Female,29,White,None,Admission,10,58
435-25-9744,27/01/2024,7:26:00 pm,I. Cullrford,Male,8,Two or More Races,None,Admission,,33
861-97-8016,27/01/2024,9:41:00 am,L. Edgington,Female,41,Asian,None,Admission,1,14
201-30-6345,27/01/2024,12:56:00 am,W. Cutcliffe,Male,71,African American,None,Admission,3,11
760-40-8441,27/01/2024,1:47:00 pm,C. Place,Male,62,African American,None,Not Admission,4,43
884-09-2944,27/01/2024,2:24:00 am,H. Cotgrove,Male,37,Two or More Races,None,Not Admission,,15
526-02-3053,27/01/2024,10:48:00 am,P. Peach,Male,34,African American,General Practice,Admission,,51
872-56-7401,27/01/2024,7:54:00 am,Y. Armfield,Male,53,White,General Practice,Admission,6,57
458-91-1637,27/01/2024,12:58:00 am,V. Shrimpton,Male,30,Two or More Races,Orthopedics,Admission,,15
132-84-3700,27/01/2024,9:55:00 am,F. Ackermann,Male,65,Pacific Islander,General Practice,Admission,,51
141-74-4458,26/12/2023,10:24:00 am,R. Richt,Female,54,African American,None,Not Admission,0,21
676-08-5880,26/12/2023,3:44:00 pm,B. Beran,Male,50,African American,None,Admission,,29
768-15-4619,26/12/2023,1:11:00 am,C. Newson,Male,16,Native American/Alaska Native,Orthopedics,Not Admission,8,25
633-30-1877,26/12/2023,4:42:00 pm,B. Flag,Male,72,White,Physiotherapy,Not Admission,,57
298-96-3551,26/12/2023,1:27:00 pm,I. Leman,Male,22,White,None,Not Admission,,16
107-69-8839,26/12/2023,10:20:00 pm,O. Plane,Male,32,African American,None,Admission,,51
640-82-9605,26/12/2023,7:34:00 am,O. Meecher,Male,74,Pacific Islander,None,Admission,,43
527-13-4373,26/12/2023,7:48:00 pm,P. Loney,Male,48,Asian,None,Admission,,32
416-08-7655,26/12/2023,4:29:00 am,S. Dunkirk,Female,57,White,None,Admission,0,13
705-28-9468,26/12/2023,12:03:00 pm,B. Dimic,Male,64,African American,General Practice,Admission,5,15
256-60-7133,26/12/2023,4:38:00 pm,W. Gibb,Male,30,Declined to Identify,None,Admission,,19
651-40-0526,26/12/2023,5:38:00 pm,E. Tatters,Female,4,Asian,None,Admission,,59
656-84-3118,26/12/2023,11:35:00 pm,N. de Marco,Male,74,Declined to Identify,None,Admission,3,10
534-99-2783,26/12/2023,2:30:00 pm,U. Murrthum,Female,64,White,General Practice,Admission,,11
829-43-6222,26/11/2023,8:20:00 am,Q. McElree,Female,41,Native American/Alaska Native,None,Admission,,51
887-74-5024,26/11/2023,1:49:00 am,Q. Rathe,Female,51,Two or More Races,General Practice,Admission,,38
120-35-8220,26/11/2023,2:18:00 pm,G. Cromack,Female,69,African American,Orthopedics,Admission,,30
722-44-1826,26/11/2023,3:03:00 pm,U. Yateman,Female,4,Declined to Identify,Gastroenterology,Not Admission,,57
677-87-5615,26/11/2023,11:16:00 pm,C. Dyshart,Male,67,White,None,Admission,,58
301-02-7877,26/11/2023,6:20:00 pm,C. Murrells,Male,65,Two or More Races,None,Admission,,55
430-27-7131,26/11/2023,4:39:00 am,E. Brosh,Female,39,Pacific Islander,Physiotherapy,Admission,,34
589-10-6890,26/11/2023,3:58:00 pm,U. Sailes,Male,30,African American,None,Admission,,30
869-37-9469,26/11/2023,7:44:00 pm,K. Allin,Male,51,Declined to Identify,None,Not Admission,,30
676-41-8623,26/11/2023,7:30:00 am,C. Inder,Male,52,Two or More Races,General Practice,Not Admission,9,37
469-53-8098,26/11/2023,4:42:00 pm,C. Kosel,Female,70,African American,General Practice,Not Admission,,60
509-56-3417,26/10/2024,9:45:00 pm,V. Kirlin,Male,18,Two or More Races,None,Not Admission,,26
691-67-6590,26/10/2024,1:46:00 pm,C. Douch,Female,45,White,Neurology,Admission,,34
199-16-0670,26/10/2024,11:30:00 pm,I. Grolle,Male,55,White,None,Admission,,18
401-08-6326,26/10/2024,7:32:00 pm,R. Haygreen,Female,57,Two or More Races,General Practice,Not Admission,,15
730-01-5841,26/10/2024,3:16:00 am,D. Grime,Male,79,Asian,None,Admission,,53
719-67-4238,26/10/2024,2:18:00 pm,S. Bruck,Male,7,White,None,Admission,,10
870-79-0022,26/10/2024,1:25:00 am,J. Polsin,Female,4,White,None,Admission,,15
537-09-7772,26/10/2024,5:28:00 am,R. Mallia,Female,3,White,Orthopedics,Admission,,33
820-39-7118,26/10/2024,7:24:00 pm,O. Casolla,Female,13,African American,General Practice,Not Admission,3,39
463-91-4655,26/10/2024,4:02:00 pm,P. Oxtaby,Male,70,African American,Orthopedics,Admission,,16
289-63-4913,26/10/2024,11:54:00 pm,Z. Sherwill,Female,45,White,Physiotherapy,Not Admission,,31
284-78-4415,26/10/2024,4:09:00 pm,L. Creeghan,Male,16,Declined to Identify,Orthopedics,Admission,,15
358-26-5831,26/10/2024,11:20:00 pm,U. Edens,Male,78,African American,General Practice,Admission,,56
258-98-8342,26/10/2024,7:53:00 am,Z. MacGauhy,Female,10,Pacific Islander,General Practice,Not Admission,,15
275-04-7155,26/10/2024,12:48:00 pm,J. Matzaitis,Male,43,African American,None,Not Admission,4,23
785-28-8022,26/10/2023,6:26:00 am,L. Domerq,Female,7,Two or More Races,None,Admission,,50
170-27-6532,26/10/2023,9:57:00 am,M. Barabich,Female,37,African American,None,Admission,7,24
593-41-9219,26/10/2023,1:32:00 am,F. Sugarman,Female,13,Two or More Races,General Practice,Not Admission,1,10
230-43-0881,26/10/2023,2:23:00 am,T. Hunte,Female,65,White,Renal,Not Admission,,15
662-30-2417,26/10/2023,6:50:00 am,L. O' Ronan,Male,10,White,Orthopedics,Admission,7,49
612-81-7718,26/10/2023,6:22:00 am,I. Issacoff,Female,18,African American,Orthopedics,Admission,,36
385-18-5423,26/10/2023,1:26:00 pm,C. Naulty,Male,14,Two or More Races,General Practice,Not Admission,4,59
801-24-6193,26/10/2023,1:39:00 am,Z. Caldeyroux,Female,76,Two or More Races,None,Admission,2,19
317-64-6528,26/10/2023,7:32:00 pm,M. Krug,Female,14,White,Orthopedics,Not Admission,,39
163-34-3132,26/10/2023,3:02:00 am,X. Pimmocke,Male,71,Two or More Races,None,Admission,,12
857-60-5297,26/10/2023,12:22:00 am,A. Glancey,Female,45,White,None,Admission,,36
662-81-1902,26/10/2023,8:18:00 pm,P. Ellerker,Male,33,Asian,None,Admission,2,34
528-07-9501,26/10/2023,6:07:00 pm,I. Cristea,Male,11,African American,Orthopedics,Admission,,15
877-55-1245,26/10/2023,12:41:00 am,I. Draude,Female,19,Asian,None,Not Admission,,39
683-75-7436,26/10/2023,11:20:00 pm,Q. Zavattero,Male,73,Two or More Races,None,Not Admission,5,53
505-68-6123,26/10/2023,1:51:00 pm,R. Faust,Female,78,Asian,None,Admission,,27
165-45-0585,26/10/2023,2:36:00 am,N. Lanfare,Female,11,African American,None,Not Admission,,18
623-40-0190,26/10/2023,12:40:00 pm,O. Imesen,Female,72,White,None,Admission,,35
657-07-6765,26/09/2024,9:16:00 am,F. Fowlston,Male,28,Native American/Alaska Native,None,Admission,,37
515-35-7484,26/09/2024,1:10:00 am,E. Kensley,Female,2,White,Orthopedics,Not Admission,,14
618-26-1175,26/09/2024,4:32:00 am,P. Leyman,Male,26,White,General Practice,Admission,,53
131-67-6983,26/09/2024,4:02:00 am,K. Hutcheon,Female,73,Two or More Races,General Practice,Admission,,46
262-46-0717,26/09/2024,5:43:00 pm,Z. Douche,Male,51,Asian,None,Not Admission,,13
496-61-3003,26/09/2024,10:01:00 am,O. Hayter,Male,39,Two or More Races,Orthopedics,Admission,2,21
308-19-8528,26/09/2024,12:03:00 pm,H. Mintram,Male,51,Two or More Races,None,Admission,,43
753-22-7315,26/09/2024,8:44:00 pm,H. Reynolds,Male,32,Asian,General Practice,Not Admission,8,20
299-65-4092,26/09/2024,1:41:00 am,X. Chatto,Male,12,White,None,Admission,,50
740-09-6067,26/09/2024,5:47:00 am,I. Seefeldt,Female,79,Asian,None,Admission,,49
277-46-8394,26/09/2024,9:37:00 am,R. Farney,Female,58,Asian,General Practice,Admission,,10
354-85-6127,26/09/2024,7:45:00 am,X. Askham,Female,21,Asian,General Practice,Admission,,50
486-26-3604,26/09/2024,10:38:00 am,P. Stienton,Female,29,Two or More Races,None,Not Admission,,48
880-82-9131,26/09/2023,1:08:00 pm,J. Corhard,Female,79,Asian,None,Not Admission,,43
252-77-6344,26/09/2023,2:52:00 pm,K. Gettens,Male,58,Asian,None,Not Admission,,16
208-88-1942,26/09/2023,3:11:00 pm,C. Mandal,Female,16,Two or More Races,Orthopedics,Admission,3,11
380-82-8989,26/09/2023,7:21:00 am,Z. Glantz,Male,57,Two or More Races,General Practice,Admission,,40
708-68-6708,26/09/2023,8:08:00 am,K. Brace,Female,54,Two or More Races,None,Admission,3,45
160-06-0536,26/09/2023,12:20:00 pm,P. Chrismas,Male,11,African American,General Practice,Admission,,47
506-60-1396,26/09/2023,9:03:00 pm,K. Schimank,Male,29,Declined to Identify,None,Not Admission,,45
603-11-0846,26/09/2023,1:09:00 am,C. MattiCCI,Female,50,White,General Practice,Not Admission,,28
573-53-7688,26/09/2023,7:45:00 am,X. Nolton,Male,67,Native American/Alaska Native,General Practice,Not Admission,,22
779-16-6027,26/09/2023,7:23:00 am,C. Fardo,Male,10,White,None,Not Admission,7,26
501-24-5548,26/09/2023,2:35:00 am,W. Towey,Female,3,African American,General Practice,Not Admission,4,27
277-71-3106,26/09/2023,7:34:00 pm,S. Lampard,Female,6,Declined to Identify,None,Not Admission,,32
845-27-3580,26/09/2023,1:51:00 am,G. Glidden,Male,39,White,Orthopedics,Not Admission,5,22
374-55-2198,26/09/2023,2:24:00 am,K. Barrim,Female,62,Asian,General Practice,Admission,,30
540-45-8628,26/09/2023,7:30:00 am,E. Arnison,Female,50,Pacific Islander,None,Admission,,47
310-85-7566,26/09/2023,10:44:00 pm,I. Lovstrom,Male,20,White,None,Admission,,22
772-30-5939,26/09/2023,7:46:00 am,Q. Cluderay,Male,22,Two or More Races,General Practice,Not Admission,,37
633-19-4670,26/09/2023,12:13:00 am,I. Sultan,Male,47,White,None,Admission,,24
182-52-6741,26/09/2023,1:51:00 pm,K. L'Hommee,Male,79,White,None,Admission,,56
892-79-0205,26/08/2024,6:28:00 am,X. Muslim,Male,67,Asian,Orthopedics,Not Admission,0,29
167-44-8625,26/08/2024,2:53:00 pm,K. Isakovic,Female,7,White,General Practice,Admission,,20
532-39-4090,26/08/2024,3:49:00 pm,B. Peskin,Male,54,White,None,Not Admission,1,17
619-67-1876,26/08/2024,9:08:00 pm,U. Scholling,Male,55,Declined to Identify,Orthopedics,Admission,8,55
808-11-2211,26/08/2024,1:55:00 pm,U. Collymore,Female,33,Declined to Identify,None,Admission,,12
151-89-4367,26/08/2024,12:08:00 am,J. Acheson,Male,9,Two or More Races,None,Admission,,44
419-41-5696,26/08/2024,8:06:00 am,X. Hebble,Female,74,White,None,Not Admission,,27
669-67-1385,26/08/2024,8:54:00 pm,V. D'Agostino,Female,3,Declined to Identify,General Practice,Admission,,58
714-75-9917,26/08/2024,6:12:00 pm,Q. Denyukhin,Female,23,Native American/Alaska Native,Gastroenterology,Admission,,34
657-55-2240,26/08/2024,3:20:00 am,B. Edelston,Female,65,Declined to Identify,None,Not Admission,,20
200-87-7696,26/08/2024,1:49:00 pm,V. Giovani,Female,13,African American,None,Admission,4,10
434-36-4693,26/08/2024,4:59:00 am,U. Anderl,Female,41,African American,General Practice,Not Admission,,51
705-06-3874,26/08/2024,6:23:00 pm,F. Schurcke,Male,79,Two or More Races,Orthopedics,Not Admission,,18
741-49-3943,26/08/2024,1:30:00 am,B. Jerrams,Male,62,Declined to Identify,None,Not Admission,,38
819-13-0061,26/08/2023,4:34:00 am,E. De Ferrari,Female,32,White,General Practice,Admission,,36
714-20-8974,26/08/2023,11:48:00 pm,C. Witch,Male,28,Asian,None,Not Admission,,46
401-44-5151,26/08/2023,12:49:00 am,W. Spire,Female,5,African American,None,Admission,,38
335-73-2892,26/08/2023,8:32:00 am,Y. Ricks,Male,15,Asian,General Practice,Admission,2,56
126-63-0154,26/08/2023,5:20:00 am,B. Tsarovic,Female,38,Declined to Identify,General Practice,Not Admission,,18
677-89-7468,26/08/2023,8:12:00 pm,L. Guerra,Male,67,White,None,Not Admission,,27
785-08-5699,26/08/2023,3:21:00 pm,C. Beloe,Female,42,Pacific Islander,None,Not Admission,1,30
516-07-4192,26/08/2023,12:28:00 pm,P. Lotte,Male,6,Pacific Islander,Gastroenterology,Not Admission,,48
310-42-0759,26/08/2023,6:01:00 am,C. Parker,Female,71,Two or More Races,Gastroenterology,Not Admission,,55
409-09-6299,26/08/2023,8:18:00 am,Y. Wyne,Male,20,African American,None,Not Admission,,49
347-50-6945,26/08/2023,2:41:00 pm,N. Schustl,Female,56,Declined to Identify,Orthopedics,Not Admission,,13
788-38-9695,26/08/2023,11:21:00 am,I. Auchterlony,Female,7,White,General Practice,Not Admission,5,31
260-98-9898,26/08/2023,8:30:00 am,O. Horsted,Female,21,African American,None,Admission,,10
503-61-0053,26/08/2023,7:25:00 pm,Z. Scarfe,Female,5,African American,General Practice,Not Admission,,54
607-20-0742,26/08/2023,1:53:00 am,J. Lescop,Male,38,African American,None,Not Admission,6,27
355-48-7016,26/08/2023,1:41:00 am,S. Chue,Male,15,White,None,Admission,,53
750-16-4831,26/08/2023,12:14:00 am,W. Mullard,Male,11,African American,Orthopedics,Admission,,29
881-89-6019,26/07/2024,1:48:00 am,W. Grieger,Male,49,White,None,Admission,,35
126-95-6355,26/07/2024,5:59:00 pm,B. Negri,Female,35,African American,General Practice,Not Admission,,22
893-31-0684,26/07/2024,4:31:00 pm,M. Birney,Male,27,White,General Practice,Not Admission,,48
497-14-6812,26/07/2024,1:45:00 am,Q. Churchard,Female,73,White,Gastroenterology,Admission,,34
846-85-3469,26/07/2024,7:16:00 am,S. Garrity,Male,4,White,General Practice,Not Admission,,53
725-62-6165,26/07/2024,8:45:00 pm,G. Martignon,Male,77,Asian,None,Admission,6,23
352-98-4411,26/07/2024,12:10:00 am,B. Breckenridge,Female,75,White,None,Admission,,17
577-92-8928,26/07/2024,11:19:00 am,B. Lamers,Male,59,African American,None,Admission,,52
627-43-1873,26/07/2024,5:25:00 pm,Z. Mateev,Female,3,African American,None,Admission,,53
522-31-4708,26/07/2024,11:30:00 am,Q. Stennet,Male,63,Pacific Islander,None,Admission,,43
216-85-2300,26/07/2024,1:12:00 am,N. Kenforth,Female,29,Two or More Races,Orthopedics,Not Admission,,38
171-23-3641,26/07/2024,7:21:00 pm,H. Witcomb,Male,77,Two or More Races,None,Not Admission,,24
537-37-0895,26/07/2024,6:02:00 am,X. Woodvine,Male,50,Native American/Alaska Native,None,Not Admission,,14
495-89-0285,26/07/2023,4:02:00 pm,P. Millwater,Male,30,African American,General Practice,Admission,,43
567-34-6800,26/07/2023,11:24:00 am,L. Carlo,Female,17,White,Orthopedics,Admission,,30
760-97-7277,26/07/2023,12:11:00 am,Q. Benam,Female,27,Two or More Races,Orthopedics,Not Admission,9,58
536-30-5746,26/07/2023,11:48:00 am,N. Grealey,Male,49,White,None,Admission,,43
376-27-6802,26/07/2023,4:09:00 am,B. Claypole,Female,24,White,Orthopedics,Admission,,40
182-46-5147,26/07/2023,6:38:00 am,I. Simson,Male,7,White,None,Admission,4,30
713-23-9419,26/07/2023,2:30:00 am,Z. Vivien,Female,15,African American,Orthopedics,Not Admission,4,28
144-66-1948,26/07/2023,11:04:00 am,V. Bewfield,Female,44,Two or More Races,General Practice,Admission,,17
849-08-8017,26/07/2023,6:32:00 pm,Z. Cattemull,Female,29,White,None,Not Admission,,14
499-14-9763,26/07/2023,11:55:00 pm,Y. Havelin,Male,30,African American,None,Admission,2,53
318-18-6578,26/07/2023,9:59:00 am,Y. Chilver,Male,41,White,Orthopedics,Not Admission,,58
698-47-1909,26/07/2023,2:49:00 am,C. Whittock,Male,47,Two or More Races,Orthopedics,Not Admission,,41
191-85-0502,26/07/2023,11:08:00 am,Z. Curror,Female,49,White,Orthopedics,Not Admission,,42
778-42-7837,26/07/2023,10:19:00 pm,D. Sheivels,Female,78,Two or More Races,General Practice,Admission,,57
365-20-5803,26/07/2023,7:09:00 pm,D. Cowley,Female,6,Native American/Alaska Native,None,Admission,,41
671-69-1368,26/07/2023,6:02:00 am,M. Schwandner,Female,25,White,None,Admission,,29
302-30-5447,26/06/2024,9:31:00 am,Q. McAllester,Female,77,African American,None,Admission,2,44
899-17-3356,26/06/2024,2:22:00 pm,Z. D'Hooghe,Female,22,White,None,Admission,,13
202-95-1671,26/06/2024,11:29:00 pm,F. Beneix,Male,34,African American,None,Not Admission,10,54
150-41-7960,26/06/2024,9:05:00 am,H. Manders,Female,27,African American,General Practice,Not Admission,,43
577-19-0993,26/06/2024,11:07:00 am,X. Brien,Female,59,Two or More Races,None,Admission,,17
422-73-8407,26/06/2024,2:52:00 am,Y. Gowry,Female,38,Two or More Races,None,Not Admission,,47
197-33-1015,26/06/2024,5:32:00 am,N. Mengue,Female,61,White,None,Admission,,56
736-84-8737,26/06/2024,12:19:00 am,D. Spraging,Male,42,Declined to Identify,Physiotherapy,Not Admission,,41
109-22-5491,26/06/2024,1:41:00 pm,G. Reisenstein,Male,39,Two or More Races,General Practice,Not Admission,,53
337-20-1813,26/06/2024,6:21:00 pm,Z. Twinberrow,Female,23,Two or More Races,None,Not Admission,,49
633-69-2579,26/06/2024,3:09:00 am,K. Strotton,Female,63,Two or More Races,None,Not Admission,,56
538-39-7442,26/06/2024,4:02:00 am,K. Durrand,Male,9,White,Physiotherapy,Not Admission,0,45
620-60-2232,26/06/2024,8:07:00 am,B. Carress,Female,47,Asian,General Practice,Not Admission,10,38
799-68-0713,26/06/2024,8:09:00 am,D. Bamlett,Female,5,Pacific Islander,General Practice,Admission,3,19
648-17-3878,26/06/2024,6:51:00 pm,G. Penkman,Male,24,Two or More Races,General Practice,Not Admission,,11
135-81-4176,26/06/2023,7:12:00 pm,U. Chastanet,Female,22,White,None,Not Admission,,56
476-99-7972,26/06/2023,9:09:00 am,D. Janisson,Female,68,African American,None,Admission,,15
410-77-6549,26/06/2023,10:27:00 pm,M. Kimblen,Male,18,African American,None,Not Admission,,17
648-39-7082,26/06/2023,1:22:00 am,X. Kayes,Female,23,African American,None,Admission,,18
192-58-1232,26/06/2023,10:56:00 pm,Q. Gleadhell,Female,27,Two or More Races,Neurology,Not Admission,,42
563-01-9014,26/06/2023,1:01:00 pm,L. Leneham,Female,42,White,None,Admission,,27
777-62-1853,26/06/2023,4:52:00 pm,X. Calken,Female,28,Pacific Islander,None,Admission,,12
528-42-3243,26/06/2023,1:53:00 am,I. Devaney,Male,72,Declined to Identify,None,Admission,,17
833-30-3540,26/06/2023,5:23:00 am,I. Currao,Female,66,Declined to Identify,General Practice,Not Admission,,43
272-21-3976,26/06/2023,8:59:00 am,B. Coldicott,Female,28,African American,Orthopedics,Admission,,30
255-94-5207,26/06/2023,8:17:00 am,C. Adamkiewicz,Male,65,African American,Gastroenterology,Not Admission,,44
542-46-7781,26/06/2023,1:04:00 pm,P. Pringour,Male,66,Two or More Races,Orthopedics,Not Admission,,19
252-13-7326,26/06/2023,8:45:00 am,V. Clemintoni,Male,15,White,None,Admission,,30
200-75-3420,26/06/2023,12:00:00 pm,R. Greaser,Male,32,Two or More Races,None,Admission,,34
864-76-8775,26/06/2023,4:35:00 am,M. Brailey,Female,37,Declined to Identify,None,Not Admission,,32
438-20-7959,26/06/2023,7:57:00 am,W. Glisenan,Male,62,White,None,Admission,,20
283-50-3153,26/06/2023,3:44:00 pm,G. Di Claudio,Male,39,Two or More Races,None,Not Admission,10,36
785-52-4020,26/06/2023,11:10:00 am,C. Heintsch,Male,45,White,None,Admission,9,57
583-72-3070,26/06/2023,11:08:00 am,H. Drayn,Male,70,African American,None,Not Admission,10,16
626-42-7918,26/05/2024,5:19:00 am,C. Pimlock,Female,27,African American,None,Admission,,36
240-81-9498,26/05/2024,3:00:00 am,T. Dodell,Male,76,White,None,Admission,7,26
207-15-4815,26/05/2024,6:51:00 am,O. Brattan,Femaleemale,20,Asian,None,Admission,,53
826-83-6796,26/05/2024,12:05:00 pm,Q. Snoad,Female,35,Asian,None,Not Admission,,39
505-56-2928,26/05/2024,8:03:00 pm,Z. Salterne,Female,47,White,General Practice,Admission,,50
400-24-8755,26/05/2024,11:50:00 pm,N. Lammertz,Male,31,African American,Orthopedics,Admission,,52
297-71-6951,26/05/2024,1:24:00 pm,J. Fussell,Female,37,Two or More Races,General Practice,Admission,,22
812-46-2011,26/05/2024,6:17:00 am,W. Gerish,Female,41,Pacific Islander,General Practice,Not Admission,,34
372-44-7515,26/05/2024,4:21:00 am,T. Anscott,Male,11,Asian,None,Not Admission,,44
753-46-2250,26/05/2024,7:43:00 am,O. Carpe,Female,38,Native American/Alaska Native,General Practice,Not Admission,,44
886-27-9586,26/05/2024,11:58:00 am,F. Conaghan,Female,23,White,None,Not Admission,,18
305-33-2562,26/05/2024,9:30:00 pm,G. Waring,Male,76,Asian,Gastroenterology,Admission,,57
649-24-1146,26/05/2024,3:25:00 pm,A. Gwyllt,Female,48,Pacific Islander,None,Not Admission,,54
848-12-7424,26/05/2023,11:23:00 pm,C. Crannach,Male,11,White,General Practice,Not Admission,10,23
568-90-8670,26/05/2023,9:14:00 am,K. Nosworthy,Male,11,African American,None,Admission,,41
828-59-6248,26/05/2023,12:32:00 am,O. Grut,Female,53,Asian,None,Not Admission,,36
190-99-7486,26/05/2023,9:55:00 am,I. Follitt,Female,78,White,None,Admission,,22
285-30-3138,26/05/2023,5:42:00 pm,N. McKeney,Male,32,Two or More Races,General Practice,Not Admission,3,17
546-70-9687,26/05/2023,9:27:00 am,L. Westnedge,Male,50,Two or More Races,None,Not Admission,,52
644-78-8816,26/05/2023,5:42:00 am,K. Daborne,Male,36,African American,None,Not Admission,,24
542-26-9769,26/05/2023,11:06:00 am,X. Twelvetree,Male,22,African American,None,Not Admission,,31
495-06-8156,26/05/2023,7:02:00 pm,C. Findlay,Female,55,White,General Practice,Admission,,38
645-75-6454,26/05/2023,10:54:00 pm,C. Mouser,Female,60,Asian,None,Admission,9,24
206-49-3654,26/05/2023,1:34:00 am,Z. Ingarfill,Male,16,Two or More Races,None,Admission,,55
115-71-1308,26/04/2024,9:32:00 pm,A. Jeggo,Female,1,White,None,Not Admission,,12
140-62-8233,26/04/2024,8:32:00 pm,Z. Palleske,Female,31,Two or More Races,None,Not Admission,6,41
480-59-4442,26/04/2024,2:21:00 am,F. Gitting,Female,33,Asian,Orthopedics,Not Admission,,35
452-46-7406,26/04/2024,9:04:00 am,I. Kenworthey,Female,40,Asian,Orthopedics,Admission,,42
375-83-4532,26/04/2024,7:46:00 am,I. Baudoux,Female,42,Two or More Races,Orthopedics,Admission,,56
770-33-6276,26/04/2024,7:00:00 pm,D. Shankland,Female,13,Pacific Islander,General Practice,Not Admission,,59
218-42-0736,26/04/2024,9:19:00 am,T. Dickin,Male,55,Declined to Identify,General Practice,Admission,,30
813-17-2531,26/04/2024,10:21:00 pm,R. MacClinton,Female,70,Declined to Identify,None,Admission,,20
790-40-1327,26/04/2024,6:42:00 pm,S. Danshin,Male,5,Asian,None,Not Admission,,26
518-17-6328,26/04/2024,12:06:00 am,F. Forster,Male,58,African American,None,Not Admission,,23
507-43-0074,26/04/2024,9:25:00 pm,D. Clementson,Male,22,Asian,None,Admission,,43
676-47-0405,26/04/2024,9:26:00 pm,R. Gianilli,Male,5,African American,General Practice,Not Admission,,41
306-81-0653,26/04/2024,11:24:00 am,Y. Cureton,Female,24,Two or More Races,None,Admission,,54
665-04-6942,26/04/2024,9:01:00 am,C. Leyden,Male,40,White,Orthopedics,Not Admission,,23
159-55-1671,26/04/2024,7:57:00 pm,T. Merryfield,Female,50,African American,Cardiology,Admission,6,26
825-89-1350,26/04/2024,10:19:00 pm,W. Darrow,Female,22,Two or More Races,None,Admission,,30
564-46-5874,26/04/2024,6:25:00 pm,C. Reavey,Male,72,Two or More Races,General Practice,Not Admission,2,55
563-64-7249,26/04/2024,5:44:00 pm,Q. Lindemann,Female,78,White,Physiotherapy,Admission,,42
734-07-6364,26/04/2023,7:01:00 am,O. Fridaye,Female,16,Declined to Identify,Neurology,Not Admission,,38
489-73-9085,26/04/2023,8:35:00 pm,G. Hattersley,Female,9,African American,Gastroenterology,Admission,,56
458-99-8740,26/04/2023,4:43:00 pm,P. Fountain,Male,61,Two or More Races,General Practice,Not Admission,,28
477-57-9877,26/04/2023,2:09:00 pm,N. Trevor,Male,19,Two or More Races,None,Admission,,17
365-59-3831,26/04/2023,3:09:00 pm,L. Bettlestone,Male,18,Asian,General Practice,Admission,,18
402-65-3498,26/04/2023,9:57:00 pm,Y. Sharpe,Male,71,African American,None,Not Admission,,30
120-25-2822,26/04/2023,12:06:00 pm,H. Dael,Male,15,Two or More Races,None,Not Admission,,32
698-79-0404,26/04/2023,7:26:00 am,G. Lockney,Male,18,Asian,None,Admission,,19
749-52-0280,26/04/2023,1:57:00 am,H. Swanne,Female,54,Asian,None,Not Admission,7,43
667-03-3602,26/04/2023,9:04:00 pm,Y. Lampen,Female,73,African American,None,Not Admission,,32
396-15-3301,26/04/2023,3:39:00 pm,M. Norcliff,Female,67,Two or More Races,General Practice,Admission,,21
695-90-6476,26/04/2023,9:49:00 pm,A. Paget,Male,58,African American,Orthopedics,Not Admission,4,41
820-78-6035,26/04/2023,10:00:00 pm,I. Aronov,Female,28,White,None,Not Admission,,22
566-74-1481,26/04/2023,12:11:00 pm,V. Clare,Male,6,White,None,Admission,5,10
230-34-4538,26/04/2023,9:37:00 pm,C. Costi,Female,17,White,None,Not Admission,9,37
303-71-6742,26/04/2023,11:08:00 am,O. Frankcomb,Female,21,Two or More Races,None,Admission,,34
104-61-0458,26/03/2024,3:47:00 pm,I. Licciardo,Male,46,Declined to Identify,General Practice,Not Admission,3,45
630-54-9732,26/03/2024,4:07:00 am,S. Barmby,Male,31,African American,None,Admission,,55
100-66-0896,26/03/2024,12:14:00 pm,I. Prickett,Male,2,African American,Orthopedics,Admission,6,23
288-44-9510,26/03/2024,1:40:00 am,K. Folley,Male,5,Asian,None,Admission,,28
438-36-2108,26/03/2024,5:32:00 am,A. Muller,Male,33,Pacific Islander,None,Not Admission,,12
451-34-4202,26/03/2024,5:33:00 pm,S. Josey,Male,17,African American,None,Not Admission,4,43
359-44-3613,26/03/2024,9:21:00 pm,S. Lafflin,Female,20,African American,None,Not Admission,,43
874-43-7034,26/03/2024,3:10:00 am,T. Mandal,Female,6,Two or More Races,None,Not Admission,,19
614-75-1257,26/03/2024,5:07:00 am,X. Stallion,Female,11,White,General Practice,Not Admission,6,58
729-02-7030,26/03/2024,6:38:00 pm,M. Satch,Female,59,Asian,None,Admission,,44
644-22-9798,26/02/2024,2:25:00 am,A. Netting,Male,8,Native American/Alaska Native,None,Admission,,17
789-98-0501,26/02/2024,10:01:00 am,F. Dring,Female,73,Native American/Alaska Native,None,Admission,,51
186-51-7721,26/02/2024,7:12:00 am,G. Skamell,Female,35,White,None,Not Admission,,24
111-82-4863,26/02/2024,11:02:00 am,P. Hackinge,Male,38,Two or More Races,None,Not Admission,,36
727-44-0682,26/02/2024,3:57:00 pm,B. Gealy,Female,1,African American,Orthopedics,Admission,,27
176-55-4577,26/02/2024,3:54:00 am,V. Marjanski,Male,34,Two or More Races,None,Not Admission,,41
208-73-8872,26/02/2024,4:42:00 am,L. Gerran,Male,60,White,Physiotherapy,Admission,,59
782-82-3086,26/02/2024,6:21:00 pm,T. Sabbins,Male,43,African American,Cardiology,Admission,,27
804-61-6179,26/02/2024,7:37:00 pm,V. Stable,Female,50,Pacific Islander,None,Admission,,60
178-57-5719,26/02/2024,1:15:00 am,I. Frain,Male,39,Two or More Races,None,Admission,,15
792-55-4914,26/02/2024,11:55:00 am,X. Lytell,Male,41,Two or More Races,None,Admission,,60
652-20-7712,26/02/2024,7:20:00 am,B. Bees,Male,4,Native American/Alaska Native,General Practice,Admission,,58
535-66-6021,26/02/2024,6:50:00 pm,K. Knotton,Male,43,White,Orthopedics,Not Admission,,11
126-78-2755,26/02/2024,7:40:00 am,X. Huchot,Male,8,African American,Physiotherapy,Admission,,47
322-47-9764,26/02/2024,11:18:00 pm,Q. Deveral,Female,41,Native American/Alaska Native,None,Not Admission,,55
433-05-4611,26/02/2024,1:58:00 pm,V. Barmadier,Male,57,Two or More Races,None,Admission,,34
577-99-1334,26/02/2024,4:24:00 am,W. Haslum,Male,58,Two or More Races,General Practice,Not Admission,,59
399-94-6873,26/02/2024,9:34:00 am,I. Soldi,Female,65,African American,None,Admission,,40
860-83-7481,26/01/2024,6:13:00 am,U. Offener,Female,60,Declined to Identify,General Practice,Not Admission,,51
769-87-4732,26/01/2024,6:23:00 am,X. Bizley,Femaleemale,51,African American,Neurology,Admission,,52
632-79-5714,26/01/2024,5:40:00 pm,P. Pinor,Male,39,White,None,Admission,,60
882-51-5189,26/01/2024,12:07:00 am,M. Lannin,Male,79,Two or More Races,None,Not Admission,,26
404-40-7447,26/01/2024,3:46:00 pm,U. Olsen,Male,20,Asian,General Practice,Not Admission,,27
261-26-8671,26/01/2024,8:26:00 pm,E. Fellgate,Female,72,Asian,None,Admission,,10
667-90-7049,26/01/2024,3:59:00 am,S. Caldecourt,Male,39,Declined to Identify,None,Not Admission,,42
366-93-1146,26/01/2024,4:26:00 pm,G. Greeding,Male,49,African American,None,Admission,10,52
287-09-1852,26/01/2024,11:11:00 pm,O. Kollatsch,Male,33,Native American/Alaska Native,Orthopedics,Admission,,25
899-55-1671,26/01/2024,11:33:00 am,N. Haslum,Male,30,Two or More Races,None,Not Admission,,38
108-45-7414,26/01/2024,5:43:00 am,Q. Garroway,Female,34,White,None,Not Admission,,28
807-90-1810,26/01/2024,1:02:00 pm,B. Whitemarsh,Female,69,Pacific Islander,Physiotherapy,Admission,,33
259-10-0339,26/01/2024,5:58:00 am,Q. Dodridge,Male,8,Asian,General Practice,Not Admission,,16
860-78-0173,26/01/2024,9:25:00 pm,V. Farncomb,Female,36,Two or More Races,None,Not Admission,,53
872-86-3128,25/12/2023,6:29:00 pm,Y. Hodinton,Male,17,White,None,Admission,,20
234-64-8434,25/12/2023,12:05:00 pm,W. Faherty,Female,49,White,Renal,Admission,,42
605-97-5273,25/12/2023,8:45:00 am,F. Cagan,Female,27,African American,None,Admission,,34
538-55-2068,25/12/2023,8:50:00 am,C. Lansdowne,Male,47,African American,Orthopedics,Admission,,21
443-52-9348,25/12/2023,8:05:00 pm,E. Kasperski,Female,36,Two or More Races,None,Not Admission,10,13
587-62-6740,25/12/2023,10:12:00 am,L. Nurse,Male,33,Pacific Islander,Cardiology,Admission,1,26
542-98-7304,25/12/2023,9:28:00 am,L. Jobe,Male,79,Two or More Races,None,Not Admission,,39
606-56-7861,25/12/2023,1:16:00 pm,G. Downing,Female,53,African American,None,Not Admission,,44
603-25-1575,25/12/2023,3:49:00 am,G. Drever,Female,60,White,Orthopedics,Admission,,31
488-91-3513,25/12/2023,3:42:00 pm,Q. Duffill,Male,1,Two or More Races,None,Not Admission,,29
716-92-3445,25/12/2023,8:27:00 am,S. Calyton,Male,66,White,None,Not Admission,,46
177-90-6739,25/12/2023,1:15:00 am,Q. Twiggins,Male,34,African American,General Practice,Admission,,18
414-05-5287,25/12/2023,10:50:00 am,I. Satterley,Male,57,White,None,Admission,4,31
885-13-5256,25/12/2023,11:24:00 am,B. Baselli,Male,52,White,None,Admission,,29
205-32-4024,25/12/2023,4:38:00 am,Z. Ellen,Female,61,White,None,Not Admission,,31
393-93-3535,25/12/2023,4:28:00 pm,G. Rechert,Male,38,White,Gastroenterology,Not Admission,6,56
759-61-2096,25/11/2023,10:45:00 am,C. Cicerone,Female,43,African American,Renal,Not Admission,,59
862-70-5127,25/11/2023,11:09:00 am,B. Prandini,Male,52,White,General Practice,Admission,,47
189-45-0235,25/11/2023,10:44:00 pm,S. Dickerson,Male,1,Asian,Orthopedics,Admission,1,54
425-62-5765,25/11/2023,2:07:00 am,S. Arni,Male,1,African American,Renal,Admission,,30
283-40-6955,25/11/2023,4:11:00 am,R. Cronk,Male,51,African American,None,Admission,,30
408-14-1967,25/11/2023,11:35:00 am,H. McCanny,Female,66,Asian,Orthopedics,Not Admission,,19
313-26-4123,25/11/2023,3:33:00 pm,R. Mitchard,Female,51,Two or More Races,Orthopedics,Admission,1,13
507-61-2190,25/11/2023,12:12:00 pm,G. Behne,Female,67,Two or More Races,None,Admission,,16
505-48-5916,25/11/2023,6:02:00 pm,I. Gudge,Female,58,White,General Practice,Admission,,19
484-60-8449,25/11/2023,1:55:00 am,T. Danielot,Male,61,African American,Physiotherapy,Admission,,25
123-69-0013,25/11/2023,1:19:00 pm,Q. Dobbie,Female,17,Pacific Islander,None,Admission,,32
833-79-7494,25/11/2023,12:29:00 pm,N. Dugood,Male,72,White,None,Not Admission,,40
362-44-1114,25/11/2023,8:47:00 am,F. McClarence,Male,8,African American,None,Admission,,30
502-81-1725,25/10/2024,6:47:00 pm,W. Boulder,Female,13,Pacific Islander,None,Not Admission,8,50
505-83-6268,25/10/2024,7:44:00 am,S. Press,Male,47,Two or More Races,None,Admission,,60
716-22-9303,25/10/2024,11:21:00 am,T. McSwan,Female,67,Two or More Races,None,Admission,,31
519-73-0586,25/10/2024,5:11:00 am,S. Dockwray,Female,37,African American,None,Not Admission,3,24
801-66-2184,25/10/2024,7:27:00 pm,N. Hearon,Male,56,White,Orthopedics,Not Admission,,17
878-72-7643,25/10/2024,11:05:00 am,E. Bumford,Male,26,African American,None,Admission,3,47
897-05-9313,25/10/2024,11:07:00 pm,X. Aujean,Male,2,Declined to Identify,None,Not Admission,0,30
808-11-5508,25/10/2024,10:33:00 am,U. Peat,Female,9,Declined to Identify,Neurology,Admission,,37
696-86-6623,25/10/2024,12:14:00 am,J. Wilfing,Male,11,African American,Physiotherapy,Admission,,10
376-17-7596,25/10/2024,11:22:00 am,X. Tremonte,Male,72,Declined to Identify,None,Not Admission,,38
478-52-8782,25/10/2024,8:52:00 pm,L. Kidstoun,Female,28,White,None,Admission,,52
247-92-7347,25/10/2024,7:56:00 pm,A. Winslade,Male,78,White,None,Admission,,16
118-97-5167,25/10/2024,7:58:00 pm,A. Kennelly,Male,78,Pacific Islander,None,Not Admission,,39
505-26-7359,25/10/2024,3:03:00 am,V. Saile,Male,28,African American,None,Admission,,34
659-83-0379,25/10/2024,3:32:00 pm,X. Merman,Female,67,Declined to Identify,None,Not Admission,,11
828-97-8389,25/10/2024,5:43:00 am,U. Baudassi,Male,18,Asian,None,Admission,8,47
453-45-2632,25/10/2024,2:35:00 am,A. Crich,Male,60,African American,None,Not Admission,,34
145-05-0045,25/10/2024,3:51:00 pm,K. Jeffery,Female,38,African American,General Practice,Not Admission,5,15
719-12-1585,25/10/2023,8:45:00 pm,J. Woltering,Female,5,White,Cardiology,Not Admission,,16
586-75-2106,25/10/2023,11:31:00 pm,N. Lumsdaine,Female,62,Two or More Races,None,Admission,5,20
226-10-3804,25/10/2023,8:45:00 am,J. Minghi,Male,39,Pacific Islander,Physiotherapy,Admission,5,45
771-06-1894,25/10/2023,6:31:00 pm,D. Blind,Female,39,Declined to Identify,None,Not Admission,3,20
105-78-1308,25/10/2023,1:11:00 pm,Y. McConville,Female,36,White,Physiotherapy,Not Admission,,30
650-34-0647,25/10/2023,4:44:00 am,X. Withers,Female,34,Two or More Races,Orthopedics,Not Admission,,29
199-55-7481,25/10/2023,2:15:00 pm,I. De la Feld,Female,52,White,Gastroenterology,Admission,,44
459-67-0029,25/10/2023,11:07:00 am,F. Bird,Male,24,Declined to Identify,None,Not Admission,,56
809-21-4546,25/10/2023,4:29:00 pm,K. Wolfarth,Male,6,Asian,General Practice,Admission,,17
613-08-2623,25/10/2023,12:20:00 pm,U. Portis,Female,49,White,None,Admission,,30
177-46-1546,25/10/2023,10:08:00 pm,N. Phippen,Male,44,White,General Practice,Not Admission,,50
449-57-7823,25/10/2023,12:33:00 am,N. Weatherell,Female,14,White,General Practice,Not Admission,,29
296-59-2745,25/10/2023,2:18:00 pm,Q. Koppel,Male,75,Declined to Identify,None,Admission,,23
152-67-4247,25/10/2023,6:24:00 pm,G. Domenichelli,Male,15,Two or More Races,Orthopedics,Not Admission,,19
442-19-3458,25/10/2023,8:45:00 am,B. Passman,Male,26,White,General Practice,Not Admission,,16
683-59-0318,25/09/2024,3:42:00 am,N. Fisk,Female,35,White,Physiotherapy,Admission,4,32
597-56-8859,25/09/2024,7:25:00 pm,O. Banes,Female,55,Pacific Islander,None,Not Admission,,44
250-68-9303,25/09/2024,7:10:00 pm,M. Turban,Female,59,Two or More Races,None,Admission,,21
716-99-2825,25/09/2024,12:35:00 am,P. Rosenberger,Female,22,Two or More Races,None,Admission,,60
315-18-9973,25/09/2024,2:02:00 am,V. Saladin,Male,29,Declined to Identify,None,Not Admission,,18
370-58-5256,25/09/2024,12:57:00 pm,B. Norkett,Female,41,Two or More Races,None,Not Admission,10,18
825-75-2269,25/09/2024,2:47:00 am,B. Wofenden,Female,42,White,None,Not Admission,4,47
559-96-7506,25/09/2024,11:37:00 pm,T. Serle,Male,17,White,General Practice,Admission,,22
354-75-9525,25/09/2024,4:11:00 pm,L. Shayes,Femaleemale,76,African American,General Practice,Admission,,19
786-23-7303,25/09/2024,9:59:00 am,Y. Loraine,Female,17,African American,Renal,Not Admission,4,25
663-28-2643,25/09/2024,8:49:00 pm,D. Enrietto,Female,61,Declined to Identify,General Practice,Admission,,33
148-91-1392,25/09/2024,9:19:00 pm,E. Tumioto,Female,67,Two or More Races,Orthopedics,Admission,,33
314-59-0387,25/09/2024,11:55:00 pm,W. Dallewater,Male,14,Native American/Alaska Native,Orthopedics,Admission,,52
732-07-1102,25/09/2024,3:20:00 pm,G. Meckiff,Male,2,White,None,Admission,,55
448-60-8500,25/09/2024,3:23:00 pm,O. Josofovitz,Male,52,White,Physiotherapy,Admission,7,35
309-91-5176,25/09/2023,10:36:00 pm,U. Goldsbrough,Male,45,Native American/Alaska Native,None,Admission,,15
465-18-8502,25/09/2023,2:04:00 pm,J. Willishire,Male,2,African American,Orthopedics,Not Admission,10,40
325-83-3354,25/09/2023,5:41:00 am,D. Eastmead,Female,24,African American,General Practice,Admission,,28
413-08-3063,25/09/2023,10:33:00 pm,N. Bandiera,Female,21,African American,None,Admission,,38
803-63-0438,25/09/2023,11:23:00 pm,P. Briatt,Female,19,White,Orthopedics,Not Admission,,27
351-90-0773,25/09/2023,2:51:00 pm,R. Thornally,Male,65,African American,None,Admission,3,59
734-87-7467,25/09/2023,6:59:00 am,Z. McKeller,Female,19,Declined to Identify,None,Not Admission,4,56
761-76-0921,25/09/2023,6:16:00 am,Q. Caudwell,Female,27,Native American/Alaska Native,None,Not Admission,6,50
588-34-9582,25/09/2023,5:34:00 am,L. McGriffin,Female,61,Asian,General Practice,Admission,,44
757-65-1358,25/09/2023,9:52:00 pm,T. Sparkwill,Female,12,Asian,Orthopedics,Admission,,11
186-99-9670,25/09/2023,12:36:00 am,F. De Wolfe,Female,21,Native American/Alaska Native,General Practice,Not Admission,5,43
866-68-8167,25/09/2023,3:06:00 am,R. Tewkesbury.,Female,8,Two or More Races,General Practice,Admission,,31
668-28-5376,25/09/2023,9:01:00 am,T. Milley,Male,32,African American,None,Not Admission,,45
578-51-6902,25/09/2023,12:43:00 am,C. Gisburn,Male,73,Two or More Races,None,Admission,,26
502-76-1405,25/08/2024,11:55:00 pm,W. Fedoronko,Female,18,White,General Practice,Admission,,32
268-53-8144,25/08/2024,10:28:00 pm,J. Amori,Male,12,African American,Physiotherapy,Admission,8,14
828-62-5604,25/08/2024,2:46:00 am,D. Franciskiewicz,Male,78,Asian,None,Admission,,29
164-62-9137,25/08/2024,2:24:00 am,W. de Keep,Male,35,Declined to Identify,General Practice,Not Admission,,40
791-95-5994,25/08/2024,3:55:00 pm,F. Steinson,Female,33,African American,General Practice,Admission,,40
210-99-0414,25/08/2024,3:48:00 pm,S. Gutierrez,Female,36,White,Renal,Admission,,31
227-33-6424,25/08/2024,5:02:00 pm,U. Rothert,Male,32,Asian,Orthopedics,Not Admission,,34
584-74-6723,25/08/2024,7:43:00 am,X. Stockau,Female,67,African American,None,Not Admission,10,20
434-92-9569,25/08/2024,12:55:00 am,K. Creavan,Male,51,Two or More Races,None,Not Admission,,58
483-56-5234,25/08/2024,6:04:00 pm,W. Pash,Male,7,White,Orthopedics,Not Admission,,34
793-63-4699,25/08/2024,8:25:00 am,F. Hug,Female,37,Two or More Races,None,Not Admission,,50
539-86-9387,25/08/2024,3:56:00 pm,M. Baudasso,Female,69,Asian,General Practice,Admission,,32
869-82-8816,25/08/2024,4:36:00 am,E. Clougher,Male,49,White,None,Not Admission,,33
854-77-8954,25/08/2024,2:22:00 am,J. Peidro,Male,28,Asian,None,Admission,,19
507-30-6087,25/08/2024,6:20:00 pm,Y. Kinforth,Male,8,African American,General Practice,Not Admission,,12
213-89-6553,25/08/2024,4:05:00 pm,S. Fountain,Male,1,White,General Practice,Not Admission,,38
794-71-6876,25/08/2024,8:45:00 am,J. McCaghan,Female,68,Pacific Islander,None,Admission,,56
667-61-2991,25/08/2024,7:14:00 am,J. Lamborn,Male,35,White,None,Admission,,60
243-38-7373,25/08/2024,7:17:00 am,B. Pool,Male,27,White,Cardiology,Admission,7,38
165-93-7320,25/08/2024,1:37:00 pm,Q. Girvan,Male,64,Declined to Identify,None,Not Admission,,25
263-15-6279,25/08/2024,5:37:00 am,B. Asplen,Female,68,White,Orthopedics,Not Admission,,57
738-42-8501,25/08/2024,3:01:00 pm,M. Brogi,Female,51,Declined to Identify,None,Admission,,15
212-87-1946,25/08/2023,4:58:00 pm,G. Pierce,Male,39,Declined to Identify,None,Admission,,38
728-28-6087,25/08/2023,12:31:00 am,I. MacCafferky,Female,51,Two or More Races,Orthopedics,Admission,4,18
544-75-8121,25/08/2023,11:24:00 pm,A. Togwell,Male,4,Declined to Identify,None,Not Admission,3,30
899-89-5599,25/08/2023,6:35:00 pm,A. Caulwell,Male,64,Two or More Races,None,Not Admission,,33
542-78-1121,25/08/2023,4:52:00 am,Y. Camacke,Male,18,African American,General Practice,Not Admission,,42
658-48-0259,25/08/2023,1:18:00 pm,W. Bullman,Female,6,Asian,Orthopedics,Admission,,10
154-86-0769,25/08/2023,3:34:00 pm,I. Colliford,Female,69,Asian,None,Not Admission,,26
109-39-8231,25/08/2023,9:54:00 pm,G. Truse,Female,5,African American,Neurology,Not Admission,8,48
840-94-1929,25/08/2023,7:26:00 pm,B. Guyonnet,Male,49,Declined to Identify,None,Admission,,51
373-04-8920,25/08/2023,8:20:00 am,Q. Glide,Male,79,Two or More Races,None,Admission,,39
287-50-0289,25/08/2023,7:33:00 am,E. Whitland,Male,17,White,None,Admission,1,55
693-68-8151,25/08/2023,7:50:00 am,Y. Tuffley,Male,15,Two or More Races,None,Not Admission,,18
801-29-3426,25/08/2023,3:25:00 am,T. Casey,Female,64,White,General Practice,Admission,,13
639-06-6643,25/08/2023,6:31:00 pm,Q. Mostin,Female,68,Two or More Races,General Practice,Admission,3,12
214-52-9500,25/08/2023,3:12:00 am,N. Starmer,Male,42,Two or More Races,None,Not Admission,,41
369-32-9854,25/08/2023,11:26:00 am,A. Rohlf,Male,56,African American,None,Not Admission,,18
414-43-5287,25/08/2023,4:25:00 pm,G. Fuzzard,Male,48,White,Orthopedics,Not Admission,3,24
234-79-5254,25/08/2023,6:00:00 pm,E. Coners,Female,40,Pacific Islander,None,Admission,,37
104-94-3544,25/08/2023,6:43:00 pm,O. Risman,Male,18,White,General Practice,Not Admission,,47
786-06-4660,25/08/2023,1:50:00 pm,X. Noulton,Female,36,Two or More Races,None,Not Admission,,34
142-34-3319,25/07/2024,10:58:00 am,B. Wethey,Male,14,Declined to Identify,Orthopedics,Admission,,25
464-44-5970,25/07/2024,8:58:00 am,B. Turneaux,Male,74,African American,Orthopedics,Not Admission,,28
192-95-3144,25/07/2024,12:01:00 pm,O. Dwire,Male,43,Declined to Identify,None,Not Admission,,32
706-76-0191,25/07/2024,3:08:00 pm,O. Gallafant,Female,29,African American,General Practice,Admission,,53
389-02-6025,25/07/2024,9:09:00 am,Z. Brownlie,Female,18,White,None,Not Admission,,56
382-23-4466,25/07/2024,1:08:00 pm,A. Longridge,Male,21,White,Physiotherapy,Admission,5,22
884-99-1419,25/07/2024,11:15:00 pm,N. Harmston,Male,77,White,None,Not Admission,1,39
559-71-3169,25/07/2024,12:39:00 am,X. Ebbett,Female,13,White,None,Not Admission,,30
580-22-8552,25/07/2024,2:56:00 pm,Z. Claque,Male,18,Asian,None,Not Admission,8,38
869-11-9024,25/07/2024,12:45:00 am,C. Trebbett,Female,67,White,Physiotherapy,Not Admission,,15
547-76-7829,25/07/2024,2:28:00 pm,M. Dyson,Male,77,African American,Orthopedics,Admission,,25
577-71-3589,25/07/2024,4:07:00 am,X. Nutbeem,Female,49,Asian,Physiotherapy,Admission,4,15
259-41-9306,25/07/2024,5:49:00 am,H. Woolvin,Male,25,Asian,Orthopedics,Not Admission,,49
197-60-5950,25/07/2024,5:01:00 pm,H. Rudland,Male,34,White,None,Not Admission,,59
358-64-0690,25/07/2024,5:31:00 pm,C. Jerrim,Female,61,Asian,Neurology,Not Admission,,41
700-85-1404,25/07/2023,8:34:00 am,L. Klimontovich,Male,11,African American,Cardiology,Admission,,58
122-08-4208,25/07/2023,10:41:00 am,B. Clyde,Male,12,Native American/Alaska Native,General Practice,Admission,,22
345-87-0533,25/07/2023,11:43:00 am,A. Alyukin,Male,20,Declined to Identify,None,Admission,,34
698-75-1885,25/07/2023,4:15:00 am,M. Tippler,Female,76,Declined to Identify,None,Not Admission,,53
205-05-3780,25/07/2023,4:31:00 am,L. McColl,Male,21,Asian,Cardiology,Not Admission,,52
353-44-5247,25/07/2023,11:16:00 pm,E. Braunes,Male,11,Pacific Islander,None,Not Admission,7,58
176-14-4067,25/07/2023,5:51:00 am,Q. Bland,Male,4,Declined to Identify,None,Not Admission,2,38
613-20-5618,25/07/2023,11:42:00 pm,H. Tubritt,Female,78,Asian,None,Not Admission,,19
399-73-4231,25/07/2023,11:02:00 pm,A. Alejandro,Female,27,White,Gastroenterology,Not Admission,,12
159-15-1286,25/07/2023,6:17:00 am,B. Morant,Female,75,White,None,Not Admission,,22
820-21-7142,25/07/2023,1:13:00 am,K. Jaray,Female,59,Asian,General Practice,Not Admission,5,15
731-96-5950,25/07/2023,9:22:00 am,F. Lennon,Female,20,Asian,None,Admission,,23
423-15-5984,25/07/2023,11:59:00 am,D. Matterface,Male,31,White,Orthopedics,Not Admission,5,53
171-34-1802,25/07/2023,12:34:00 am,D. Durrell,Female,57,Asian,None,Admission,,22
377-36-2473,25/06/2024,6:17:00 am,T. Gilhooly,Female,38,African American,None,Admission,7,58
852-03-6666,25/06/2024,2:44:00 pm,Q. Ellinor,Female,63,Two or More Races,General Practice,Admission,,10
258-91-3638,25/06/2024,12:47:00 pm,Z. Reeves,Male,38,African American,General Practice,Admission,,20
708-80-7139,25/06/2024,10:31:00 am,N. Junkison,Male,10,Asian,None,Admission,,33
285-69-9065,25/06/2024,9:11:00 pm,B. Duinkerk,Female,79,African American,General Practice,Not Admission,,14
228-33-1858,25/06/2024,6:20:00 pm,K. Sharrier,Male,46,White,Gastroenterology,Not Admission,,60
539-78-6123,25/06/2024,10:03:00 am,H. Swine,Male,72,Two or More Races,None,Not Admission,2,52
498-46-0026,25/06/2024,3:41:00 am,X. Tallant,Male,3,African American,General Practice,Admission,,41
657-07-1234,25/06/2024,10:18:00 am,T. Giacobilio,Female,28,Pacific Islander,Orthopedics,Not Admission,,13
185-86-8176,25/06/2024,9:18:00 am,S. McCreery,Female,67,White,None,Admission,10,34
331-34-8927,25/06/2024,4:46:00 pm,D. Mitchely,Male,27,White,None,Not Admission,,59
323-41-1698,25/06/2024,11:17:00 pm,X. Rivelon,Female,64,Two or More Races,General Practice,Not Admission,0,27
529-52-0949,25/06/2024,7:21:00 am,E. Gut,Male,67,White,None,Admission,,19
580-96-5293,25/06/2023,11:10:00 pm,Y. Kenford,Male,19,Two or More Races,None,Not Admission,,21
607-44-6875,25/06/2023,7:56:00 am,L. Vedekhov,Female,35,African American,None,Not Admission,8,35
293-44-4536,25/06/2023,7:12:00 am,U. Curtois,Female,35,Two or More Races,None,Admission,2,14
525-15-5126,25/06/2023,7:18:00 am,G. Linnett,Male,51,Declined to Identify,None,Not Admission,,32
458-98-8860,25/06/2023,6:59:00 pm,J. Helgass,Male,37,Declined to Identify,None,Not Admission,,55
417-46-2398,25/06/2023,7:59:00 am,R. Ablett,Male,41,Declined to Identify,None,Admission,,39
747-96-6784,25/06/2023,5:25:00 am,E. Ethington,Male,68,Two or More Races,None,Not Admission,10,45
878-36-7830,25/06/2023,8:05:00 pm,J. Pietrzyk,Male,19,White,Physiotherapy,Not Admission,6,50
130-75-0192,25/06/2023,2:23:00 pm,K. Dutch,Female,2,Declined to Identify,None,Not Admission,,25
537-38-4602,25/06/2023,3:34:00 pm,S. Crewes,Male,52,African American,None,Admission,7,45
502-74-6263,25/06/2023,9:32:00 pm,D. Bretherton,Female,47,Two or More Races,None,Not Admission,3,60
706-94-5641,25/06/2023,7:32:00 am,Q. Keveren,Male,28,Declined to Identify,None,Admission,,37
842-73-0049,25/06/2023,6:58:00 am,I. Janikowski,Male,28,Asian,None,Admission,,49
569-40-2069,25/06/2023,7:54:00 am,K. Drakes,Male,19,Two or More Races,Neurology,Admission,,32
333-28-5802,25/06/2023,8:02:00 pm,O. Kohneke,Female,33,African American,Orthopedics,Not Admission,0,32
784-54-9931,25/06/2023,9:40:00 am,M. Goudie,Male,46,Pacific Islander,None,Not Admission,,45
280-20-5879,25/06/2023,10:24:00 pm,L. Diggle,Male,30,White,None,Admission,1,39
674-79-1988,25/06/2023,5:17:00 pm,Z. Souter,Female,9,African American,Orthopedics,Admission,,56
333-09-7490,25/05/2024,9:28:00 pm,O. Cawthery,Female,72,African American,Orthopedics,Admission,,24
550-59-7164,25/05/2024,9:52:00 pm,A. Redmond,Male,69,White,None,Not Admission,,19
826-30-2880,25/05/2024,2:29:00 am,Z. Snipe,Female,59,White,General Practice,Admission,,49
852-96-3176,25/05/2024,3:29:00 am,D. Pink,Male,56,Two or More Races,None,Admission,,34
205-06-0581,25/05/2024,8:42:00 am,Y. Caines,Female,38,Two or More Races,None,Not Admission,,59
833-55-4951,25/05/2024,11:35:00 pm,C. Grinley,Male,49,Declined to Identify,General Practice,Admission,,52
743-74-5565,25/05/2024,11:59:00 pm,G. Pattullo,Male,3,White,None,Admission,,45
770-76-5343,25/05/2024,5:04:00 pm,F. Spradbrow,Male,29,Asian,None,Admission,,41
665-83-7645,25/05/2024,12:45:00 pm,P. Catterick,Female,42,White,None,Admission,8,53
387-69-1136,25/05/2024,2:36:00 am,Y. Juster,Male,45,African American,None,Not Admission,,31
816-66-4213,25/05/2024,6:28:00 am,P. Jagiello,Female,14,Two or More Races,None,Admission,,23
756-50-0652,25/05/2024,9:07:00 pm,P. Tainton,Female,50,Asian,None,Admission,6,48
401-04-4348,25/05/2024,2:38:00 pm,F. Thynne,Female,21,Asian,General Practice,Not Admission,,33
842-01-2749,25/05/2024,12:52:00 am,L. Latore,Female,18,African American,Orthopedics,Admission,,44
460-56-6642,25/05/2024,11:50:00 pm,M. Carlyon,Male,69,White,None,Admission,,39
397-13-9614,25/05/2024,4:46:00 am,G. Caswell,Male,72,Asian,None,Not Admission,,37
370-19-2271,25/05/2024,10:11:00 pm,I. Scothorn,Female,50,Asian,General Practice,Not Admission,,35
837-61-0226,25/05/2024,9:12:00 pm,P. Presslie,Male,26,Declined to Identify,Cardiology,Not Admission,,50
889-12-3929,25/05/2023,4:03:00 am,G. Ragate,Female,8,African American,General Practice,Admission,,35
632-73-1326,25/05/2023,12:17:00 pm,W. Coltman,Female,52,Asian,General Practice,Admission,,26
467-10-8749,25/05/2023,4:28:00 pm,H. Cubbin,Male,47,African American,None,Not Admission,,19
474-27-6059,25/05/2023,7:23:00 am,U. Veazey,Male,6,Asian,None,Not Admission,4,26
277-58-9258,25/05/2023,7:16:00 am,K. Slowly,Male,39,Two or More Races,None,Not Admission,,29
861-54-8231,25/05/2023,5:24:00 am,B. Tesh,Male,6,Two or More Races,General Practice,Admission,,49
560-24-6602,25/05/2023,6:53:00 pm,W. Rozycki,Female,76,White,None,Admission,,28
887-08-0888,25/05/2023,2:24:00 pm,G. Brech,Male,74,Two or More Races,None,Not Admission,,45
740-20-2785,25/05/2023,6:01:00 pm,V. Biddulph,Female,34,Declined to Identify,None,Not Admission,,39
599-42-0177,25/05/2023,9:29:00 am,R. Summerfield,Female,1,African American,None,Not Admission,,35
398-17-8931,25/05/2023,9:45:00 am,F. Gregh,Male,71,White,None,Admission,,41
759-14-6508,25/05/2023,1:04:00 am,K. Alabone,Male,37,White,None,Admission,,46
133-48-6468,25/05/2023,7:16:00 pm,D. Bohlmann,Female,32,Declined to Identify,None,Admission,0,30
879-91-8996,25/05/2023,1:50:00 am,N. Tithacott,Male,23,Asian,None,Admission,,51
814-54-6052,25/05/2023,9:46:00 pm,Q. Geffinger,Male,63,Native American/Alaska Native,None,Admission,8,30
462-88-3724,25/05/2023,8:48:00 pm,N. Cottam,Female,27,African American,None,Not Admission,,52
148-50-5807,25/04/2024,9:39:00 am,L. Kennedy,Male,18,Native American/Alaska Native,None,Not Admission,,25
250-23-2067,25/04/2024,3:29:00 pm,Z. Wallace,Female,36,African American,None,Not Admission,,24
893-72-7983,25/04/2024,8:19:00 pm,W. Avard,Female,13,White,None,Admission,,18
461-43-6018,25/04/2024,8:36:00 am,N. Potte,Female,76,Two or More Races,General Practice,Admission,,49
649-31-5134,25/04/2024,8:54:00 am,C. Stoggell,Male,7,Asian,None,Admission,,46
731-68-3692,25/04/2024,6:15:00 pm,O. Teresi,Female,65,Pacific Islander,General Practice,Not Admission,,36
736-08-1957,25/04/2024,1:05:00 am,D. Larmour,Female,29,White,None,Admission,,58
614-70-3664,25/04/2024,12:02:00 am,T. Mcasparan,Male,41,Asian,Orthopedics,Admission,,31
681-09-1146,25/04/2024,8:46:00 pm,N. Schroeder,Female,60,White,General Practice,Not Admission,,49
152-15-6583,25/04/2024,7:20:00 am,N. Stratley,Female,34,Asian,General Practice,Admission,,24
127-11-9600,25/04/2024,11:31:00 pm,U. Budcock,Female,38,African American,General Practice,Not Admission,,34
473-69-8282,25/04/2024,3:36:00 pm,T. Leyburn,Male,63,White,General Practice,Not Admission,,29
373-25-1214,25/04/2024,10:22:00 am,C. Boggis,Female,3,Two or More Races,Orthopedics,Admission,,43
414-62-2209,25/04/2024,2:02:00 pm,M. Landor,Female,17,Declined to Identify,None,Not Admission,0,21
154-03-1861,25/04/2024,10:57:00 pm,Q. Martt,Female,57,White,Cardiology,Not Admission,,55
557-44-3971,25/04/2023,6:20:00 pm,C. Patriskson,Male,18,Declined to Identify,Orthopedics,Admission,,60
272-30-8327,25/04/2023,4:40:00 pm,C. Kilgour,Female,56,Pacific Islander,None,Not Admission,,20
613-57-6485,25/04/2023,7:51:00 am,U. Dadswell,Female,10,African American,Neurology,Admission,,41
216-32-9846,25/04/2023,10:03:00 am,I. Cettell,Female,66,White,General Practice,Not Admission,,30
101-13-4808,25/04/2023,1:36:00 am,V. Gowdridge,Female,30,Declined to Identify,None,Admission,3,30
214-64-8639,25/04/2023,4:33:00 am,G. La Wille,Female,75,White,General Practice,Not Admission,,58
755-90-4647,25/04/2023,11:01:00 pm,B. Gwilliam,Male,67,White,None,Admission,2,29
696-30-0533,25/04/2023,11:33:00 pm,T. Ervine,Female,22,Native American/Alaska Native,None,Admission,0,51
254-14-1466,25/04/2023,9:46:00 am,L. Robichon,Female,35,African American,Orthopedics,Admission,,21
365-88-0539,25/04/2023,9:25:00 am,I. Duxfield,Female,76,Two or More Races,Physiotherapy,Admission,2,49
785-28-4887,25/04/2023,11:01:00 pm,O. Bolt,Male,40,White,General Practice,Not Admission,,12
303-52-1484,25/04/2023,3:33:00 pm,U. Milam,Female,16,Declined to Identify,General Practice,Admission,,41
809-77-6432,25/04/2023,11:21:00 am,V. Spelling,Female,47,African American,Orthopedics,Not Admission,1,55
274-84-9636,25/04/2023,5:35:00 am,D. Kennicott,Female,15,White,General Practice,Admission,0,38
392-87-5203,25/04/2023,12:44:00 am,B. Duham,Male,10,African American,Orthopedics,Admission,8,52
609-17-4908,25/04/2023,3:02:00 am,E. Lenney,Male,76,Declined to Identify,None,Admission,7,51
359-70-0645,25/04/2023,1:28:00 pm,E. Morena,Male,8,Two or More Races,None,Admission,,56
669-63-9052,25/04/2023,9:25:00 pm,I. Shoebridge,Male,2,Declined to Identify,None,Not Admission,,37
765-95-5555,25/03/2024,2:00:00 pm,B. Gasken,Male,15,White,Orthopedics,Not Admission,,59
512-17-6454,25/03/2024,5:23:00 pm,O. Measor,Male,21,Two or More Races,None,Admission,,39
539-11-9013,25/03/2024,7:48:00 am,U. Agutter,Female,12,White,General Practice,Admission,,51
255-46-9033,25/03/2024,4:42:00 am,A. Penrose,Male,7,African American,None,Admission,,48
561-56-3940,25/03/2024,9:52:00 am,X. Chidlow,Female,16,White,None,Not Admission,,17
450-86-4624,25/03/2024,6:07:00 am,Y. Barthorpe,Female,26,Declined to Identify,None,Not Admission,,39
330-15-2022,25/03/2024,2:35:00 pm,P. Durdy,Female,28,White,General Practice,Not Admission,,48
775-05-5919,25/03/2024,3:25:00 pm,H. Shotton,Male,17,White,None,Not Admission,,57
528-38-1491,25/03/2024,10:45:00 am,V. Howat,Male,33,African American,None,Not Admission,,47
256-24-0224,25/03/2024,2:53:00 pm,B. Daens,Female,75,White,General Practice,Not Admission,,39
697-97-4762,25/03/2024,9:00:00 am,J. Fiddiman,Female,46,Two or More Races,Orthopedics,Admission,1,19
545-48-0481,25/03/2024,3:51:00 pm,H. Allridge,Male,76,African American,None,Not Admission,9,50
502-63-7645,25/03/2024,8:18:00 pm,K. Breacher,Female,74,Asian,None,Admission,4,26
574-99-8782,25/03/2024,7:21:00 pm,E. Franchyonok,Male,13,Asian,General Practice,Admission,1,59
662-90-5190,25/03/2024,3:16:00 pm,O. Blore,Male,71,Asian,General Practice,Not Admission,,46
298-36-6119,25/03/2024,11:09:00 pm,M. D'Elias,Male,17,African American,Physiotherapy,Not Admission,2,19
711-65-4874,25/03/2024,5:56:00 pm,M. Holsey,Male,40,White,None,Admission,,39
496-65-4747,25/03/2024,7:49:00 am,U. Cowin,Male,78,Two or More Races,None,Not Admission,3,15
607-93-7414,25/02/2024,11:39:00 am,M. Fevier,Female,49,White,None,Not Admission,,13
779-25-0290,25/02/2024,10:22:00 am,V. Pratten,Male,70,White,None,Admission,10,29
684-47-0953,25/02/2024,10:06:00 am,D. Growcock,Female,66,Two or More Races,None,Admission,,47
251-33-7796,25/02/2024,8:02:00 pm,H. Scown,Male,12,African American,None,Not Admission,,22
392-91-5620,25/02/2024,11:05:00 pm,B. Pyer,Female,63,White,General Practice,Not Admission,,26
693-67-1165,25/02/2024,9:53:00 am,U. Bredes,Male,71,African American,General Practice,Admission,,58
621-66-7813,25/02/2024,3:05:00 pm,V. Hawick,Female,40,Asian,None,Admission,10,36
808-83-6561,25/02/2024,7:28:00 am,B. Lindback,Female,45,African American,None,Admission,,37
421-84-3059,25/02/2024,5:52:00 pm,C. Earry,Male,37,Two or More Races,General Practice,Admission,,39
420-71-6756,25/02/2024,4:27:00 am,J. Thomsson,Male,65,African American,None,Not Admission,,54
777-67-6604,25/02/2024,3:02:00 pm,H. Harsant,Female,65,African American,Orthopedics,Not Admission,,29
801-16-0380,25/02/2024,4:38:00 pm,V. Hatherell,Male,70,Pacific Islander,General Practice,Admission,,49
376-17-6252,25/02/2024,3:51:00 pm,F. Tonbridge,Female,51,White,None,Admission,,33
198-07-1293,25/02/2024,12:45:00 pm,M. Blanking,Male,58,Native American/Alaska Native,None,Not Admission,,35
570-14-8462,25/02/2024,5:46:00 am,C. Meeland,Male,24,White,Orthopedics,Admission,,20
709-72-3840,25/02/2024,7:22:00 pm,Z. Simoncello,Male,48,White,None,Admission,,41
730-92-9749,25/02/2024,1:07:00 am,A. Hearty,Male,18,African American,General Practice,Admission,,13
738-98-5900,25/02/2024,10:55:00 am,J. Gerbi,Male,31,White,None,Not Admission,,38
278-30-2643,25/02/2024,1:03:00 am,W. Draysey,Female,47,African American,None,Not Admission,,14
874-33-1108,25/02/2024,10:21:00 am,K. Poxson,Male,53,African American,None,Admission,,16
139-22-0701,25/01/2024,7:00:00 am,L. Lovick,Male,7,Declined to Identify,None,Admission,,55
852-57-6371,25/01/2024,12:27:00 am,M. Roels,Female,37,White,General Practice,Not Admission,,17
411-44-1446,25/01/2024,7:12:00 pm,U. Stamper,Female,65,Asian,Orthopedics,Admission,,11
777-10-1248,25/01/2024,8:58:00 am,O. Storres,Female,12,Declined to Identify,None,Admission,,50
872-25-5467,25/01/2024,12:38:00 am,O. Fortey,Female,5,Two or More Races,General Practice,Admission,,24
839-76-6725,25/01/2024,5:34:00 am,I. Abrahamovitz,Female,78,Asian,None,Not Admission,,22
537-13-0339,25/01/2024,10:19:00 am,F. Giggs,Male,35,Native American/Alaska Native,None,Not Admission,9,51
107-84-2136,25/01/2024,9:12:00 am,L. Selly,Female,69,White,None,Admission,,34
637-78-4643,25/01/2024,8:27:00 pm,P. Klessmann,Female,77,African American,General Practice,Not Admission,6,12
131-81-9850,25/01/2024,9:53:00 pm,D. Oliva,Female,54,White,None,Not Admission,4,28
378-23-0641,25/01/2024,2:22:00 am,M. Bradbury,Male,11,Two or More Races,None,Admission,,58
186-91-5001,25/01/2024,3:57:00 am,F. Orpwood,Female,18,Two or More Races,None,Admission,,44
366-34-5964,25/01/2024,2:06:00 am,P. Dovidian,Male,40,Declined to Identify,Cardiology,Admission,,10
474-83-6505,25/01/2024,5:31:00 pm,P. Gheorghie,Female,8,White,General Practice,Admission,,53
208-59-6965,25/01/2024,3:24:00 am,K. Di Franceshci,Female,15,Declined to Identify,Cardiology,Admission,,24
756-61-8835,24/12/2023,11:11:00 pm,Q. Emney,Female,72,Declined to Identify,None,Admission,7,44
639-75-9370,24/12/2023,3:39:00 am,E. Kennan,Male,20,Declined to Identify,None,Not Admission,,24
144-51-9050,24/12/2023,5:19:00 pm,Z. Forber,Female,39,African American,Orthopedics,Admission,,51
438-94-1614,24/12/2023,7:47:00 pm,J. Tarn,Male,29,African American,None,Not Admission,,11
288-28-0528,24/12/2023,1:24:00 pm,G. Denne,Male,73,Two or More Races,None,Not Admission,,47
404-80-3404,24/12/2023,5:53:00 am,T. Avramchik,Male,28,Two or More Races,None,Not Admission,,16
562-21-4757,24/12/2023,1:53:00 pm,R. Cubbino,Male,42,Two or More Races,None,Not Admission,,23
385-86-5654,24/12/2023,5:51:00 pm,Y. Balls,Female,17,African American,None,Not Admission,6,41
787-92-5912,24/12/2023,8:25:00 am,S. Ternault,Female,3,Declined to Identify,None,Admission,,17
534-94-9959,24/12/2023,7:15:00 am,Y. Fitt,Female,60,Asian,General Practice,Admission,0,10
369-02-0603,24/12/2023,12:26:00 am,F. Sagrott,Female,17,Declined to Identify,None,Not Admission,,23
663-14-4225,24/12/2023,12:55:00 pm,J. Becerro,Male,23,White,Orthopedics,Not Admission,,41
688-42-3225,24/12/2023,4:27:00 pm,H. Matveichev,Female,49,White,None,Not Admission,,47
769-21-9746,24/12/2023,8:02:00 am,G. Lightbourn,Male,9,White,General Practice,Admission,,43
740-13-0146,24/12/2023,7:14:00 am,G. Dunnet,Female,62,Two or More Races,None,Admission,,53
242-48-1026,24/12/2023,4:33:00 pm,D. Royce,Male,58,White,None,Admission,,15
682-94-8732,24/12/2023,8:48:00 am,I. Bunnell,Female,62,Two or More Races,None,Not Admission,7,28
602-01-2917,24/12/2023,9:12:00 am,P. Colby,Male,4,Two or More Races,None,Not Admission,,41
575-80-7147,24/11/2023,12:52:00 pm,A. Spreag,Female,21,Asian,None,Admission,,37
381-17-0498,24/11/2023,3:03:00 pm,E. Haslum,Female,15,African American,None,Admission,9,24
573-36-8002,24/11/2023,11:33:00 pm,S. Eads,Female,8,White,None,Not Admission,,27
744-22-3323,24/11/2023,2:49:00 am,D. Murra,Male,30,Asian,None,Admission,0,38
657-31-6467,24/11/2023,1:10:00 am,T. Scimoni,Male,77,Asian,General Practice,Not Admission,,35
459-84-5993,24/11/2023,10:47:00 pm,K. Stebbing,Female,4,Asian,None,Admission,,11
858-83-5629,24/11/2023,8:02:00 am,B. Zanardii,Female,42,Two or More Races,Cardiology,Admission,,26
196-34-2784,24/11/2023,6:14:00 pm,L. Nouch,Female,18,Asian,Gastroenterology,Not Admission,,48
543-91-7241,24/11/2023,7:00:00 pm,M. Maslin,Male,14,African American,None,Not Admission,,22
406-50-0138,24/11/2023,8:53:00 am,Q. Ickovitz,Male,37,White,None,Not Admission,,21
746-54-6477,24/11/2023,8:14:00 am,V. Abrashkin,Male,12,White,None,Not Admission,,16
779-67-4873,24/11/2023,12:14:00 am,B. Godin,Female,60,Native American/Alaska Native,None,Admission,,36
542-23-6028,24/11/2023,10:11:00 am,W. McKerron,Male,42,White,None,Admission,,27
664-88-5435,24/11/2023,1:58:00 am,K. Lewington,Male,58,White,None,Admission,,13
874-78-5105,24/11/2023,11:23:00 pm,B. Marlin,Female,43,African American,Orthopedics,Admission,,50
150-50-7478,24/11/2023,2:51:00 am,B. Garth,Male,59,Two or More Races,None,Not Admission,3,33
225-50-9516,24/11/2023,3:56:00 pm,S. Broadfield,Female,71,Asian,None,Admission,3,14
872-78-1392,24/10/2024,4:00:00 am,H. Bakster,Female,7,Declined to Identify,None,Admission,,10
668-87-0275,24/10/2024,10:42:00 pm,E. Roiz,Female,15,African American,Neurology,Admission,9,58
686-61-2694,24/10/2024,11:37:00 am,O. Gummery,Female,48,Two or More Races,None,Not Admission,9,54
298-72-2588,24/10/2024,4:53:00 am,E. Lillistone,Male,74,Two or More Races,General Practice,Admission,9,48
496-94-0143,24/10/2024,10:50:00 pm,A. Lansberry,Female,25,White,None,Admission,,40
479-79-4569,24/10/2024,8:46:00 pm,U. Sackey,Female,73,Declined to Identify,None,Admission,,30
388-99-6135,24/10/2024,6:12:00 am,U. Bulfield,Male,9,Declined to Identify,None,Not Admission,,11
491-79-2938,24/10/2024,6:16:00 am,E. Courage,Female,15,White,Orthopedics,Not Admission,,30
627-43-7803,24/10/2024,1:29:00 am,U. Biasio,Male,8,African American,None,Admission,,16
409-53-7660,24/10/2024,7:57:00 am,C. Edgars,Female,21,Pacific Islander,None,Admission,,17
736-37-6932,24/10/2024,10:36:00 pm,S. Welbourn,Male,66,White,None,Not Admission,,40
467-75-7746,24/10/2024,12:15:00 am,E. Lowsely,Male,33,White,General Practice,Admission,,50
687-78-6410,24/10/2024,6:17:00 pm,V. Rodder,Male,9,Two or More Races,General Practice,Not Admission,,50
310-57-6808,24/10/2024,9:35:00 am,C. Tinton,Female,40,White,None,Not Admission,,27
713-55-4167,24/10/2024,7:25:00 am,X. Somerscales,Female,52,White,Orthopedics,Not Admission,,23
431-26-3182,24/10/2024,7:23:00 pm,R. Baughan,Male,6,White,None,Admission,6,14
538-63-5200,24/10/2024,2:27:00 am,Z. Warland,Male,37,White,None,Admission,,18
308-16-1476,24/10/2024,7:38:00 pm,Y. Mounsie,Female,64,White,None,Admission,,59
311-92-5519,24/10/2023,8:48:00 am,O. Overell,Male,53,African American,General Practice,Not Admission,,26
752-74-9026,24/10/2023,3:50:00 pm,J. Madgett,Female,42,Asian,General Practice,Admission,,38
389-23-5284,24/10/2023,7:12:00 pm,E. Shoreman,Female,25,White,None,Not Admission,,12
894-88-8079,24/10/2023,10:13:00 am,N. Handaside,Male,29,White,General Practice,Not Admission,10,39
855-64-6102,24/10/2023,12:38:00 pm,R. Hamlin,Female,41,African American,None,Not Admission,,32
220-33-1376,24/10/2023,2:10:00 am,T. Holtom,Male,79,Native American/Alaska Native,None,Admission,0,45
103-73-6870,24/10/2023,12:03:00 am,Q. Pickston,Male,15,African American,None,Not Admission,9,22
472-57-6924,24/10/2023,8:32:00 pm,N. Weine,Male,57,Asian,General Practice,Not Admission,,43
573-40-2464,24/10/2023,11:16:00 pm,Z. Elmar,Male,77,White,General Practice,Not Admission,,21
604-92-6296,24/10/2023,9:59:00 am,C. Hallin,Female,71,White,Physiotherapy,Admission,,25
815-91-7351,24/10/2023,1:43:00 am,A. Mahaddy,Male,34,African American,None,Admission,,56
492-07-6328,24/10/2023,6:16:00 pm,F. Panchen,Male,2,Native American/Alaska Native,None,Admission,,10
873-50-3555,24/10/2023,3:22:00 am,Y. Morales,Female,53,Two or More Races,Orthopedics,Admission,7,46
571-83-1829,24/09/2024,2:35:00 am,T. Havenhand,Female,7,Two or More Races,None,Admission,,31
873-06-2405,24/09/2024,4:41:00 am,X. Dohms,Female,56,African American,None,Not Admission,,20
189-95-1488,24/09/2024,9:39:00 am,J. Rollinson,Female,61,White,None,Admission,,58
491-17-7369,24/09/2024,7:52:00 am,L. Figura,Male,58,Declined to Identify,None,Admission,,35
658-77-1140,24/09/2024,9:48:00 am,V. Aspinal,Male,22,Two or More Races,Neurology,Admission,3,58
675-21-7410,24/09/2024,9:04:00 am,A. Penswick,Male,50,African American,General Practice,Not Admission,,30
241-10-0868,24/09/2024,10:16:00 pm,K. Ropcke,Male,47,African American,None,Admission,6,25
373-52-0135,24/09/2024,5:18:00 am,F. Farman,Male,10,White,Neurology,Admission,9,32
551-13-2462,24/09/2024,12:53:00 am,E. Sant,Male,69,African American,Orthopedics,Not Admission,6,28
168-45-0851,24/09/2024,10:47:00 pm,E. Gallico,Male,75,Two or More Races,None,Admission,,14
571-79-5269,24/09/2024,8:27:00 am,R. Abrehart,Male,53,Declined to Identify,None,Not Admission,6,35
300-98-8851,24/09/2024,9:41:00 am,E. Giovannazzi,Female,8,African American,None,Not Admission,,55
178-58-2186,24/09/2024,1:00:00 am,T. Baack,Female,42,African American,None,Admission,,29
613-30-3074,24/09/2024,4:31:00 pm,H. Toulson,Female,47,Pacific Islander,None,Not Admission,,51
804-54-2708,24/09/2024,3:44:00 pm,H. Illes,Female,23,African American,None,Admission,,59
732-58-9090,24/09/2023,8:30:00 am,N. Halward,Male,75,Two or More Races,None,Not Admission,,13
624-61-4137,24/09/2023,7:27:00 pm,X. Arderne,Female,11,African American,None,Admission,,20
366-28-5083,24/09/2023,3:49:00 pm,Z. Cazalet,Female,67,African American,Gastroenterology,Admission,,14
730-64-2077,24/09/2023,2:00:00 pm,X. Rankin,Female,8,African American,General Practice,Admission,,24
137-38-5385,24/09/2023,12:28:00 am,H. Vedstra,Female,58,Two or More Races,None,Admission,6,36
671-14-7147,24/09/2023,12:52:00 pm,S. Rogliero,Female,12,White,None,Not Admission,,29
481-73-3813,24/09/2023,5:33:00 pm,Z. Allone,Male,59,White,None,Admission,,16
566-23-2795,24/09/2023,10:28:00 am,T. Herkess,Female,31,White,Physiotherapy,Admission,,49
670-47-0693,24/09/2023,3:29:00 am,I. Stockoe,Male,60,White,Orthopedics,Admission,,60
595-35-5840,24/09/2023,6:52:00 pm,R. Siley,Female,26,Declined to Identify,None,Not Admission,,27
323-05-5893,24/09/2023,1:44:00 pm,S. Plumm,Female,77,Asian,Physiotherapy,Not Admission,,58
636-25-5929,24/09/2023,6:45:00 am,T. Sawood,Female,1,Asian,None,Admission,,35
152-82-3590,24/09/2023,12:52:00 pm,M. Sergeant,Male,44,African American,Orthopedics,Admission,9,14
103-34-9671,24/09/2023,6:34:00 am,S. Brissard,Male,38,African American,None,Admission,7,54
244-58-4316,24/09/2023,11:24:00 pm,C. Hagston,Female,51,White,General Practice,Admission,,38
511-74-2373,24/08/2024,7:38:00 pm,U. Bromont,Male,73,Declined to Identify,Orthopedics,Admission,,18
270-39-6593,24/08/2024,5:41:00 am,J. Gillie,Female,11,Asian,None,Not Admission,,60
771-87-6088,24/08/2024,6:24:00 am,F. Biskup,Female,14,Declined to Identify,Neurology,Admission,,22
112-97-2791,24/08/2024,6:26:00 am,Y. Raund,Male,32,White,None,Admission,,18
592-60-7210,24/08/2024,2:24:00 am,Y. Carik,Female,29,Declined to Identify,Neurology,Not Admission,,32
584-30-4808,24/08/2024,4:53:00 am,T. Hollyar,Male,45,Asian,None,Not Admission,,47
395-81-1270,24/08/2024,4:12:00 pm,V. Kupke,Female,69,White,General Practice,Admission,,13
680-03-6336,24/08/2024,6:02:00 am,M. MacVean,Male,17,Asian,None,Not Admission,4,48
562-52-4808,24/08/2024,2:08:00 am,E. Ranfield,Male,54,White,General Practice,Not Admission,,21
560-19-5168,24/08/2024,5:39:00 pm,L. Conew,Male,66,Asian,Orthopedics,Admission,,13
324-67-2447,24/08/2024,4:01:00 pm,E. Guillou,Female,8,Declined to Identify,General Practice,Not Admission,,41
890-83-9216,24/08/2024,3:09:00 pm,H. Membry,Female,59,Pacific Islander,None,Not Admission,,53
736-65-1410,24/08/2024,12:15:00 am,W. Gossage,Male,34,African American,None,Not Admission,,52
321-57-9470,24/08/2024,4:17:00 pm,Q. Micheau,Female,2,Declined to Identify,Gastroenterology,Not Admission,,15
886-49-6550,24/08/2024,6:41:00 am,U. Gravatt,Female,76,Pacific Islander,General Practice,Admission,,51
584-70-7549,24/08/2024,11:25:00 am,Q. Fieldsend,Female,22,Two or More Races,None,Not Admission,,45
282-04-2756,24/08/2024,12:36:00 pm,N. Matissoff,Female,50,Declined to Identify,Gastroenterology,Not Admission,,42
334-28-4596,24/08/2024,3:56:00 pm,E. Belchamp,Male,61,Pacific Islander,None,Not Admission,,33
717-76-9415,24/08/2023,3:43:00 pm,R. Shimman,Female,22,Two or More Races,None,Admission,0,48
404-55-4051,24/08/2023,7:23:00 am,K. Tolwood,Female,19,White,None,Not Admission,4,60
679-86-0535,24/08/2023,2:33:00 pm,G. Guise,Female,37,Native American/Alaska Native,None,Not Admission,,41
307-21-3022,24/08/2023,10:02:00 am,I. Berndtsson,Male,10,White,None,Admission,,45
176-89-2201,24/08/2023,7:41:00 pm,H. Cooley,Female,76,Declined to Identify,None,Admission,,38
346-70-4846,24/08/2023,1:39:00 pm,M. Paris,Female,68,Native American/Alaska Native,None,Admission,7,33
382-51-7784,24/08/2023,12:30:00 pm,E. Simon,Male,18,Two or More Races,Cardiology,Admission,0,11
213-25-8072,24/08/2023,3:34:00 am,U. Kerby,Male,10,Declined to Identify,General Practice,Not Admission,,46
651-85-3281,24/08/2023,6:05:00 am,Y. Bedbury,Female,24,White,None,Not Admission,,20
519-40-0307,24/08/2023,7:27:00 pm,G. Caddies,Male,13,African American,General Practice,Not Admission,,54
370-89-4668,24/08/2023,2:47:00 am,P. Gingle,Male,20,Two or More Races,General Practice,Not Admission,9,55
873-06-4261,24/08/2023,9:16:00 pm,B. Handman,Male,11,Asian,General Practice,Not Admission,,57
344-87-8606,24/08/2023,6:49:00 pm,B. Gooderick,Female,7,African American,General Practice,Not Admission,5,34
339-20-7594,24/07/2024,1:01:00 pm,J. MacSharry,Male,42,African American,None,Not Admission,5,38
830-42-7159,24/07/2024,3:28:00 pm,H. Cone,Male,19,Asian,None,Admission,,22
129-25-8655,24/07/2024,6:25:00 pm,J. Pimer,Female,73,White,Orthopedics,Admission,5,19
853-27-4550,24/07/2024,8:13:00 pm,D. Kewzick,Male,53,African American,Orthopedics,Not Admission,,20
683-99-2198,24/07/2024,8:02:00 pm,V. Iggulden,Female,23,White,None,Admission,4,44
317-21-5070,24/07/2024,6:26:00 am,B. Kimble,Male,70,Two or More Races,None,Admission,,20
131-12-7088,24/07/2024,4:06:00 am,X. Fri,Female,75,African American,None,Admission,,24
709-21-1735,24/07/2024,10:06:00 pm,I. Thaxton,Male,19,African American,None,Admission,,48
353-36-6428,24/07/2024,2:03:00 am,P. Durrant,Male,29,Pacific Islander,None,Not Admission,,42
406-30-2620,24/07/2024,7:20:00 pm,U. Shutt,Female,77,Asian,Neurology,Not Admission,,52
165-19-8083,24/07/2024,1:20:00 am,M. Ancliffe,Female,78,African American,None,Not Admission,,55
334-92-1880,24/07/2023,11:30:00 pm,O. Wesley,Male,13,Native American/Alaska Native,None,Not Admission,4,56
851-78-7667,24/07/2023,8:00:00 am,C. Heavy,Female,37,African American,None,Admission,,30
472-53-4784,24/07/2023,9:50:00 pm,B. Thon,Female,43,African American,None,Admission,,25
288-91-8881,24/07/2023,1:41:00 am,Z. Scotchbourouge,Female,42,White,General Practice,Not Admission,,20
224-71-2531,24/07/2023,11:39:00 pm,A. Wickett,Female,60,White,Orthopedics,Admission,,44
690-11-2110,24/07/2023,8:07:00 am,Z. Eastbrook,Male,40,Asian,None,Not Admission,,45
652-38-9065,24/07/2023,9:49:00 am,D. Hallaways,Female,56,Pacific Islander,None,Not Admission,,11
773-70-5654,24/07/2023,8:17:00 am,P. Mussilli,Male,25,White,None,Not Admission,,56
860-46-7659,24/07/2023,8:47:00 am,J. Keeves,Male,56,White,Cardiology,Not Admission,,37
288-11-6250,24/07/2023,9:31:00 pm,R. Anwell,Female,47,White,General Practice,Admission,,35
421-27-7766,24/07/2023,1:00:00 pm,O. Mc Coughan,Male,51,White,General Practice,Admission,,22
775-91-3915,24/07/2023,2:20:00 pm,W. Mathewson,Male,41,Declined to Identify,None,Admission,,37
162-14-8161,24/07/2023,9:45:00 am,W. Andriuzzi,Female,77,White,General Practice,Admission,,29
512-27-6855,24/07/2023,8:42:00 pm,W. Watting,Male,75,African American,None,Not Admission,,46
518-33-8587,24/07/2023,11:17:00 pm,W. Windus,Male,71,Declined to Identify,General Practice,Not Admission,,58
491-64-6560,24/07/2023,3:17:00 pm,O. Winny,Male,32,Asian,General Practice,Admission,,48
618-90-5436,24/07/2023,4:10:00 am,W. Goldes,Female,72,White,None,Admission,,31
177-54-8118,24/07/2023,3:47:00 pm,J. Errigo,Male,73,White,None,Not Admission,,35
314-46-6334,24/06/2024,5:30:00 am,K. Paulusch,Female,15,White,None,Admission,,10
744-11-8969,24/06/2024,7:24:00 pm,G. Carp,Female,60,White,None,Admission,,37
160-36-8458,24/06/2024,11:36:00 pm,B. Fredi,Male,49,Two or More Races,Orthopedics,Admission,,60
302-70-1794,24/06/2024,5:01:00 pm,A. Arden,Female,73,African American,General Practice,Admission,,19
611-16-6180,24/06/2024,7:46:00 am,R. Berriman,Male,25,Two or More Races,General Practice,Admission,9,42
859-69-2931,24/06/2024,5:30:00 pm,Q. Broose,Female,44,Two or More Races,None,Admission,,21
221-75-5469,24/06/2024,3:34:00 am,Q. Trudgeon,Male,10,African American,Orthopedics,Not Admission,1,60
594-59-4281,24/06/2024,2:13:00 am,O. MacDermand,Male,62,Asian,General Practice,Admission,,26
495-98-0302,24/06/2024,5:13:00 pm,V. Neumann,Female,62,Declined to Identify,None,Not Admission,,48
407-58-6440,24/06/2024,12:48:00 pm,G. Meneyer,Female,1,Two or More Races,Cardiology,Admission,,55
398-34-3572,24/06/2024,5:48:00 pm,X. Mouncey,Female,31,Two or More Races,None,Not Admission,,25
327-14-0232,24/06/2024,1:58:00 pm,F. Fullard,Female,39,African American,None,Not Admission,,44
448-67-4574,24/06/2024,9:58:00 pm,P. Munehay,Female,41,White,None,Not Admission,,12
363-01-4073,24/06/2024,12:20:00 am,J. Zimmer,Male,47,Asian,None,Not Admission,,47
620-83-1871,24/06/2024,8:14:00 am,Q. Helmke,Female,55,Pacific Islander,General Practice,Not Admission,,42
190-40-5748,24/06/2024,5:02:00 am,G. Pappin,Male,17,Native American/Alaska Native,None,Admission,,33
710-15-9516,24/06/2024,3:48:00 pm,N. Cardow,Female,79,Native American/Alaska Native,None,Admission,1,23
894-34-5445,24/06/2024,12:30:00 pm,P. Mariolle,Female,18,African American,Cardiology,Not Admission,,32
818-18-4154,24/06/2024,4:04:00 pm,K. Gosnold,Male,75,White,None,Admission,10,45
494-54-0566,24/06/2023,2:25:00 pm,L. McKie,Female,61,Declined to Identify,None,Admission,,34
591-05-6298,24/06/2023,4:00:00 am,Y. Fraschetti,Male,15,African American,General Practice,Admission,0,49
682-86-8226,24/06/2023,5:19:00 pm,I. McCaughey,Male,12,White,Orthopedics,Not Admission,,36
343-44-5828,24/06/2023,6:09:00 am,T. Sykora,Male,39,White,General Practice,Admission,,37
118-89-9281,24/06/2023,3:14:00 pm,H. Ritter,Female,35,White,Orthopedics,Not Admission,,38
397-31-0783,24/06/2023,5:31:00 pm,F. Handasyde,Male,16,Native American/Alaska Native,None,Admission,,10
389-78-9698,24/06/2023,1:44:00 pm,L. Lambkin,Male,11,White,Physiotherapy,Admission,,42
292-42-3785,24/06/2023,11:41:00 am,W. Wannop,Female,8,Declined to Identify,None,Not Admission,,42
716-30-8175,24/06/2023,9:39:00 am,K. Marchello,Male,49,Two or More Races,None,Admission,5,51
425-15-8705,24/06/2023,2:24:00 am,H. Van de Velde,Male,47,Two or More Races,None,Not Admission,3,51
321-08-8842,24/06/2023,4:50:00 am,A. Climson,Female,4,Pacific Islander,None,Not Admission,7,36
135-38-8450,24/06/2023,8:53:00 pm,B. Carlet,Female,71,Two or More Races,General Practice,Admission,,54
182-39-2715,24/06/2023,2:03:00 am,R. Omrod,Male,23,Two or More Races,None,Not Admission,,57
260-42-5687,24/06/2023,4:59:00 pm,W. Nicklinson,Female,9,African American,None,Not Admission,,47
898-96-3786,24/06/2023,5:05:00 am,E. Bossom,Male,14,White,General Practice,Not Admission,6,57
545-10-2479,24/06/2023,4:51:00 am,E. Colicot,Male,52,Pacific Islander,None,Admission,,24
609-45-7579,24/06/2023,2:23:00 pm,J. Hassett,Female,53,Pacific Islander,Orthopedics,Admission,,40
838-42-4633,24/05/2024,4:27:00 pm,C. Dassindale,Female,63,White,General Practice,Admission,,24
722-52-9830,24/05/2024,7:55:00 am,K. Arguile,Male,57,Pacific Islander,None,Not Admission,,57
883-95-1731,24/05/2024,2:59:00 am,U. Tern,Male,32,African American,None,Admission,,47
790-73-9010,24/05/2024,6:36:00 am,U. Dumini,Female,15,White,None,Not Admission,,27
424-53-4633,24/05/2024,12:43:00 am,T. Whithorn,Female,46,Declined to Identify,General Practice,Not Admission,,34
407-61-5335,24/05/2024,1:12:00 am,W. Coolson,Male,53,Declined to Identify,None,Not Admission,3,17
740-87-7128,24/05/2024,9:48:00 am,B. Webster,Male,74,Declined to Identify,None,Not Admission,7,51
575-53-0156,24/05/2024,4:16:00 am,W. Stores,Female,33,Native American/Alaska Native,None,Admission,,60
274-77-1614,24/05/2024,12:47:00 am,F. Pelos,Male,24,Asian,Neurology,Admission,,39
146-29-4419,24/05/2024,2:36:00 pm,C. Caslake,Male,66,White,None,Not Admission,,48
678-06-2315,24/05/2024,9:28:00 pm,X. Udey,Female,58,Two or More Races,Neurology,Admission,9,22
251-38-8325,24/05/2024,2:50:00 pm,X. Marjoram,Female,37,White,None,Admission,,53
758-21-5102,24/05/2024,2:58:00 pm,B. Schwandermann,Male,33,Two or More Races,General Practice,Not Admission,,39
382-04-7586,24/05/2024,10:09:00 am,I. Peto,Female,28,Asian,None,Not Admission,3,53
112-21-1867,24/05/2024,3:47:00 pm,R. Haulkham,Female,32,African American,None,Not Admission,,44
677-14-1863,24/05/2024,9:35:00 am,B. Carvilla,Female,17,Declined to Identify,General Practice,Admission,1,57
161-39-6789,24/05/2024,7:01:00 am,B. Steffens,Male,6,African American,None,Not Admission,10,60
393-79-0957,24/05/2023,4:18:00 am,R. Casellas,Male,67,White,None,Not Admission,,45
443-42-3313,24/05/2023,7:25:00 am,X. Peron,Female,77,Declined to Identify,None,Not Admission,,20
781-54-2029,24/05/2023,8:59:00 pm,F. Currell,Male,9,Asian,None,Admission,,21
578-99-8746,24/05/2023,6:31:00 pm,K. Bartalin,Female,28,Two or More Races,None,Not Admission,6,54
442-31-5916,24/05/2023,5:06:00 pm,T. Oatley,Female,39,African American,None,Not Admission,7,37
720-54-2625,24/05/2023,2:42:00 pm,C. Pavie,Female,4,Native American/Alaska Native,None,Admission,,23
776-96-5871,24/05/2023,1:50:00 am,C. Giffen,Female,72,Two or More Races,None,Not Admission,,36
646-76-4036,24/05/2023,12:40:00 am,Z. Northeast,Male,46,African American,None,Not Admission,,44
623-43-0277,24/05/2023,11:17:00 pm,H. Gilford,Female,28,African American,Physiotherapy,Admission,,40
138-44-2456,24/05/2023,1:07:00 pm,X. Dallywater,Male,32,Declined to Identify,None,Not Admission,,56
624-42-2108,24/05/2023,3:57:00 pm,R. Cops,Female,44,Pacific Islander,General Practice,Admission,,55
642-24-9833,24/04/2024,11:25:00 am,J. Muttitt,Female,4,Declined to Identify,Physiotherapy,Not Admission,,22
164-09-6339,24/04/2024,12:10:00 am,G. Reedyhough,Male,49,White,None,Not Admission,6,29
646-41-6242,24/04/2024,11:12:00 pm,F. Roget,Male,70,Pacific Islander,Cardiology,Not Admission,,47
135-55-7285,24/04/2024,1:48:00 pm,P. Reckus,Male,34,Asian,Orthopedics,Admission,,57
571-29-8781,24/04/2024,4:22:00 pm,S. Plant,Female,46,Two or More Races,None,Admission,3,53
501-36-6469,24/04/2024,11:15:00 am,Z. Gandar,Male,22,Two or More Races,None,Admission,8,19
140-46-8836,24/04/2024,3:49:00 pm,X. Lohmeyer,Female,8,White,None,Admission,,37
655-78-5772,24/04/2024,2:08:00 pm,U. Korda,Female,59,Asian,General Practice,Admission,,54
899-55-9031,24/04/2024,10:08:00 pm,G. Geibel,Female,31,White,None,Not Admission,,46
133-01-1137,24/04/2024,5:03:00 am,V. Stanney,Female,51,White,None,Admission,,36
155-97-7139,24/04/2024,4:30:00 pm,V. Baseggio,Male,33,Two or More Races,None,Admission,8,47
325-48-1576,24/04/2024,4:54:00 pm,T. Pietesch,Female,78,Two or More Races,None,Admission,,44
859-31-3788,24/04/2024,5:53:00 am,E. Prott,Male,23,African American,General Practice,Admission,,15
186-16-0532,24/04/2024,5:41:00 am,B. Pinckstone,Female,79,White,General Practice,Admission,,19
466-85-7293,24/04/2024,9:45:00 pm,J. Marchelli,Female,68,Declined to Identify,None,Not Admission,,47
766-71-2978,24/04/2024,3:11:00 am,U. Christauffour,Female,32,White,None,Admission,3,57
208-13-3546,24/04/2024,3:59:00 pm,B. O'Kynsillaghe,Male,7,White,None,Admission,,35
383-59-9953,24/04/2024,6:19:00 am,M. Petken,Female,66,Declined to Identify,None,Not Admission,0,20
460-15-6586,24/04/2023,3:16:00 am,P. Stillmann,Female,27,African American,None,Not Admission,5,32
379-54-8312,24/04/2023,5:51:00 pm,Z. Szymanek,Female,74,White,General Practice,Not Admission,,16
551-11-0556,24/04/2023,5:26:00 am,G. Rosenwasser,Male,14,Two or More Races,None,Not Admission,,54
705-46-8327,24/04/2023,2:40:00 pm,T. Wilson,Female,36,White,None,Admission,,30
501-27-9080,24/04/2023,4:56:00 am,A. Wyard,Male,39,White,Cardiology,Admission,,48
693-17-8496,24/04/2023,6:00:00 am,F. Plunkett,Female,34,Two or More Races,None,Admission,8,52
597-64-3246,24/04/2023,4:24:00 am,Q. Doody,Female,78,Asian,None,Not Admission,4,22
160-14-1320,24/04/2023,10:49:00 pm,K. de Vaen,Male,73,White,None,Not Admission,3,31
870-50-4955,24/04/2023,5:44:00 am,Q. Eastlake,Female,1,Two or More Races,None,Admission,6,23
209-93-3232,24/04/2023,11:35:00 am,Q. Brawn,Male,23,Declined to Identify,None,Not Admission,,42
243-12-8113,24/04/2023,7:44:00 pm,N. Winborn,Female,63,White,General Practice,Not Admission,1,26
802-21-7879,24/04/2023,7:19:00 pm,T. Jenk,Male,48,Declined to Identify,None,Not Admission,,40
232-20-0713,24/04/2023,9:32:00 am,R. Simoncelli,Male,37,Asian,None,Admission,10,58
369-83-2373,24/04/2023,7:23:00 pm,F. Pointing,Male,6,Declined to Identify,None,Not Admission,,35
728-50-2926,24/03/2024,11:47:00 am,T. Rashleigh,Male,49,Two or More Races,Cardiology,Not Admission,,43
428-10-5696,24/03/2024,5:21:00 am,Z. Abercrombie,Male,76,Asian,None,Not Admission,3,53
247-36-8636,24/03/2024,4:26:00 am,T. Klich,Male,71,African American,General Practice,Not Admission,1,31
468-40-7586,24/03/2024,3:43:00 pm,V. Ardron,Male,13,Pacific Islander,General Practice,Not Admission,,29
774-35-2604,24/03/2024,11:55:00 am,K. Ginman,Female,25,White,None,Admission,,25
102-85-6993,24/03/2024,4:02:00 pm,A. McCumskay,Male,67,African American,None,Not Admission,,30
416-07-7616,24/03/2024,8:22:00 pm,I. O'Fihily,Female,51,Native American/Alaska Native,Gastroenterology,Not Admission,,44
653-90-8789,24/03/2024,2:51:00 pm,F. Leas,Female,28,Two or More Races,None,Admission,,59
607-43-0418,24/03/2024,10:41:00 pm,P. Queyeiro,Female,27,White,None,Admission,8,29
243-22-8875,24/03/2024,9:08:00 am,H. Keefe,Female,55,African American,None,Not Admission,,52
372-42-1419,24/03/2024,9:51:00 am,P. Currington,Female,25,White,None,Not Admission,,20
639-86-3384,24/03/2024,8:20:00 am,D. Petrozzi,Male,68,Native American/Alaska Native,None,Not Admission,,29
801-02-6881,24/03/2024,1:40:00 pm,J. Vigne,Female,61,Two or More Races,None,Admission,,27
896-96-6112,24/03/2024,8:12:00 am,Z. Spread,Female,53,Native American/Alaska Native,None,Admission,,14
678-80-6867,24/03/2024,3:11:00 pm,U. Cohalan,Male,71,Asian,General Practice,Not Admission,10,15
640-23-3968,24/03/2024,6:05:00 pm,C. Adiscot,Female,38,Native American/Alaska Native,General Practice,Admission,2,60
574-24-6102,24/03/2024,3:37:00 pm,M. Dekeyser,Male,50,African American,None,Admission,10,36
728-95-3842,24/03/2024,11:44:00 pm,G. Pelcheur,Male,21,Two or More Races,None,Admission,,34
628-78-9167,24/03/2024,6:56:00 pm,X. Pamphilon,Male,26,White,None,Not Admission,,57
321-29-1165,24/03/2024,5:19:00 am,O. Wyld,Male,61,African American,Cardiology,Admission,,14
433-09-6429,24/03/2024,6:29:00 pm,M. Detoc,Female,37,African American,None,Not Admission,,52
368-60-2216,24/03/2024,3:23:00 pm,G. Rogerot,Male,47,African American,General Practice,Admission,,36
407-58-7271,24/02/2024,5:39:00 pm,H. Hillyatt,Male,51,Two or More Races,None,Admission,,56
555-84-6544,24/02/2024,10:32:00 am,B. Akett,Male,71,Two or More Races,None,Not Admission,0,53
363-49-1560,24/02/2024,8:02:00 am,C. Dunford,Male,23,Two or More Races,None,Admission,,50
529-27-8936,24/02/2024,7:39:00 am,W. Birtonshaw,Male,20,Asian,None,Admission,,43
390-90-9742,24/02/2024,11:11:00 am,P. Kalkofer,Female,13,Two or More Races,None,Not Admission,,24
853-11-6791,24/02/2024,8:42:00 am,H. Robshaw,Male,74,African American,General Practice,Admission,,41
852-57-5614,24/02/2024,3:35:00 pm,D. Bury,Female,78,Pacific Islander,Orthopedics,Admission,,37
879-07-2777,24/02/2024,5:49:00 am,T. McReynolds,Male,32,White,None,Admission,,14
618-67-3994,24/02/2024,8:23:00 am,O. Stummeyer,Female,56,Two or More Races,None,Admission,,54
322-25-9678,24/02/2024,9:50:00 pm,D. Sams,Male,53,White,None,Not Admission,,27
669-62-5609,24/02/2024,7:02:00 am,Y. Dowglass,Female,72,White,None,Admission,,36
753-03-6126,24/02/2024,5:05:00 am,X. Gibke,Female,43,Asian,Renal,Admission,,14
459-41-0106,24/01/2024,11:30:00 am,G. Humbey,Male,52,African American,None,Admission,3,46
101-35-3930,24/01/2024,7:29:00 am,W. Andreotti,Female,30,White,None,Admission,,25
253-73-0692,24/01/2024,3:12:00 am,U. Sidden,Male,2,Declined to Identify,General Practice,Not Admission,,33
221-94-0515,24/01/2024,10:57:00 pm,S. Stillman,Female,79,Declined to Identify,None,Not Admission,7,49
340-20-9334,24/01/2024,2:42:00 am,K. Ham,Female,25,Two or More Races,None,Admission,,57
899-68-1954,24/01/2024,10:44:00 am,H. Gerler,Male,33,African American,Gastroenterology,Admission,5,36
290-91-2994,24/01/2024,11:47:00 am,N. Lehr,Male,13,White,None,Not Admission,,52
334-88-2963,24/01/2024,8:40:00 am,X. Bristowe,Female,34,Two or More Races,General Practice,Not Admission,,48
709-74-1500,24/01/2024,7:29:00 pm,L. Barson,Female,32,Declined to Identify,General Practice,Admission,,15
595-97-7229,24/01/2024,4:34:00 am,V. Eric,Male,76,Asian,Gastroenterology,Not Admission,,59
511-46-2159,24/01/2024,2:10:00 pm,H. Wiseman,Female,56,African American,Physiotherapy,Not Admission,0,17
434-97-4357,24/01/2024,9:20:00 pm,E. Goodayle,Male,59,Declined to Identify,None,Admission,,14
514-75-2742,24/01/2024,1:49:00 pm,S. Royle,Female,29,White,Orthopedics,Not Admission,,41
251-72-9605,24/01/2024,7:28:00 pm,I. Gentry,Female,35,Two or More Races,Orthopedics,Not Admission,,54
303-71-2802,24/01/2024,11:56:00 am,K. Naylor,Female,75,Asian,None,Admission,,15
526-99-9283,24/01/2024,9:46:00 am,O. Dennert,Male,44,Pacific Islander,None,Not Admission,,23
596-98-6693,23/12/2023,8:45:00 pm,T. Albrighton,Female,40,White,Orthopedics,Admission,,10
485-42-0792,23/12/2023,9:48:00 pm,T. Little,Male,8,White,None,Not Admission,,46
668-76-3611,23/12/2023,8:12:00 am,D. Croke,Female,29,White,General Practice,Admission,,29
352-21-9569,23/12/2023,9:19:00 am,H. Linney,Male,44,African American,General Practice,Not Admission,3,58
293-33-5200,23/12/2023,11:03:00 pm,N. Mattheeuw,Male,66,White,Orthopedics,Not Admission,,45
805-58-2367,23/12/2023,8:49:00 am,X. Todman,Male,3,Asian,General Practice,Not Admission,2,48
103-04-9687,23/12/2023,2:33:00 pm,E. Finby,Male,48,African American,None,Not Admission,,29
471-58-0942,23/12/2023,3:03:00 am,F. Dilrew,Female,35,African American,None,Admission,,26
407-62-2609,23/12/2023,12:33:00 am,F. Crut,Female,55,Two or More Races,General Practice,Admission,,35
417-91-8960,23/12/2023,2:13:00 am,P. Posen,Female,33,Two or More Races,None,Not Admission,,38
583-94-8865,23/12/2023,10:46:00 am,P. Burditt,Female,40,White,None,Not Admission,7,50
160-49-1316,23/12/2023,12:34:00 am,X. Glanton,Female,32,Two or More Races,General Practice,Not Admission,,51
689-98-4436,23/12/2023,11:20:00 pm,Y. Margram,Male,31,Native American/Alaska Native,None,Admission,,37
282-36-6038,23/12/2023,4:03:00 pm,I. Slack,Female,37,Asian,None,Not Admission,6,58
275-83-5679,23/12/2023,4:04:00 am,D. Rasp,Female,34,White,None,Admission,,31
411-18-9512,23/12/2023,8:03:00 am,Z. Stockley,Male,66,White,General Practice,Not Admission,,23
580-30-1480,23/12/2023,6:24:00 pm,Z. Bartrum,Female,7,Two or More Races,Orthopedics,Not Admission,,27
509-62-2204,23/12/2023,4:43:00 pm,P. Cornbill,Female,40,Asian,General Practice,Not Admission,,57
209-24-5193,23/12/2023,7:56:00 am,V. Fitchett,Male,31,Pacific Islander,General Practice,Not Admission,0,15
100-66-8222,23/12/2023,12:07:00 pm,F. Mullane,Female,65,Asian,General Practice,Not Admission,,17
373-44-2396,23/12/2023,7:35:00 pm,F. Milhench,Female,70,Two or More Races,General Practice,Admission,,14
622-41-7512,23/11/2023,11:22:00 am,P. Kepp,Male,23,Asian,None,Admission,6,54
389-26-8766,23/11/2023,6:31:00 pm,J. Peatt,Female,25,Declined to Identify,Orthopedics,Admission,10,34
771-07-1890,23/11/2023,12:20:00 am,L. Kiwitz,Male,72,White,None,Not Admission,4,48
836-26-2906,23/11/2023,1:22:00 am,P. Argent,Male,18,Asian,Orthopedics,Not Admission,,36
601-49-6614,23/11/2023,6:30:00 pm,G. Cleife,Male,58,White,General Practice,Not Admission,,19
480-68-4648,23/11/2023,10:30:00 am,A. Templeton,Male,49,Native American/Alaska Native,None,Not Admission,,24
519-63-7221,23/11/2023,1:05:00 am,W. Broddle,Female,53,White,None,Admission,6,41
712-60-2372,23/11/2023,5:41:00 pm,B. Ballam,Male,14,Two or More Races,Neurology,Admission,,45
335-29-5695,23/11/2023,4:13:00 am,T. Fardy,Male,55,Pacific Islander,None,Not Admission,8,12
506-47-7494,23/11/2023,10:59:00 pm,W. Weld,Male,66,African American,None,Not Admission,,58
815-95-1401,23/11/2023,8:39:00 pm,I. Manicomb,Male,36,White,None,Admission,,39
466-62-5683,23/11/2023,1:50:00 pm,M. Fairbard,Female,61,White,None,Not Admission,,41
827-24-1321,23/11/2023,5:50:00 am,T. Burnel,Female,67,Declined to Identify,General Practice,Not Admission,,33
275-06-8401,23/11/2023,8:52:00 am,X. Poschel,Female,21,African American,None,Admission,,32
520-44-2701,23/11/2023,6:53:00 pm,J. Bayne,Male,74,White,None,Admission,,53
283-93-3887,23/11/2023,7:53:00 am,U. Narup,Female,36,African American,None,Admission,,27
863-45-9504,23/11/2023,8:29:00 am,W. Hame,Male,44,White,None,Admission,8,51
644-25-4233,23/10/2024,1:06:00 pm,G. Perritt,Female,75,Native American/Alaska Native,None,Admission,,47
702-17-2187,23/10/2024,1:58:00 am,P. Fishe,Female,64,White,Cardiology,Not Admission,,60
627-82-5172,23/10/2024,2:02:00 pm,E. Blackaller,Male,31,White,None,Admission,,37
226-35-0871,23/10/2024,11:13:00 am,T. Ciciari,Male,32,White,None,Not Admission,,59
699-82-7292,23/10/2024,11:26:00 pm,I. Klimashevich,Male,19,Pacific Islander,None,Not Admission,,36
103-82-8447,23/10/2024,1:08:00 am,M. Baldwin,Female,8,Pacific Islander,None,Admission,,52
415-95-3806,23/10/2024,8:01:00 pm,D. Bantham,Female,76,African American,None,Admission,,49
442-74-7250,23/10/2024,4:52:00 am,W. Jachtym,Male,41,Declined to Identify,None,Not Admission,4,29
270-73-7146,23/10/2024,11:06:00 am,Q. Pendre,Female,25,Native American/Alaska Native,General Practice,Not Admission,8,31
342-13-1426,23/10/2024,3:04:00 pm,L. Bullocke,Male,45,Pacific Islander,General Practice,Admission,,31
379-45-8010,23/10/2024,4:28:00 pm,Q. Rapi,Female,45,African American,General Practice,Admission,,53
688-37-3649,23/10/2024,3:45:00 pm,M. Walby,Female,6,Native American/Alaska Native,General Practice,Not Admission,,27
661-26-1636,23/10/2024,5:33:00 am,A. Williment,Female,27,African American,General Practice,Admission,,47
524-75-8060,23/10/2024,11:06:00 am,R. Simpson,Female,4,White,General Practice,Not Admission,,39
290-26-3161,23/10/2024,11:11:00 am,F. Ivanshintsev,Male,3,Two or More Races,None,Not Admission,0,26
536-13-9230,23/10/2024,6:08:00 pm,P. Corr,Female,73,Two or More Races,General Practice,Admission,,51
313-29-0509,23/10/2024,3:19:00 am,D. McNabb,Male,47,Asian,General Practice,Not Admission,,57
761-86-9283,23/10/2023,8:05:00 am,P. Boyan,Male,53,Two or More Races,None,Not Admission,,59
227-48-3082,23/10/2023,5:44:00 pm,G. Frantz,Male,29,Two or More Races,Physiotherapy,Admission,8,15
707-96-5726,23/10/2023,11:19:00 am,S. Barling,Male,50,Native American/Alaska Native,None,Admission,,41
122-39-3967,23/10/2023,7:25:00 pm,B. Whear,Female,45,Declined to Identify,None,Admission,,56
652-95-2118,23/10/2023,10:58:00 pm,M. Proffitt,Male,15,White,None,Not Admission,,44
706-14-8158,23/10/2023,10:02:00 am,Q. Higford,Male,18,White,None,Admission,4,35
318-27-1087,23/10/2023,1:36:00 pm,Q. Busain,Female,74,African American,None,Not Admission,,24
411-32-4858,23/10/2023,7:22:00 am,J. MacTrusty,Male,67,Asian,General Practice,Not Admission,7,40
662-04-8561,23/10/2023,4:48:00 pm,R. Bendixen,Male,73,White,None,Admission,,40
694-31-6186,23/10/2023,7:03:00 pm,D. Garretson,Male,67,Declined to Identify,None,Admission,5,19
696-37-4637,23/10/2023,6:29:00 pm,G. Farres,Female,17,Asian,None,Admission,2,60
421-79-3102,23/10/2023,4:06:00 am,T. Alway,Female,56,African American,Orthopedics,Admission,,19
726-53-8108,23/10/2023,6:25:00 pm,Z. Mayho,Male,17,African American,None,Admission,8,35
879-93-8813,23/10/2023,7:15:00 pm,B. Waddell,Female,12,African American,Neurology,Admission,,55
214-51-6611,23/09/2024,9:45:00 pm,A. Rivitt,Male,55,African American,Orthopedics,Admission,,12
308-97-7916,23/09/2024,12:50:00 am,R. Smale,Male,8,Pacific Islander,None,Not Admission,,57
431-43-7748,23/09/2024,4:42:00 am,B. Slocket,Male,31,Two or More Races,None,Not Admission,1,47
570-43-7551,23/09/2024,9:45:00 am,D. Cashin,Female,58,White,General Practice,Not Admission,,38
108-82-5384,23/09/2024,6:25:00 pm,H. Rodie,Female,79,Declined to Identify,None,Not Admission,1,56
739-54-8847,23/09/2024,3:54:00 pm,I. Egglestone,Female,9,White,Neurology,Not Admission,,59
480-22-9841,23/09/2024,6:59:00 pm,U. Wrefford,Female,37,Declined to Identify,Orthopedics,Not Admission,,59
426-61-6009,23/09/2024,12:55:00 am,N. MacAiline,Female,69,Asian,None,Not Admission,,40
398-19-1977,23/09/2024,12:03:00 am,M. Regus,Male,63,White,Renal,Not Admission,,15
115-27-3838,23/09/2024,11:21:00 pm,T. Bapty,Female,75,Two or More Races,General Practice,Admission,5,41
646-97-7229,23/09/2023,11:41:00 am,W. Samper,Female,39,White,General Practice,Admission,,37
358-36-5740,23/09/2023,2:13:00 am,I. Balazin,Female,42,White,General Practice,Admission,,54
516-49-3296,23/09/2023,1:00:00 pm,I. Whitney,Male,7,White,None,Admission,8,19
821-52-5812,23/09/2023,5:30:00 am,X. Lewsy,Male,22,Asian,Orthopedics,Not Admission,,24
570-26-0403,23/09/2023,12:32:00 am,S. D'Aguanno,Male,24,Declined to Identify,None,Not Admission,,35
462-49-7342,23/09/2023,4:02:00 am,E. Kohneke,Male,56,Asian,General Practice,Admission,,26
290-26-2181,23/09/2023,11:08:00 pm,G. Ablitt,Male,23,Pacific Islander,Orthopedics,Not Admission,,27
258-65-5478,23/09/2023,3:13:00 am,F. Billings,Male,47,African American,Orthopedics,Not Admission,,53
748-21-4373,23/09/2023,1:12:00 pm,I. Spencley,Female,12,White,General Practice,Admission,,54
509-88-2899,23/09/2023,11:51:00 pm,F. Brudenell,Male,14,Two or More Races,Orthopedics,Admission,4,23
472-79-7036,23/09/2023,8:02:00 am,S. Okell,Male,28,African American,None,Not Admission,,12
207-51-4043,23/09/2023,1:33:00 pm,P. Fuke,Male,34,Two or More Races,None,Admission,,53
742-71-3088,23/09/2023,6:11:00 pm,K. Goodby,Female,22,African American,General Practice,Not Admission,,17
294-14-2716,23/09/2023,9:18:00 am,X. Undrill,Male,26,Asian,None,Admission,4,30
310-24-6292,23/09/2023,11:44:00 am,L. Gatheridge,Male,78,Two or More Races,None,Not Admission,,43
771-99-0591,23/08/2024,8:59:00 pm,E. Timmermann,Male,1,Pacific Islander,None,Admission,,28
690-72-7531,23/08/2024,2:15:00 am,U. Brockest,Male,43,African American,General Practice,Not Admission,,44
331-62-8519,23/08/2024,9:12:00 am,C. Embra,Male,61,White,General Practice,Admission,,28
442-16-7954,23/08/2024,4:31:00 am,E. Leeson,Female,19,African American,None,Not Admission,,50
211-58-9428,23/08/2024,10:21:00 pm,D. Geockle,Female,74,White,General Practice,Not Admission,10,49
359-98-5533,23/08/2024,11:49:00 pm,E. Kobiela,Female,16,Two or More Races,None,Admission,,58
664-68-6335,23/08/2024,7:57:00 am,A. Proschke,Female,42,Pacific Islander,None,Not Admission,,56
848-38-5877,23/08/2024,6:52:00 am,Y. Noe,Female,7,African American,None,Not Admission,,13
242-70-5420,23/08/2024,4:04:00 pm,X. Caroll,Female,9,White,Physiotherapy,Not Admission,,35
252-67-0809,23/08/2024,9:57:00 am,W. Colclough,Female,73,Asian,None,Not Admission,,49
662-68-0306,23/08/2024,2:24:00 pm,O. Pring,Male,6,Asian,None,Not Admission,,36
821-25-7925,23/08/2024,2:32:00 pm,Y. Donovan,Male,73,African American,None,Admission,,30
179-33-1012,23/08/2024,7:45:00 am,Y. Stockings,Male,1,Two or More Races,None,Admission,,40
234-22-0190,23/08/2024,5:40:00 pm,F. Gorham,Female,15,Declined to Identify,None,Admission,,33
225-31-4539,23/08/2024,4:34:00 pm,W. Wisby,Male,56,Two or More Races,Orthopedics,Admission,10,60
413-63-3325,23/08/2024,3:19:00 am,A. Basili,Male,32,African American,None,Admission,,37
554-96-3589,23/08/2023,5:42:00 pm,K. Willowby,Male,70,African American,None,Admission,9,49
294-07-5007,23/08/2023,8:27:00 pm,R. Perkins,Female,75,African American,General Practice,Not Admission,,22
306-96-2248,23/08/2023,4:14:00 am,X. Ouslem,Female,7,White,None,Admission,2,41
465-97-0990,23/08/2023,8:26:00 am,F. Perrat,Female,68,White,None,Admission,,43
658-71-6172,23/08/2023,11:21:00 pm,G. Absolem,Male,32,White,General Practice,Not Admission,0,33
637-32-6890,23/08/2023,10:40:00 am,H. Fetherston,Male,57,Asian,None,Not Admission,,14
713-55-9408,23/08/2023,7:24:00 am,X. Castelot,Female,11,African American,General Practice,Not Admission,,46
458-03-2386,23/08/2023,11:47:00 pm,X. Drinkel,Male,36,Declined to Identify,General Practice,Admission,10,44
320-79-0174,23/08/2023,1:08:00 am,P. Whiskerd,Female,79,African American,Neurology,Not Admission,,41
258-72-4657,23/08/2023,5:14:00 am,T. Deguara,Male,56,White,None,Not Admission,,32
248-98-7235,23/08/2023,4:41:00 pm,J. Shaplin,Male,21,White,General Practice,Not Admission,,15
430-28-7980,23/08/2023,9:09:00 pm,F. Willingam,Female,56,White,None,Admission,,25
814-81-8129,23/08/2023,5:23:00 am,W. Peters,Female,6,Asian,Neurology,Not Admission,,49
217-33-8777,23/08/2023,7:32:00 pm,M. Yuryev,Male,48,Asian,General Practice,Admission,10,13
140-49-7915,23/08/2023,9:21:00 pm,X. Stiegar,Male,16,Two or More Races,None,Admission,,49
148-76-1261,23/08/2023,2:09:00 pm,T. Spurier,Male,64,Native American/Alaska Native,None,Admission,,16
805-29-5064,23/08/2023,3:30:00 pm,V. Giorgielli,Male,8,Native American/Alaska Native,None,Not Admission,8,60
765-85-5657,23/08/2023,12:26:00 pm,Z. Vaughten,Female,4,Asian,None,Not Admission,,16
238-48-0520,23/07/2024,5:26:00 am,G. Warrender,Female,48,Two or More Races,None,Admission,,55
237-05-9734,23/07/2024,4:57:00 am,E. Forsdike,Male,37,Two or More Races,Cardiology,Not Admission,3,12
144-26-9378,23/07/2024,1:40:00 pm,X. Sheridan,Male,28,Declined to Identify,General Practice,Not Admission,,12
494-14-9104,23/07/2024,7:13:00 am,P. Sexcey,Male,8,Native American/Alaska Native,None,Admission,,21
617-12-0398,23/07/2024,6:59:00 am,O. Malthouse,Male,16,Two or More Races,None,Not Admission,0,60
646-28-2601,23/07/2024,8:57:00 am,K. Potticary,Female,52,Asian,None,Admission,,20
711-53-0902,23/07/2024,4:54:00 am,V. Huckel,Female,14,Declined to Identify,Gastroenterology,Not Admission,,36
758-02-1523,23/07/2024,7:44:00 pm,L. Byrde,Male,9,White,None,Not Admission,,40
632-46-3978,23/07/2024,11:04:00 am,K. Fitt,Male,69,African American,None,Admission,,56
783-31-4079,23/07/2024,11:29:00 pm,A. Stirman,Male,3,Native American/Alaska Native,General Practice,Not Admission,10,15
810-62-4735,23/07/2024,9:38:00 am,G. Chanders,Male,44,Declined to Identify,None,Admission,,49
881-53-4471,23/07/2024,1:40:00 pm,A. Jacks,Male,50,White,General Practice,Admission,,41
123-21-6808,23/07/2024,3:33:00 am,V. Binyon,Male,23,Asian,General Practice,Not Admission,,22
105-08-1976,23/07/2024,4:49:00 pm,J. Klyn,Female,16,Native American/Alaska Native,Physiotherapy,Admission,,58
584-89-7054,23/07/2024,4:54:00 am,L. Fuente,Female,67,Two or More Races,General Practice,Not Admission,,57
796-63-0118,23/07/2024,10:40:00 pm,G. Elflain,Female,78,Two or More Races,None,Admission,,23
801-96-6472,23/07/2024,6:24:00 am,T. Sheirlaw,Male,27,Declined to Identify,None,Not Admission,,25
697-49-8948,23/07/2023,7:47:00 am,Y. Woollard,Female,38,Two or More Races,None,Not Admission,,42
725-27-0520,23/07/2023,1:09:00 pm,P. Binnall,Male,18,Declined to Identify,None,Admission,,17
669-45-6595,23/07/2023,6:59:00 am,V. Fenelow,Female,6,Two or More Races,Orthopedics,Admission,,29
866-64-8724,23/07/2023,10:21:00 am,I. Londer,Male,49,Native American/Alaska Native,General Practice,Not Admission,2,42
376-82-5165,23/07/2023,8:15:00 am,E. Audry,Male,35,Asian,None,Admission,,10
364-41-2788,23/07/2023,5:48:00 pm,U. Amar,Female,46,African American,Orthopedics,Not Admission,,30
671-57-3564,23/07/2023,4:14:00 am,K. Kelso,Female,40,Declined to Identify,Orthopedics,Admission,,39
754-50-9684,23/07/2023,9:43:00 pm,M. Brazelton,Male,27,Declined to Identify,None,Not Admission,,17
755-92-1392,23/07/2023,12:33:00 pm,P. MacKomb,Male,57,Pacific Islander,None,Not Admission,5,15
651-17-9916,23/07/2023,7:29:00 pm,K. Beaglehole,Female,72,Two or More Races,None,Admission,,58
364-42-5620,23/07/2023,10:17:00 am,M. Bretelle,Male,48,Native American/Alaska Native,None,Not Admission,7,41
292-80-0066,23/07/2023,3:37:00 am,Y. Delahunty,Male,56,African American,None,Admission,10,30
222-34-9656,23/07/2023,1:13:00 am,Z. Kellick,Male,16,White,None,Not Admission,2,54
570-81-5633,23/07/2023,4:41:00 pm,D. Balm,Female,74,Two or More Races,Cardiology,Admission,,48
499-95-0291,23/07/2023,9:38:00 am,J. Garner,Female,29,Pacific Islander,None,Admission,,28
557-52-3003,23/06/2024,3:36:00 pm,K. Dupree,Female,9,Native American/Alaska Native,Orthopedics,Admission,3,38
533-35-3293,23/06/2024,2:30:00 pm,F. Jovicic,Male,79,White,None,Admission,,36
135-78-8511,23/06/2024,12:17:00 am,O. Marsden,Male,36,Asian,None,Not Admission,,48
219-45-8034,23/06/2024,4:24:00 pm,K. Hakewell,Female,73,African American,Orthopedics,Not Admission,,14
190-62-3939,23/06/2024,8:43:00 am,I. Barnet,Female,15,White,None,Not Admission,,33
600-88-7516,23/06/2024,10:25:00 pm,I. Burt,Female,68,African American,None,Admission,,39
414-69-2236,23/06/2024,5:01:00 pm,T. Bolens,Male,36,Native American/Alaska Native,None,Admission,3,31
250-94-3465,23/06/2024,2:05:00 pm,C. Echlin,Male,31,African American,None,Not Admission,,60
440-92-8284,23/06/2024,8:37:00 pm,Z. Blythe,Male,36,African American,None,Admission,,32
183-23-8555,23/06/2024,4:35:00 pm,R. Priestnall,Male,77,White,None,Admission,,10
334-41-5934,23/06/2024,6:16:00 am,X. Ponte,Male,18,African American,None,Not Admission,,58
441-35-9026,23/06/2024,12:25:00 am,I. Kubas,Female,73,White,None,Not Admission,6,17
832-25-9816,23/06/2024,12:28:00 pm,C. MacSherry,Female,30,Asian,None,Not Admission,,40
304-40-2890,23/06/2024,10:31:00 pm,U. Grattage,Male,23,White,None,Admission,,19
128-10-0306,23/06/2024,11:33:00 pm,P. Boyett,Female,45,African American,None,Not Admission,8,10
463-67-3398,23/06/2024,11:51:00 pm,T. Killen,Male,54,Asian,None,Admission,,19
342-06-3290,23/06/2024,6:41:00 pm,W. Llywarch,Male,52,Two or More Races,None,Not Admission,,46
283-38-8264,23/06/2024,10:53:00 am,P. Cleall,Male,28,White,None,Not Admission,,18
312-69-6763,23/06/2024,12:31:00 am,Y. Durante,Male,51,Asian,None,Not Admission,,54
176-91-4008,23/06/2024,4:55:00 am,A. Render,Male,15,White,None,Not Admission,,37
527-85-0144,23/06/2023,6:19:00 am,Z. Swayte,Male,14,Declined to Identify,General Practice,Admission,,46
337-26-8445,23/06/2023,3:06:00 am,D. Prinn,Male,25,Two or More Races,None,Admission,,45
679-34-7055,23/06/2023,4:20:00 am,O. Bockmaster,Female,62,Asian,Neurology,Not Admission,,57
876-64-9030,23/06/2023,11:35:00 am,Q. Stanborough,Female,16,Asian,None,Admission,,59
160-25-9103,23/06/2023,7:02:00 pm,V. Bere,Male,45,African American,None,Admission,,46
821-22-4619,23/06/2023,10:59:00 pm,W. Lalor,Male,58,Two or More Races,None,Admission,5,11
587-94-0306,23/06/2023,9:11:00 pm,U. Telling,Male,76,White,General Practice,Not Admission,,31
703-90-9423,23/06/2023,9:01:00 am,E. Killiner,Female,45,African American,General Practice,Not Admission,10,14
538-18-1640,23/05/2024,2:23:00 pm,L. Lambourne,Male,72,White,None,Not Admission,10,10
123-50-4549,23/05/2024,3:46:00 am,N. Richel,Male,44,African American,None,Admission,,25
844-70-3132,23/05/2024,9:40:00 am,X. Clench,Male,30,African American,Cardiology,Not Admission,,50
129-63-5548,23/05/2024,10:49:00 pm,L. Goldin,Male,39,African American,None,Admission,,22
117-06-6307,23/05/2024,4:26:00 pm,O. Abrehart,Female,78,Asian,None,Not Admission,,41
704-26-0836,23/05/2024,11:14:00 pm,V. Loughran,Female,32,White,None,Not Admission,1,45
203-79-1155,23/05/2024,3:04:00 am,S. Impett,Female,66,Two or More Races,None,Not Admission,,51
782-31-2439,23/05/2024,2:01:00 pm,T. Goodchild,Male,71,White,General Practice,Not Admission,,22
340-40-0901,23/05/2024,5:24:00 pm,P. Adamik,Male,7,African American,Orthopedics,Not Admission,,60
576-47-4066,23/05/2024,2:42:00 am,C. Bellenie,Male,77,Declined to Identify,None,Not Admission,,18
635-51-4215,23/05/2024,5:44:00 pm,E. Seacombe,Female,16,White,Physiotherapy,Admission,,39
652-74-3737,23/05/2024,7:02:00 am,S. Gunter,Male,38,African American,None,Admission,,45
179-53-8316,23/05/2024,8:37:00 pm,M. Cumbers,Male,22,Pacific Islander,None,Not Admission,,45
369-17-0446,23/05/2024,7:58:00 am,E. Zimmermeister,Male,29,African American,None,Admission,,31
237-49-2123,23/05/2024,4:41:00 pm,R. Chaytor,Female,2,White,Neurology,Admission,,42
461-76-6137,23/05/2024,11:32:00 pm,D. Scud,Female,26,White,General Practice,Not Admission,1,37
382-88-1416,23/05/2024,6:41:00 am,E. Titcomb,Female,57,Two or More Races,None,Not Admission,,50
173-47-4754,23/05/2024,11:02:00 am,D. de Juares,Male,69,African American,None,Admission,10,47
482-84-7146,23/05/2024,7:01:00 am,Y. Rathbone,Female,36,Two or More Races,None,Admission,,41
458-41-3724,23/05/2024,11:10:00 pm,L. Grim,Female,34,African American,Orthopedics,Not Admission,,13
630-69-5811,23/05/2023,9:13:00 pm,I. Drewett,Male,25,Two or More Races,None,Not Admission,4,24
402-78-2438,23/05/2023,11:46:00 am,G. Doubleday,Male,67,Two or More Races,None,Not Admission,3,15
270-31-5063,23/05/2023,4:39:00 am,G. Saltsberg,Female,61,Declined to Identify,General Practice,Not Admission,10,59
822-72-9742,23/05/2023,5:36:00 am,Q. Durdle,Female,61,Declined to Identify,General Practice,Not Admission,,21
164-29-5021,23/05/2023,3:55:00 pm,S. Lilley,Female,73,White,None,Admission,0,37
661-86-2616,23/05/2023,11:16:00 pm,A. Langton,Male,12,White,None,Not Admission,,57
518-04-0690,23/05/2023,5:01:00 am,M. Tabourier,Male,25,White,None,Admission,,50
798-24-0921,23/05/2023,2:18:00 am,O. Aveson,Female,37,Native American/Alaska Native,None,Admission,,21
278-28-0801,23/05/2023,8:50:00 pm,J. Tchaikovsky,Male,33,African American,None,Admission,0,42
323-14-5080,23/05/2023,3:37:00 pm,X. Idle,Female,8,White,General Practice,Not Admission,7,14
711-70-7397,23/05/2023,7:12:00 am,I. Plant,Male,74,African American,None,Not Admission,,53
304-59-5501,23/05/2023,3:26:00 pm,X. Idiens,Female,25,Two or More Races,None,Admission,4,15
318-41-0573,23/05/2023,4:50:00 am,Q. Wadham,Female,56,Two or More Races,None,Admission,,23
653-94-6889,23/04/2024,3:00:00 pm,K. Greenroad,Male,13,Two or More Races,None,Admission,,22
355-52-8969,23/04/2024,4:30:00 pm,S. Jaquest,Female,4,White,Neurology,Admission,,21
843-63-4258,23/04/2024,12:12:00 pm,Q. Stiggers,Female,35,White,None,Not Admission,,41
126-71-8708,23/04/2024,8:42:00 pm,G. Nissle,Male,58,White,None,Not Admission,,49
145-73-4921,23/04/2024,12:52:00 am,Z. Screwton,Male,69,Pacific Islander,None,Not Admission,,55
376-80-7068,23/04/2024,7:50:00 am,N. Simpole,Female,24,White,Gastroenterology,Admission,5,48
807-48-5800,23/04/2024,8:45:00 am,V. Pirozzi,Female,11,Pacific Islander,None,Not Admission,,54
580-28-6655,23/04/2024,4:01:00 am,E. Christer,Male,60,Asian,None,Admission,7,55
340-53-3945,23/04/2024,3:51:00 am,Q. Achurch,Female,53,Declined to Identify,Physiotherapy,Not Admission,,20
522-04-4518,23/04/2024,4:09:00 pm,Z. Row,Female,69,White,None,Admission,,38
593-97-3404,23/04/2024,9:01:00 am,Z. Berndsen,Male,37,White,None,Admission,,57
229-70-7425,23/04/2024,9:43:00 pm,Y. Whatson,Female,45,Two or More Races,Cardiology,Not Admission,,14
125-12-2869,23/04/2024,7:09:00 am,Y. Dowbakin,Male,2,Two or More Races,Orthopedics,Not Admission,6,47
818-18-4773,23/04/2024,10:00:00 am,G. Faucett,Female,64,African American,General Practice,Admission,7,41
884-49-7363,23/04/2024,6:04:00 am,Q. Horsfield,Male,17,Asian,None,Admission,,35
858-85-6744,23/04/2023,12:43:00 am,W. Quiddington,Male,34,White,Orthopedics,Not Admission,,48
408-40-3195,23/04/2023,5:05:00 am,U. Wildsmith,Male,67,Asian,Orthopedics,Not Admission,,24
794-76-5261,23/04/2023,7:13:00 pm,R. Breming,Female,28,White,General Practice,Admission,8,39
298-98-5532,23/04/2023,5:43:00 pm,D. Spira,Female,14,African American,None,Not Admission,,22
308-16-8481,23/04/2023,10:06:00 am,V. Catterick,Female,40,Asian,None,Not Admission,,35
837-22-5775,23/04/2023,2:11:00 pm,F. Whiten,Female,17,Pacific Islander,None,Not Admission,7,56
816-62-0922,23/04/2023,9:17:00 am,N. Domenge,Male,65,Declined to Identify,General Practice,Not Admission,,58
845-19-4922,23/04/2023,6:00:00 pm,A. Geffinger,Female,46,Declined to Identify,Orthopedics,Admission,,47
255-33-4780,23/04/2023,7:09:00 am,O. Clemmey,Male,8,White,None,Admission,,59
578-45-8014,23/04/2023,4:35:00 pm,Z. Nottram,Male,33,Asian,None,Not Admission,,32
684-93-8823,23/04/2023,7:21:00 pm,K. Childe,Male,74,White,Cardiology,Admission,,51
171-02-6921,23/04/2023,6:31:00 pm,S. Eustanch,Female,3,African American,Orthopedics,Admission,,50
697-90-3233,23/03/2024,11:13:00 am,W. Escale,Male,54,Two or More Races,None,Not Admission,10,58
553-38-9596,23/03/2024,9:45:00 am,T. Rojel,Female,27,Declined to Identify,None,Not Admission,4,18
744-36-1390,23/03/2024,7:44:00 am,F. Lambarton,Male,26,African American,General Practice,Admission,,28
708-89-8415,23/03/2024,7:19:00 pm,H. Ghioni,Female,33,Pacific Islander,None,Not Admission,,15
267-31-5874,23/03/2024,3:48:00 am,C. Pearl,Female,12,Two or More Races,None,Admission,,11
785-14-2082,23/03/2024,2:48:00 pm,D. Kestin,Female,61,African American,None,Admission,,14
488-92-0999,23/03/2024,3:20:00 am,P. Ayers,Female,67,Two or More Races,None,Not Admission,7,11
319-83-9008,23/03/2024,1:43:00 pm,H. Hesbrook,Female,70,Native American/Alaska Native,None,Admission,,39
652-59-4953,23/03/2024,4:00:00 pm,M. Hoggin,Male,54,Two or More Races,None,Admission,,16
533-95-7610,23/03/2024,1:01:00 am,G. Jendrach,Female,49,White,None,Admission,,35
330-89-7694,23/03/2024,2:46:00 am,W. Roark,Male,40,White,None,Not Admission,,10
649-29-1531,23/03/2024,4:48:00 pm,W. Fitzsymons,Female,14,Two or More Races,None,Not Admission,,13
659-65-1419,23/03/2024,5:46:00 am,G. Winkle,Male,46,Two or More Races,None,Not Admission,,50
888-31-9974,23/03/2024,7:45:00 am,N. Hatherley,Male,67,White,Orthopedics,Not Admission,,18
843-25-8078,23/03/2024,9:28:00 pm,N. Ockwell,Female,33,White,None,Admission,,42
454-82-8237,23/02/2024,11:44:00 am,J. Votier,Female,33,African American,None,Admission,3,56
169-60-6555,23/02/2024,9:54:00 pm,N. Giral,Male,57,White,None,Admission,9,59
563-36-2067,23/02/2024,8:52:00 pm,E. Lindberg,Female,33,Native American/Alaska Native,None,Not Admission,,37
519-94-5552,23/02/2024,4:29:00 pm,F. Rodenhurst,Male,10,White,None,Not Admission,,55
744-41-8368,23/02/2024,6:53:00 pm,L. Dobing,Female,46,Declined to Identify,None,Not Admission,1,51
754-35-8800,23/02/2024,7:51:00 pm,S. Lankham,Male,72,White,None,Not Admission,0,10
663-41-6861,23/02/2024,5:11:00 pm,S. Raynes,Male,19,Declined to Identify,None,Not Admission,,33
708-70-6853,23/02/2024,10:47:00 am,M. Eallis,Female,41,Two or More Races,None,Not Admission,5,14
380-36-1654,23/02/2024,10:13:00 pm,S. William,Male,70,Two or More Races,None,Admission,,19
544-26-4109,23/02/2024,10:55:00 am,B. Broadley,Male,58,Asian,None,Not Admission,10,27
709-27-5618,23/02/2024,4:49:00 pm,P. Coping,Female,50,Asian,None,Not Admission,6,55
607-81-6711,23/02/2024,5:38:00 am,I. Creebo,Female,8,White,None,Not Admission,,58
657-80-6910,23/02/2024,5:24:00 pm,Y. Dooley,Female,46,White,None,Admission,,46
540-07-7543,23/02/2024,8:16:00 pm,Z. Izakson,Female,54,White,Orthopedics,Admission,1,60
654-49-3579,23/02/2024,11:38:00 pm,T. Alessandrucci,Male,15,White,Orthopedics,Admission,,38
248-33-3339,23/02/2024,12:28:00 am,V. Swayne,Male,42,Native American/Alaska Native,General Practice,Admission,9,19
459-37-0971,23/02/2024,7:22:00 pm,F. Minmagh,Male,25,African American,General Practice,Not Admission,,57
543-86-2381,23/02/2024,6:42:00 am,J. Jamieson,Male,59,Native American/Alaska Native,None,Not Admission,2,43
518-65-2607,23/02/2024,10:53:00 am,T. Monte,Male,44,Asian,Cardiology,Admission,,58
879-29-8821,23/02/2024,4:07:00 pm,P. Pentecost,Female,9,African American,None,Admission,,48
213-23-7376,23/02/2024,7:35:00 pm,M. Vasenkov,Female,27,Asian,None,Not Admission,2,60
254-55-0234,23/02/2024,3:20:00 am,L. Snasdell,Male,43,Pacific Islander,None,Not Admission,,37
639-02-2166,23/01/2024,11:35:00 pm,C. Wyburn,Male,12,African American,None,Admission,,57
438-38-9392,23/01/2024,12:50:00 pm,V. Pezey,Female,70,White,None,Not Admission,,59
627-61-1866,23/01/2024,2:19:00 am,D. Borsi,Female,46,White,General Practice,Admission,,39
127-77-9547,23/01/2024,12:17:00 am,R. De Ruggero,Female,66,African American,None,Not Admission,6,45
449-83-1904,23/01/2024,9:26:00 am,U. Bisacre,Female,29,White,Orthopedics,Not Admission,,37
463-17-9883,23/01/2024,9:41:00 am,X. Lasty,Male,56,Pacific Islander,None,Admission,0,18
886-97-8272,23/01/2024,10:05:00 am,I. Skittles,Female,67,Declined to Identify,None,Not Admission,,15
167-77-4307,23/01/2024,3:26:00 pm,F. Tunniclisse,Male,57,African American,Orthopedics,Admission,,60
604-90-6890,23/01/2024,4:46:00 pm,Z. Assel,Male,6,African American,Renal,Not Admission,,39
377-85-6911,23/01/2024,7:52:00 am,T. Sellars,Male,40,African American,General Practice,Not Admission,,23
498-67-1104,23/01/2024,10:05:00 pm,N. Brettel,Male,56,African American,General Practice,Not Admission,,43
842-46-5824,23/01/2024,11:26:00 am,J. Roots,Female,15,Native American/Alaska Native,None,Admission,,52
232-22-8377,23/01/2024,4:23:00 pm,O. Messham,Female,75,White,General Practice,Not Admission,,44
163-91-1804,23/01/2024,8:46:00 am,O. Kollasch,Male,57,White,General Practice,Not Admission,10,26
541-44-8484,23/01/2024,10:05:00 am,Q. Almond,Male,8,Two or More Races,None,Admission,,53
809-23-9007,23/01/2024,8:01:00 pm,A. Cortes,Male,50,Pacific Islander,Orthopedics,Admission,,29
180-09-7890,23/01/2024,9:24:00 pm,U. Dunster,Male,40,Declined to Identify,None,Admission,,51
181-27-3015,23/01/2024,3:16:00 am,K. Amos,Male,75,White,None,Not Admission,,36
205-60-1987,22/12/2023,10:25:00 pm,U. Luckman,Male,32,African American,None,Admission,,23
399-26-0442,22/12/2023,5:46:00 pm,P. Mattiazzo,Female,49,African American,General Practice,Admission,,27
209-37-3439,22/12/2023,12:39:00 am,T. Giacomi,Female,10,White,None,Admission,,33
465-75-1783,22/12/2023,2:08:00 am,T. Gronauer,Male,27,Two or More Races,None,Admission,,38
574-05-3924,22/12/2023,11:41:00 pm,Z. Medd,Female,28,Declined to Identify,Cardiology,Not Admission,1,17
220-58-2901,22/12/2023,3:47:00 pm,B. Kilpatrick,Male,26,Two or More Races,General Practice,Admission,,44
547-48-9466,22/12/2023,11:40:00 pm,W. Swatton,Male,56,White,Orthopedics,Not Admission,10,45
365-36-6718,22/12/2023,8:49:00 am,D. Chick,Female,79,African American,None,Not Admission,,31
253-01-4563,22/12/2023,12:30:00 am,U. Godspeede,Male,24,Native American/Alaska Native,General Practice,Not Admission,,43
307-73-6789,22/12/2023,2:24:00 am,I. Bryer,Male,38,White,None,Admission,,14
715-87-8033,22/12/2023,12:13:00 am,Y. Motto,Male,67,African American,None,Admission,4,15
613-89-4721,22/12/2023,3:40:00 am,G. Guerre,Female,41,Pacific Islander,None,Not Admission,0,52
670-45-6492,22/12/2023,6:51:00 pm,A. Geillier,Male,64,White,Orthopedics,Not Admission,6,40
850-63-4711,22/12/2023,6:55:00 am,Y. MacCrosson,Male,63,Asian,None,Admission,,58
512-55-4105,22/12/2023,9:36:00 pm,O. Boadby,Female,20,Pacific Islander,General Practice,Admission,,53
296-45-1574,22/12/2023,6:22:00 am,M. Windibank,Male,31,Pacific Islander,None,Not Admission,,55
778-79-4865,22/12/2023,6:43:00 am,W. Ferron,Female,78,Declined to Identify,None,Admission,,15
856-36-0014,22/12/2023,9:14:00 pm,N. Goadbie,Female,78,White,General Practice,Admission,8,56
610-89-4617,22/11/2023,2:13:00 am,H. Shippard,Female,31,Pacific Islander,Orthopedics,Not Admission,8,42
875-72-5720,22/11/2023,4:07:00 pm,R. Diglin,Male,71,Two or More Races,None,Not Admission,,33
411-75-6910,22/11/2023,9:30:00 am,E. Johnsey,Male,65,African American,None,Not Admission,,18
702-54-0548,22/11/2023,11:01:00 pm,R. Eskriet,Female,53,Two or More Races,Orthopedics,Admission,,41
306-67-0589,22/11/2023,3:14:00 pm,R. Stuther,Male,48,African American,General Practice,Not Admission,10,48
563-72-1313,22/11/2023,12:36:00 pm,U. O'Suaird,Female,53,White,Orthopedics,Admission,,26
139-53-0111,22/11/2023,5:25:00 pm,D. Leatherbarrow,Male,49,Declined to Identify,General Practice,Not Admission,6,12
895-44-5421,22/11/2023,5:16:00 pm,W. Gormally,Female,18,African American,General Practice,Not Admission,,51
224-72-7879,22/11/2023,7:28:00 pm,W. Sainthill,Male,39,African American,None,Admission,,55
512-60-2460,22/11/2023,8:04:00 am,Z. Koenen,Female,26,White,Orthopedics,Admission,,49
110-75-4741,22/10/2024,7:22:00 am,N. Corbet,Male,45,White,None,Not Admission,4,37
615-25-9046,22/10/2024,1:37:00 pm,I. McAlpin,Female,76,African American,General Practice,Not Admission,,57
483-41-1741,22/10/2024,9:41:00 pm,K. Hawtrey,Male,67,Asian,General Practice,Admission,,29
544-20-1544,22/10/2024,3:41:00 pm,K. Leyrroyd,Male,31,White,Orthopedics,Admission,,17
878-59-3101,22/10/2024,5:21:00 pm,N. Lawful,Female,38,African American,Orthopedics,Admission,0,39
124-36-9054,22/10/2024,4:32:00 am,T. Le Clercq,Female,44,African American,Orthopedics,Not Admission,,38
464-45-0661,22/10/2024,9:33:00 am,U. Lindner,Male,39,Declined to Identify,None,Not Admission,,53
225-66-7915,22/10/2024,1:36:00 am,U. Magister,Female,2,Two or More Races,General Practice,Not Admission,8,14
322-73-8642,22/10/2024,4:34:00 pm,F. Keogh,Male,18,Native American/Alaska Native,None,Not Admission,5,52
742-20-0489,22/10/2024,8:58:00 am,L. Ferry,Male,56,Two or More Races,None,Not Admission,,59
893-49-6850,22/10/2024,6:52:00 am,D. Gudahy,Female,37,White,None,Not Admission,,30
408-77-1580,22/10/2024,1:57:00 am,W. Ghost,Male,64,Two or More Races,None,Not Admission,,51
442-15-0286,22/10/2024,11:07:00 pm,W. Lyosik,Male,71,Two or More Races,General Practice,Not Admission,,34
706-66-3236,22/10/2024,7:43:00 am,A. McIlwain,Male,71,Two or More Races,General Practice,Not Admission,,25
425-90-5163,22/10/2024,9:59:00 am,M. Hawtrey,Male,63,White,Orthopedics,Not Admission,7,37
545-79-9266,22/10/2024,11:39:00 am,J. Willingham,Female,39,Two or More Races,None,Admission,,19
166-42-6606,22/10/2024,4:47:00 am,W. Seres,Female,49,Declined to Identify,None,Admission,,53
723-84-3271,22/10/2024,5:44:00 pm,Z. McTague,Male,34,Declined to Identify,None,Admission,,18
516-65-1011,22/10/2024,10:47:00 pm,A. Palliser,Male,38,White,None,Not Admission,,40
169-56-6778,22/10/2023,4:04:00 pm,H. Blitz,Male,65,White,None,Not Admission,6,27
204-93-8686,22/10/2023,5:52:00 am,D. Deboy,Male,40,Pacific Islander,None,Admission,,41
280-49-5239,22/10/2023,8:19:00 pm,P. Gedge,Male,55,Asian,None,Admission,,59
794-01-9516,22/10/2023,12:29:00 am,V. Duckhouse,Male,71,African American,General Practice,Admission,,22
256-75-5796,22/10/2023,9:29:00 pm,F. Trinke,Female,75,Asian,Orthopedics,Admission,4,30
407-03-6416,22/10/2023,12:33:00 am,C. Linck,Female,66,Declined to Identify,None,Not Admission,1,56
614-73-8257,22/10/2023,4:13:00 am,Y. Pretorius,Female,1,White,None,Admission,,17
618-42-5655,22/10/2023,4:45:00 am,N. Guisby,Male,37,Two or More Races,Renal,Not Admission,4,19
519-82-9080,22/10/2023,3:09:00 pm,W. D'Angeli,Female,23,Asian,None,Admission,8,53
722-83-5564,22/10/2023,9:32:00 am,R. Paumier,Female,50,Two or More Races,None,Not Admission,4,58
281-13-9122,22/10/2023,9:20:00 pm,G. Goodenough,Male,74,White,None,Not Admission,,59
106-63-9645,22/10/2023,10:35:00 am,V. Laverock,Female,67,Two or More Races,General Practice,Admission,,28
216-38-8198,22/10/2023,2:23:00 pm,X. Coad,Female,41,Asian,Orthopedics,Not Admission,,19
699-31-0809,22/10/2023,2:55:00 pm,Y. Dumsday,Male,65,African American,None,Not Admission,,18
459-41-9027,22/10/2023,10:12:00 am,U. Spooner,Female,61,African American,None,Not Admission,,43
567-42-0057,22/10/2023,3:10:00 am,U. Champerlen,Female,24,Native American/Alaska Native,General Practice,Admission,,41
890-40-4074,22/09/2024,2:44:00 am,R. Akam,Male,26,White,General Practice,Admission,,57
211-34-2381,22/09/2024,8:23:00 pm,M. Szymonowicz,Male,64,White,None,Admission,,40
761-48-5086,22/09/2024,6:58:00 pm,N. Stit,Female,12,Declined to Identify,None,Admission,,33
796-53-3024,22/09/2024,6:36:00 am,H. Cannell,Female,48,Two or More Races,General Practice,Not Admission,,17
552-64-1478,22/09/2024,1:40:00 pm,E. Cressy,Female,66,Two or More Races,None,Admission,,26
396-63-9204,22/09/2024,6:12:00 am,Z. Waistell,Male,10,Declined to Identify,None,Admission,,27
372-37-2243,22/09/2024,11:05:00 am,L. Berendsen,Male,22,Two or More Races,Orthopedics,Admission,,20
627-11-7847,22/09/2024,9:36:00 am,T. Smithies,Male,59,White,Orthopedics,Admission,,13
222-26-0023,22/09/2024,12:01:00 am,X. Swaite,Female,79,White,None,Admission,,10
550-87-6540,22/09/2023,7:42:00 pm,H. Stooders,Female,12,Native American/Alaska Native,General Practice,Not Admission,,53
422-87-0090,22/09/2023,7:55:00 pm,K. Doerren,Female,47,Two or More Races,Physiotherapy,Not Admission,,19
801-77-4739,22/09/2023,9:35:00 am,P. Loyns,Female,76,Asian,None,Not Admission,,54
205-98-5561,22/09/2023,2:33:00 pm,V. Mazzilli,Male,26,Two or More Races,None,Admission,4,56
380-61-4131,22/09/2023,7:11:00 pm,F. Alishoner,Male,64,White,Cardiology,Not Admission,1,14
328-21-4469,22/09/2023,4:55:00 am,I. Hutchison,Female,73,African American,None,Admission,,19
158-13-3727,22/09/2023,3:43:00 pm,Z. Karpmann,Female,70,White,Neurology,Not Admission,1,30
467-83-9328,22/09/2023,2:09:00 am,S. Binley,Male,43,White,Physiotherapy,Not Admission,,20
899-92-7948,22/09/2023,2:32:00 pm,E. Ledson,Male,75,Native American/Alaska Native,None,Admission,,11
290-98-5829,22/09/2023,10:53:00 am,V. Gollop,Male,27,Asian,Cardiology,Admission,,38
738-51-6121,22/09/2023,9:15:00 am,O. Dodgshun,Female,75,White,General Practice,Admission,,30
640-15-7763,22/09/2023,3:41:00 am,U. Antonov,Male,43,White,None,Not Admission,,19
656-89-7392,22/09/2023,11:36:00 am,N. Pennuzzi,Male,31,Declined to Identify,Cardiology,Admission,,35
658-51-3929,22/09/2023,11:04:00 pm,G. Muddicliffe,Male,15,Pacific Islander,General Practice,Admission,,51
113-72-3695,22/09/2023,1:10:00 pm,V. Snaden,Male,63,Asian,General Practice,Not Admission,7,20
362-16-2935,22/09/2023,8:31:00 am,X. Hansill,Female,66,Two or More Races,None,Admission,,59
661-74-3185,22/09/2023,6:46:00 pm,Q. Steljes,Male,75,White,General Practice,Not Admission,,14
598-54-0367,22/09/2023,2:55:00 am,G. Lattin,Female,74,Declined to Identify,Cardiology,Admission,,50
421-54-0505,22/09/2023,12:45:00 pm,F. Hearley,Male,4,Declined to Identify,Gastroenterology,Admission,,29
824-49-2063,22/09/2023,8:57:00 pm,V. Grahamslaw,Female,1,White,General Practice,Not Admission,,56
222-34-8361,22/09/2023,10:22:00 pm,R. Schulz,Male,27,Native American/Alaska Native,None,Admission,,37
176-91-5532,22/09/2023,12:24:00 pm,J. Gorvette,Female,78,Two or More Races,None,Not Admission,,26
888-27-0270,22/09/2023,3:30:00 am,G. Neild,Female,55,Declined to Identify,General Practice,Not Admission,2,27
574-75-4280,22/08/2024,6:37:00 am,T. Wohlers,Female,6,Two or More Races,None,Admission,1,57
527-40-3617,22/08/2024,7:40:00 am,Q. Abeau,Male,37,Two or More Races,None,Admission,,13
707-68-7512,22/08/2024,3:34:00 pm,J. Topham,Male,33,White,Neurology,Not Admission,6,18
453-22-0526,22/08/2024,7:31:00 pm,Z. Banaszczyk,Male,78,Two or More Races,None,Admission,,55
218-33-6566,22/08/2024,10:28:00 pm,U. Walbrun,Female,8,African American,General Practice,Not Admission,2,49
630-37-0673,22/08/2024,1:43:00 am,T. Fehely,Female,71,Declined to Identify,None,Admission,,40
635-58-7242,22/08/2024,9:47:00 am,W. Lancley,Male,23,White,Cardiology,Admission,6,45
324-96-4025,22/08/2024,4:15:00 am,F. Corpe,Female,30,Declined to Identify,None,Admission,,29
589-78-6787,22/08/2024,7:07:00 am,V. Partridge,Male,7,Pacific Islander,None,Not Admission,,34
237-71-1040,22/08/2024,5:55:00 pm,R. Skelcher,Female,61,Native American/Alaska Native,None,Not Admission,,15
427-70-7254,22/08/2024,8:27:00 pm,F. Rosthorn,Female,52,Two or More Races,None,Not Admission,,20
724-36-0175,22/08/2024,8:11:00 am,B. Pluck,Female,27,White,Physiotherapy,Admission,,36
447-10-9548,22/08/2024,8:37:00 pm,X. Gercken,Female,28,Asian,None,Admission,,42
265-77-1242,22/08/2024,8:12:00 am,M. Fawlo,Female,49,Declined to Identify,Gastroenterology,Admission,,55
751-78-5779,22/08/2023,7:27:00 am,F. Orehead,Male,71,Two or More Races,General Practice,Not Admission,,60
844-47-4709,22/08/2023,2:57:00 am,Z. Megainey,Male,52,African American,None,Admission,,55
406-35-8082,22/08/2023,2:53:00 pm,U. Caze,Male,4,White,Renal,Admission,4,44
607-91-4614,22/08/2023,1:15:00 am,Z. Florez,Female,12,Asian,None,Not Admission,7,34
170-12-3064,22/08/2023,7:20:00 am,M. Brandrick,Female,22,African American,General Practice,Not Admission,7,10
721-71-7824,22/08/2023,6:33:00 am,F. Troubridge,Female,31,Two or More Races,None,Not Admission,,34
296-24-7025,22/08/2023,11:12:00 am,P. Turone,Female,40,Native American/Alaska Native,None,Not Admission,,53
772-41-7899,22/08/2023,6:50:00 am,L. McKiernan,Female,74,Native American/Alaska Native,Renal,Admission,,30
656-96-8620,22/08/2023,3:53:00 am,W. Chetwin,Female,18,Declined to Identify,None,Not Admission,,10
690-60-3044,22/08/2023,10:25:00 pm,U. Clew,Female,2,African American,Cardiology,Admission,,55
517-78-7068,22/07/2024,2:03:00 am,U. Larvin,Male,7,White,None,Admission,8,47
572-35-3820,22/07/2024,6:15:00 pm,L. Ferran,Male,42,White,Cardiology,Not Admission,7,41
877-34-2759,22/07/2024,3:04:00 pm,W. Craster,Male,49,Declined to Identify,None,Admission,,29
282-23-4796,22/07/2024,1:14:00 am,E. Loyd,Male,77,Native American/Alaska Native,None,Admission,,36
623-08-5116,22/07/2024,4:17:00 am,J. Jessen,Male,78,African American,None,Admission,0,49
459-19-7205,22/07/2024,11:15:00 pm,S. Semmence,Female,8,African American,None,Admission,,57
881-12-0948,22/07/2024,3:57:00 am,G. Helmke,Female,64,Native American/Alaska Native,General Practice,Not Admission,,22
263-72-7906,22/07/2024,6:50:00 pm,P. Yegorkin,Female,58,African American,General Practice,Admission,,26
163-30-8422,22/07/2023,11:39:00 am,E. Birdwhistell,Male,17,White,General Practice,Admission,,31
479-72-7618,22/07/2023,11:20:00 pm,P. Caswill,Male,76,White,Neurology,Admission,,60
805-02-0749,22/07/2023,8:52:00 am,K. Milton-White,Female,26,African American,Physiotherapy,Not Admission,,40
743-05-9830,22/07/2023,2:37:00 pm,E. Coslett,Male,12,Asian,Orthopedics,Admission,,47
210-75-3667,22/07/2023,6:43:00 pm,Z. Lathan,Male,74,Declined to Identify,None,Admission,,16
573-44-5218,22/07/2023,12:42:00 pm,C. Cottam,Male,33,Two or More Races,None,Admission,,17
181-11-9701,22/07/2023,12:04:00 am,R. Wetwood,Female,79,Declined to Identify,None,Not Admission,,44
861-34-7638,22/07/2023,2:30:00 pm,I. Provis,Female,1,Two or More Races,None,Admission,,27
127-31-5492,22/07/2023,4:58:00 pm,M. Brisley,Male,66,African American,None,Admission,,32
752-09-3325,22/07/2023,10:47:00 pm,U. Godsmark,Female,29,Asian,None,Admission,4,40
444-03-4235,22/07/2023,2:29:00 am,G. Aiskrigg,Female,29,African American,General Practice,Not Admission,,12
615-67-6851,22/07/2023,5:25:00 am,J. MacPaden,Female,8,White,Neurology,Admission,,50
523-01-7161,22/07/2023,10:15:00 pm,D. Edson,Male,7,African American,None,Admission,5,12
831-73-1879,22/07/2023,6:11:00 pm,Q. Simon,Female,47,Two or More Races,None,Not Admission,4,59
536-49-3021,22/07/2023,7:56:00 pm,A. Hullbrook,Female,8,African American,General Practice,Not Admission,,22
407-40-5782,22/07/2023,10:19:00 pm,G. Farron,Male,26,White,Orthopedics,Not Admission,,23
358-19-9800,22/07/2023,3:13:00 am,S. Berisford,Female,72,Two or More Races,None,Not Admission,3,44
845-06-7247,22/07/2023,2:59:00 am,Z. Sandys,Female,49,White,Neurology,Admission,10,11
387-55-4585,22/07/2023,2:13:00 am,T. Lancashire,Female,7,White,General Practice,Admission,7,40
133-74-7626,22/06/2024,3:22:00 am,T. Lothean,Female,71,Declined to Identify,None,Admission,,46
795-71-6463,22/06/2024,11:34:00 pm,P. McCarty,Female,12,Asian,Orthopedics,Not Admission,,56
405-64-0256,22/06/2024,4:45:00 am,Y. Topling,Female,64,White,None,Not Admission,,51
399-44-4124,22/06/2024,5:40:00 pm,N. Hillen,Male,46,African American,Physiotherapy,Not Admission,,49
401-49-3657,22/06/2024,1:43:00 am,V. Benbough,Female,10,African American,None,Admission,,16
863-91-3510,22/06/2024,3:19:00 am,E. Snelgar,Female,56,African American,None,Not Admission,,32
763-18-6760,22/06/2024,10:09:00 am,K. Leatt,Male,43,African American,General Practice,Admission,6,12
703-85-9077,22/06/2024,7:36:00 pm,O. Chezier,Female,25,Pacific Islander,None,Admission,5,21
507-24-3607,22/06/2024,1:15:00 am,E. Clyburn,Female,2,African American,Physiotherapy,Admission,,15
183-04-5484,22/06/2024,4:24:00 pm,D. Ancell,Male,47,Declined to Identify,None,Not Admission,10,13
699-27-8178,22/06/2024,6:07:00 am,E. Ascraft,Female,34,Declined to Identify,Renal,Not Admission,5,50
888-70-5454,22/06/2024,5:21:00 am,Q. Bolsteridge,Female,16,African American,None,Admission,,41
557-57-3240,22/06/2023,12:26:00 pm,I. Gethins,Male,42,African American,None,Not Admission,,55
641-55-4227,22/06/2023,8:23:00 pm,X. Edeson,Female,2,African American,None,Not Admission,,27
711-41-6622,22/06/2023,9:58:00 pm,M. Geelan,Female,23,White,None,Not Admission,4,32
193-59-9441,22/06/2023,8:43:00 am,B. Dumbellow,Male,37,Asian,None,Not Admission,,50
508-43-6247,22/06/2023,6:39:00 am,F. Straneo,Female,7,Declined to Identify,None,Admission,,55
142-24-2360,22/06/2023,5:53:00 am,O. Sheward,Female,67,African American,Orthopedics,Not Admission,2,60
679-38-3458,22/06/2023,10:39:00 pm,W. Trustram,Female,24,African American,None,Not Admission,0,29
543-61-6058,22/06/2023,6:07:00 am,B. Hathway,Male,73,Declined to Identify,Gastroenterology,Admission,,52
767-42-4576,22/06/2023,6:20:00 pm,M. End,Male,22,African American,Orthopedics,Not Admission,,22
147-94-6823,22/06/2023,2:57:00 am,P. Coulthart,Male,50,African American,Orthopedics,Admission,,51
258-48-2258,22/06/2023,11:33:00 pm,T. Lyons,Male,41,African American,None,Not Admission,4,46
129-10-3775,22/06/2023,1:44:00 pm,G. Blaydon,Male,11,Two or More Races,Orthopedics,Admission,,20
403-12-1184,22/06/2023,2:11:00 am,T. Thieme,Female,29,Two or More Races,General Practice,Not Admission,,19
414-23-6748,22/06/2023,3:56:00 am,Y. Wonham,Male,49,Declined to Identify,Physiotherapy,Not Admission,,49
323-84-1604,22/06/2023,8:32:00 pm,P. Yeld,Female,19,White,None,Not Admission,,52
794-61-8016,22/06/2023,3:08:00 pm,C. Ceney,Male,22,Pacific Islander,None,Admission,,41
755-10-1498,22/06/2023,7:08:00 am,L. Kettle,Female,47,Asian,None,Admission,,35
458-33-0984,22/06/2023,11:06:00 pm,G. Le Port,Male,35,Two or More Races,None,Not Admission,,22
234-94-2985,22/06/2023,11:50:00 pm,P. Garlee,Female,22,Declined to Identify,Cardiology,Not Admission,7,41
441-98-1360,22/06/2023,6:33:00 am,M. Agget,Female,19,White,General Practice,Admission,,59
695-67-1022,22/06/2023,4:31:00 am,D. Novis,Male,26,White,None,Admission,,31
233-10-7135,22/06/2023,4:40:00 am,U. Berendsen,Female,24,White,None,Not Admission,,20
365-49-2465,22/06/2023,1:29:00 am,V. Souza,Male,35,Declined to Identify,None,Admission,,14
835-64-0452,22/06/2023,9:13:00 am,Y. Bereford,Male,41,Declined to Identify,None,Admission,,58
840-02-8126,22/06/2023,2:28:00 pm,D. Parnby,Female,45,African American,None,Admission,2,12
472-84-7278,22/06/2023,12:42:00 am,W. Needham,Male,73,Two or More Races,None,Admission,,34
670-58-4395,22/05/2024,12:13:00 am,K. Garbutt,Female,10,Asian,None,Admission,,33
881-96-9420,22/05/2024,9:32:00 pm,D. Glamart,Male,29,Declined to Identify,General Practice,Not Admission,7,49
793-82-0278,22/05/2024,10:46:00 pm,T. Kettle,Male,76,Two or More Races,None,Not Admission,5,40
388-99-0499,22/05/2024,1:55:00 pm,S. Millins,Female,40,Pacific Islander,None,Admission,8,36
333-77-2455,22/05/2024,7:40:00 am,D. Eaglesham,Female,58,Two or More Races,None,Admission,,28
643-42-0906,22/05/2024,4:52:00 am,T. Barrett,Female,46,Two or More Races,Orthopedics,Not Admission,,20
418-18-9350,22/05/2024,9:20:00 pm,R. Whitehorne,Male,38,White,Physiotherapy,Admission,,15
660-26-9221,22/05/2024,9:06:00 am,Z. Blaylock,Female,51,African American,General Practice,Not Admission,3,52
596-31-5134,22/05/2024,1:54:00 pm,Q. Danielkiewicz,Female,1,Declined to Identify,None,Admission,,21
226-26-8565,22/05/2024,6:30:00 pm,R. Broadhurst,Male,40,Pacific Islander,Orthopedics,Not Admission,,51
795-38-1074,22/05/2024,6:08:00 pm,M. Ricold,Male,6,African American,None,Admission,2,22
118-84-0022,22/05/2024,1:33:00 am,F. Sarjant,Female,10,Two or More Races,None,Admission,2,29
837-41-0932,22/05/2024,1:45:00 am,H. Christophersen,Female,10,Two or More Races,None,Admission,10,31
216-51-7362,22/05/2024,2:29:00 am,K. Cowles,Male,42,Asian,Physiotherapy,Not Admission,,43
665-30-9119,22/05/2024,3:49:00 pm,A. Brenston,Male,69,Declined to Identify,General Practice,Admission,8,53
176-25-2920,22/05/2024,1:05:00 am,B. Shanklin,Female,1,African American,Orthopedics,Admission,,39
442-97-4394,22/05/2024,4:23:00 pm,F. Deakins,Female,60,African American,Orthopedics,Not Admission,,47
563-85-4444,22/05/2024,7:09:00 am,S. Vickerman,Male,2,Declined to Identify,None,Admission,6,56
506-94-2779,22/05/2024,9:48:00 am,B. Cornew,Female,74,White,None,Not Admission,,51
883-21-7443,22/05/2024,3:16:00 pm,G. Winnett,Female,68,Two or More Races,None,Not Admission,,20
612-69-6427,22/05/2024,2:25:00 am,M. Stockings,Male,38,White,Orthopedics,Admission,,38
562-91-4704,22/05/2024,7:50:00 am,R. Greenslade,Male,44,Two or More Races,None,Not Admission,,45
435-27-7132,22/05/2023,12:55:00 am,Q. Gonthier,Male,61,White,General Practice,Not Admission,,30
580-60-8042,22/05/2023,11:44:00 am,H. Fairtlough,Male,14,African American,General Practice,Not Admission,2,21
217-68-5823,22/05/2023,11:11:00 pm,D. Minto,Female,43,White,None,Not Admission,,30
836-68-7524,22/05/2023,6:07:00 am,Y. Eisak,Female,4,Pacific Islander,None,Admission,3,60
871-78-2945,22/05/2023,5:40:00 am,F. Claworth,Male,56,White,None,Admission,,20
627-66-0665,22/05/2023,4:23:00 pm,N. Sibbert,Male,56,White,None,Not Admission,6,24
484-76-9868,22/05/2023,6:02:00 pm,S. Casarino,Female,44,Pacific Islander,None,Not Admission,1,27
222-74-5629,22/05/2023,9:04:00 am,H. Tran,Male,31,White,None,Not Admission,,42
620-87-4388,22/05/2023,1:34:00 pm,O. Killby,Male,79,African American,None,Not Admission,,18
306-08-1494,22/05/2023,9:41:00 am,C. MacInnes,Female,69,Two or More Races,None,Not Admission,,60
769-03-0157,22/05/2023,9:56:00 am,F. Sisland,Female,50,White,General Practice,Not Admission,,60
352-97-4533,22/05/2023,6:06:00 pm,X. Bedbury,Male,46,Two or More Races,Neurology,Not Admission,1,20
651-85-9191,22/05/2023,8:44:00 pm,W. Counihan,Male,50,Two or More Races,Orthopedics,Admission,,56
571-81-9747,22/05/2023,4:40:00 am,S. Regorz,Female,65,Pacific Islander,None,Not Admission,,23
110-12-8128,22/05/2023,9:49:00 am,D. Scoates,Male,79,Pacific Islander,None,Admission,7,15
229-63-8890,22/05/2023,1:54:00 pm,P. Caddick,Female,30,White,None,Admission,,20
277-46-7550,22/05/2023,1:08:00 am,Y. Cleverly,Female,46,African American,Renal,Admission,,11
374-86-5785,22/05/2023,11:09:00 pm,L. MacKim,Male,42,White,Gastroenterology,Admission,,51
344-36-7156,22/05/2023,4:48:00 pm,M. Mandell,Female,44,Asian,None,Not Admission,2,51
436-34-8687,22/05/2023,3:25:00 pm,U. Armytage,Female,22,Asian,Cardiology,Admission,,56
810-65-3273,22/05/2023,8:32:00 am,D. Philbrook,Male,79,White,Physiotherapy,Not Admission,,57
483-31-5667,22/04/2024,11:23:00 pm,V. Garrand,Female,72,Declined to Identify,General Practice,Not Admission,,16
713-04-2906,22/04/2024,7:26:00 am,N. McClymont,Female,45,African American,None,Admission,9,41
168-64-3036,22/04/2024,11:21:00 pm,T. Casarini,Male,78,White,Orthopedics,Not Admission,,49
115-72-7138,22/04/2024,6:33:00 pm,T. Guinnane,Female,21,White,Orthopedics,Admission,10,18
748-19-0239,22/04/2024,4:05:00 am,M. Lared,Male,3,Two or More Races,None,Admission,,54
509-61-3723,22/04/2024,8:27:00 am,K. Huitt,Male,41,African American,None,Not Admission,,48
773-78-9065,22/04/2024,7:35:00 pm,M. Getcliffe,Female,18,Native American/Alaska Native,General Practice,Not Admission,,12
115-63-3012,22/04/2024,4:05:00 am,P. Grigoriscu,Male,52,White,None,Not Admission,1,57
189-34-0360,22/04/2024,8:23:00 am,E. Guyton,Male,7,Two or More Races,None,Not Admission,,60
589-77-8568,22/04/2024,8:42:00 am,L. Posthill,Male,2,Two or More Races,None,Admission,,29
414-85-6039,22/04/2024,10:53:00 am,Y. Nestle,Female,30,Declined to Identify,Neurology,Not Admission,,48
592-54-1896,22/04/2024,5:39:00 am,N. Gallyhaock,Female,47,African American,None,Not Admission,,24
318-60-0594,22/04/2024,6:14:00 am,S. Poundsford,Male,76,African American,None,Admission,,33
714-85-9231,22/04/2024,3:17:00 am,I. Kenrick,Male,72,White,None,Not Admission,,34
265-22-3801,22/04/2024,11:06:00 am,U. Rodrig,Female,55,Two or More Races,Neurology,Not Admission,1,42
327-41-8014,22/04/2024,10:30:00 am,L. Keating,Male,21,White,None,Not Admission,,15
213-04-4901,22/04/2024,4:59:00 am,L. Zum Felde,Male,21,Asian,None,Admission,,13
884-39-7616,22/04/2024,8:31:00 pm,K. Keighley,Male,72,White,None,Admission,0,55
240-88-0226,22/04/2024,5:34:00 pm,P. Christofides,Female,34,Native American/Alaska Native,Orthopedics,Admission,10,12
856-18-1103,22/04/2024,10:23:00 am,G. Simakov,Male,19,African American,None,Admission,,54
896-52-6863,22/04/2024,10:00:00 am,N. McGettrick,Female,39,White,None,Admission,10,59
436-77-3709,22/04/2023,4:54:00 am,O. Silverton,Male,30,Asian,None,Not Admission,,58
249-32-3203,22/04/2023,12:30:00 pm,C. Rasell,Female,50,Two or More Races,None,Not Admission,,24
401-25-3976,22/04/2023,5:57:00 pm,F. Bagge,Female,50,African American,None,Admission,,26
745-12-9434,22/04/2023,9:18:00 am,A. Stanier,Female,59,White,General Practice,Admission,,51
292-43-0162,22/04/2023,1:50:00 pm,T. Mose,Male,55,White,None,Admission,,28
261-20-6037,22/04/2023,10:10:00 pm,A. Whitemarsh,Female,58,White,General Practice,Not Admission,5,35
780-36-8575,22/04/2023,9:28:00 am,J. Gopsill,Female,33,Asian,None,Not Admission,,24
304-29-9773,22/04/2023,9:32:00 pm,E. Otley,Female,43,White,General Practice,Not Admission,,55
744-01-1240,22/04/2023,6:46:00 pm,C. Jindrich,Male,68,White,Orthopedics,Admission,,12
505-95-5668,22/04/2023,10:42:00 pm,Y. Joannidi,Male,74,White,General Practice,Not Admission,,58
258-75-3793,22/04/2023,2:11:00 pm,E. Trayte,Male,71,Asian,General Practice,Admission,,57
143-31-5826,22/04/2023,12:44:00 am,W. Posnette,Male,44,White,None,Admission,,37
771-52-0904,22/04/2023,12:52:00 pm,V. Coonihan,Male,59,African American,None,Admission,6,28
777-79-9434,22/04/2023,1:06:00 am,M. Gillespie,Male,55,Two or More Races,None,Admission,,25
311-11-5300,22/04/2023,12:04:00 pm,Q. Conant,Male,58,African American,None,Admission,,10
127-97-8438,22/04/2023,2:07:00 am,S. Caney,Male,72,White,General Practice,Not Admission,,21
360-54-2856,22/04/2023,9:37:00 pm,Z. Allcroft,Male,29,Asian,None,Not Admission,9,45
473-65-5654,22/04/2023,6:25:00 pm,B. Champneys,Female,36,Asian,None,Admission,,26
760-50-9495,22/03/2024,10:20:00 am,R. Grubey,Male,6,African American,General Practice,Admission,,44
241-71-9050,22/03/2024,3:48:00 pm,I. Yanov,Male,39,Declined to Identify,General Practice,Not Admission,,52
389-45-4781,22/03/2024,12:09:00 am,P. Aynold,Female,24,White,None,Not Admission,,15
123-98-2462,22/03/2024,7:00:00 am,C. Brittain,Male,65,White,None,Admission,,33
733-31-0767,22/03/2024,12:20:00 pm,M. Mullany,Male,53,Asian,None,Admission,,29
507-87-0166,22/03/2024,5:03:00 pm,T. Plevin,Male,2,Two or More Races,None,Not Admission,10,14
300-76-1975,22/03/2024,6:01:00 pm,W. Tooby,Male,19,White,None,Admission,,54
811-97-1091,22/03/2024,8:34:00 am,S. Ryal,Female,61,White,Orthopedics,Admission,,53
242-66-6759,22/03/2024,4:56:00 pm,G. Healings,Male,15,Declined to Identify,None,Admission,,24
887-86-8057,22/03/2024,1:28:00 pm,W. Isaak,Female,16,Asian,None,Admission,,14
790-42-7993,22/03/2024,12:43:00 am,K. McDoual,Male,29,African American,None,Admission,,25
844-81-9989,22/03/2024,2:48:00 am,C. Veldens,Femaleemale,17,African American,General Practice,Admission,,27
515-56-0003,22/03/2024,9:49:00 pm,P. Fluin,Female,37,Asian,Physiotherapy,Not Admission,8,41
231-43-5762,22/03/2024,11:43:00 pm,X. Northam,Male,74,White,Orthopedics,Admission,1,45
250-32-8345,22/03/2024,5:46:00 pm,M. Presley,Female,63,Pacific Islander,None,Not Admission,,27
132-29-2684,22/03/2024,8:17:00 pm,L. Bondar,Female,8,Declined to Identify,None,Not Admission,,48
763-50-4006,22/02/2024,11:50:00 pm,J. McReedy,Male,5,White,None,Admission,,33
691-45-0118,22/02/2024,6:32:00 pm,P. Ofield,Female,3,White,General Practice,Admission,,51
679-62-5186,22/02/2024,5:58:00 pm,Q. Burdoun,Male,78,Declined to Identify,None,Not Admission,,38
330-83-0888,22/02/2024,12:07:00 pm,T. Brian,Male,20,Native American/Alaska Native,None,Admission,9,18
890-65-9881,22/02/2024,8:27:00 am,P. Lawrance,Female,65,White,None,Admission,,36
867-81-0165,22/02/2024,6:30:00 am,R. Bricket,Male,47,White,None,Admission,,58
804-64-6939,22/02/2024,5:38:00 am,R. Jukubczak,Female,70,Two or More Races,None,Not Admission,,39
344-79-1146,22/02/2024,1:51:00 pm,T. Jeffcoate,Female,13,African American,None,Admission,,45
632-44-8851,22/02/2024,4:06:00 pm,Q. Aicken,Female,32,Declined to Identify,General Practice,Admission,,39
243-26-2463,22/02/2024,4:38:00 pm,P. Mongan,Female,72,White,None,Admission,,14
461-29-9107,22/02/2024,4:28:00 pm,N. Torbard,Male,73,African American,Orthopedics,Not Admission,8,32
239-13-8585,22/02/2024,4:40:00 pm,Y. Kielt,Female,45,African American,None,Admission,,21
857-28-7777,22/02/2024,7:14:00 pm,X. Markushkin,Female,38,African American,General Practice,Not Admission,5,46
825-23-7126,22/02/2024,10:52:00 am,W. Clarke-Williams,Female,42,Two or More Races,Gastroenterology,Not Admission,,54
523-22-4909,22/02/2024,12:10:00 am,D. Brimilcome,Male,23,Two or More Races,General Practice,Not Admission,,47
585-23-3839,22/02/2024,4:34:00 pm,S. Salway,Male,59,African American,Gastroenterology,Admission,10,46
843-76-4020,22/01/2024,3:35:00 am,O. Bussy,Female,79,White,Orthopedics,Admission,7,14
114-90-7587,22/01/2024,4:33:00 pm,P. Beaconsall,Female,69,White,None,Admission,,52
259-62-7456,22/01/2024,10:57:00 pm,K. Wragge,Male,30,Asian,Neurology,Admission,,51
176-79-9558,22/01/2024,9:16:00 am,X. Woolmington,Female,43,Native American/Alaska Native,Orthopedics,Admission,,24
536-22-5483,22/01/2024,8:23:00 am,B. Ableson,Male,54,African American,General Practice,Admission,5,36
315-68-5001,22/01/2024,6:26:00 am,R. Bartunek,Male,2,Asian,None,Not Admission,,44
290-02-3208,22/01/2024,6:34:00 pm,V. Brookesbie,Female,46,Two or More Races,None,Not Admission,,57
791-36-7512,22/01/2024,1:02:00 pm,V. Piddle,Male,8,Two or More Races,None,Not Admission,,45
562-75-3780,22/01/2024,10:50:00 pm,V. Cuschieri,Female,65,Two or More Races,General Practice,Not Admission,,17
248-79-4235,22/01/2024,1:20:00 am,L. Peake,Male,20,African American,Orthopedics,Not Admission,10,56
568-76-0444,22/01/2024,4:43:00 pm,U. Doxsey,Female,74,Two or More Races,General Practice,Not Admission,,18
598-65-6510,22/01/2024,12:02:00 am,Q. Scadden,Male,66,African American,None,Admission,6,58
672-52-6379,22/01/2024,4:05:00 am,Q. Fausset,Female,19,White,None,Not Admission,4,35
823-59-0840,22/01/2024,5:47:00 am,P. Sekulla,Male,26,Declined to Identify,None,Admission,,13
782-38-8963,22/01/2024,4:48:00 am,B. Bricksey,Female,76,Two or More Races,General Practice,Admission,,40
758-87-8577,22/01/2024,12:37:00 pm,G. Haseldine,Female,44,Asian,None,Admission,,30
104-42-4856,21/12/2023,4:08:00 am,D. Kynett,Female,13,Two or More Races,None,Not Admission,,27
183-34-1466,21/12/2023,1:57:00 pm,V. Antoons,Male,79,Pacific Islander,General Practice,Not Admission,,40
294-40-5812,21/12/2023,5:05:00 pm,D. McQuilliam,Female,79,Two or More Races,None,Admission,,55
330-70-2830,21/12/2023,7:58:00 pm,M. Eneas,Male,44,White,Orthopedics,Not Admission,0,26
815-37-9502,21/12/2023,4:38:00 am,X. Hammerstone,Female,72,White,None,Admission,8,57
859-60-6499,21/12/2023,11:33:00 am,P. Juzek,Male,10,African American,None,Not Admission,0,30
655-02-7368,21/12/2023,10:55:00 pm,Q. Church,Male,79,African American,General Practice,Admission,,32
109-14-1904,21/12/2023,7:42:00 am,I. O'Scollee,Male,9,Declined to Identify,None,Admission,,55
429-41-6860,21/12/2023,2:54:00 pm,A. Seacroft,Male,40,Native American/Alaska Native,Orthopedics,Admission,,29
340-37-0758,21/12/2023,2:38:00 pm,R. Feldman,Female,73,White,None,Not Admission,,29
231-15-8623,21/12/2023,4:09:00 pm,T. Edgerton,Male,40,Two or More Races,None,Not Admission,,12
457-45-2849,21/12/2023,7:20:00 am,D. Stert,Male,8,Pacific Islander,None,Admission,,41
818-37-3389,21/12/2023,4:50:00 pm,F. Bukowski,Male,41,Asian,None,Not Admission,2,29
338-68-5955,21/12/2023,2:49:00 pm,E. Maxwell,Female,79,African American,None,Not Admission,,51
625-63-4515,21/12/2023,8:26:00 pm,F. Merriment,Male,57,White,General Practice,Not Admission,,52
353-59-9498,21/12/2023,8:54:00 pm,K. Haggar,Male,25,Pacific Islander,Cardiology,Admission,,22
280-79-5942,21/12/2023,8:50:00 am,J. Harron,Female,46,African American,None,Not Admission,10,34
494-38-7066,21/12/2023,4:04:00 pm,P. O' Liddy,Male,49,White,None,Not Admission,,56
143-35-2643,21/12/2023,1:45:00 pm,V. Link,Female,46,Two or More Races,None,Admission,4,39
248-90-1365,21/11/2023,4:42:00 am,V. Kobpal,Male,65,Two or More Races,General Practice,Not Admission,,45
141-27-6330,21/11/2023,12:34:00 pm,M. Pybus,Male,19,Declined to Identify,General Practice,Not Admission,,58
214-94-6329,21/11/2023,1:59:00 pm,K. Le feuvre,Male,27,White,Cardiology,Not Admission,0,58
303-39-9969,21/11/2023,11:42:00 am,T. Thor,Male,48,Pacific Islander,None,Admission,10,22
760-05-0091,21/11/2023,12:18:00 pm,K. Putley,Male,14,Asian,None,Admission,,49
641-44-1366,21/11/2023,4:13:00 am,B. Witherop,Female,22,African American,None,Not Admission,,48
208-13-0472,21/11/2023,2:41:00 am,E. Morais,Female,45,White,General Practice,Not Admission,,25
763-76-9073,21/11/2023,3:32:00 am,D. Ralph,Male,63,White,None,Admission,5,14
425-45-8845,21/11/2023,7:18:00 pm,G. Mackiewicz,Female,10,Two or More Races,Orthopedics,Not Admission,9,11
796-12-8821,21/11/2023,12:08:00 pm,I. Laval,Female,4,Pacific Islander,Cardiology,Admission,,25
893-18-5714,21/11/2023,2:41:00 pm,O. Gambie,Female,49,Asian,None,Admission,,48
342-34-8074,21/11/2023,2:33:00 am,C. Oxtarby,Male,76,Asian,None,Not Admission,,13
547-30-8126,21/11/2023,4:24:00 am,U. Vause,Female,34,Two or More Races,Physiotherapy,Admission,,20
591-35-0584,21/10/2024,8:48:00 pm,C. Valerio,Male,22,African American,Neurology,Admission,,42
566-56-3998,21/10/2024,9:33:00 pm,R. Mallia,Male,76,Declined to Identify,General Practice,Not Admission,9,41
858-63-0712,21/10/2024,5:30:00 pm,P. Scawen,Male,5,White,General Practice,Admission,2,43
492-30-2957,21/10/2024,3:42:00 pm,C. Curds,Female,74,Pacific Islander,None,Admission,,24
229-27-7861,21/10/2024,7:51:00 pm,Q. Attwater,Male,41,White,Orthopedics,Admission,7,10
806-06-2745,21/10/2024,4:23:00 am,K. Champniss,Female,52,White,None,Not Admission,,12
675-74-4830,21/10/2024,7:52:00 pm,A. MacCosto,Female,75,Two or More Races,Orthopedics,Not Admission,,53
664-09-7964,21/10/2024,9:02:00 pm,N. O'Dulchonta,Male,63,White,None,Admission,,13
659-67-6667,21/10/2024,2:00:00 pm,J. Schermick,Female,72,White,None,Admission,,52
304-54-7969,21/10/2024,9:16:00 pm,K. Mandifield,Female,44,White,General Practice,Admission,,24
475-18-2855,21/10/2024,5:01:00 pm,M. Itzkovich,Male,10,Declined to Identify,General Practice,Not Admission,,31
520-32-2321,21/10/2024,12:05:00 pm,X. Antrack,Female,35,Two or More Races,Orthopedics,Not Admission,4,13
300-84-9983,21/10/2024,5:34:00 pm,H. Gaiford,Male,72,African American,General Practice,Not Admission,,44
605-89-6750,21/10/2024,4:12:00 am,H. Scryne,Female,55,Asian,General Practice,Admission,,55
731-75-7101,21/10/2024,11:48:00 am,S. Simkovitz,Female,64,African American,Orthopedics,Admission,,30
134-32-5074,21/10/2024,8:37:00 pm,K. Gwyneth,Female,69,Two or More Races,None,Admission,0,29
234-16-7761,21/10/2024,9:35:00 pm,D. Brokenshire,Male,52,White,None,Not Admission,,13
324-04-2087,21/10/2023,1:00:00 pm,G. Bernardi,Male,20,African American,None,Admission,7,51
788-24-5958,21/10/2023,7:50:00 pm,O. Willford,Female,78,White,None,Admission,,22
221-43-1135,21/10/2023,9:41:00 pm,G. Bruford,Male,34,Native American/Alaska Native,None,Admission,7,14
203-04-2783,21/10/2023,9:51:00 pm,L. Deverson,Male,50,White,General Practice,Not Admission,1,42
216-12-9662,21/10/2023,11:58:00 am,K. Hourigan,Male,46,Asian,General Practice,Admission,,54
184-86-0569,21/10/2023,10:11:00 am,V. Kilcullen,Female,41,Asian,Gastroenterology,Admission,1,10
299-74-5940,21/10/2023,4:20:00 am,G. Bern,Male,46,African American,General Practice,Admission,9,17
351-19-3715,21/10/2023,8:42:00 pm,F. Gregson,Male,71,Two or More Races,General Practice,Not Admission,2,18
671-57-4844,21/10/2023,3:34:00 am,L. Algate,Male,34,Declined to Identify,None,Not Admission,,23
131-71-6388,21/10/2023,6:42:00 pm,A. Kunzler,Male,60,White,Orthopedics,Not Admission,,16
125-71-2639,21/10/2023,10:19:00 am,G. O'Neill,Female,51,African American,Cardiology,Admission,,33
743-43-7438,21/10/2023,10:28:00 pm,K. Sexty,Female,4,White,None,Admission,,19
265-75-4107,21/10/2023,10:08:00 pm,M. Alebrooke,Female,73,Two or More Races,General Practice,Not Admission,,48
158-48-9575,21/10/2023,2:04:00 am,F. Cirlos,Female,8,Declined to Identify,None,Not Admission,,58
716-69-2537,21/10/2023,7:39:00 am,T. Reubens,Male,33,Two or More Races,General Practice,Not Admission,,32
649-44-3448,21/10/2023,1:35:00 pm,Z. Worsall,Male,36,White,None,Admission,9,25
532-11-6360,21/10/2023,5:16:00 am,G. Toffalo,Male,26,Asian,None,Not Admission,,37
592-21-1803,21/10/2023,1:01:00 am,Y. Saladine,Female,46,White,General Practice,Admission,5,24
714-05-3336,21/09/2024,9:20:00 am,N. Quernel,Female,73,Two or More Races,None,Not Admission,1,38
863-59-4383,21/09/2024,11:52:00 pm,H. Noirel,Male,2,African American,General Practice,Admission,4,60
198-94-3682,21/09/2024,7:58:00 am,T. Cisec,Female,55,White,None,Not Admission,6,27
624-25-1217,21/09/2024,7:30:00 pm,Q. Maypother,Female,68,Pacific Islander,Physiotherapy,Admission,,58
609-06-0462,21/09/2024,7:49:00 pm,X. Butlin,Female,61,Declined to Identify,General Practice,Not Admission,,21
685-09-0114,21/09/2024,1:59:00 pm,Z. Skerman,Female,13,White,None,Admission,,40
886-30-7411,21/09/2024,9:05:00 pm,G. Breffit,Male,37,Asian,None,Not Admission,,52
166-24-3928,21/09/2024,5:12:00 am,M. Popham,Female,70,Asian,General Practice,Admission,,13
609-31-7544,21/09/2024,10:15:00 pm,X. Franchi,Female,74,Declined to Identify,None,Admission,,34
106-58-3767,21/09/2024,5:30:00 am,Z. Briance,Female,10,African American,None,Not Admission,,43
187-33-6988,21/09/2024,6:00:00 am,Z. Scotfurth,Male,64,Asian,General Practice,Not Admission,,10
233-24-4968,21/09/2024,8:59:00 pm,Q. Knapman,Male,49,Asian,None,Admission,,56
791-12-6186,21/09/2024,9:12:00 pm,K. Thomann,Male,68,Asian,Orthopedics,Not Admission,,22
329-89-5170,21/09/2024,2:49:00 pm,E. McOwan,Male,62,White,None,Not Admission,,15
437-61-1608,21/09/2024,7:46:00 am,E. Quickfall,Female,13,White,None,Admission,,24
139-07-0452,21/09/2024,9:29:00 am,K. McGarva,Male,20,Declined to Identify,Orthopedics,Admission,3,57
651-52-1504,21/09/2024,2:11:00 am,E. Brockley,Male,15,Pacific Islander,Orthopedics,Not Admission,,45
195-72-1556,21/09/2024,4:16:00 am,N. Blues,Female,74,Two or More Races,None,Not Admission,4,26
756-49-1111,21/09/2024,4:35:00 am,J. Pieper,Female,3,Two or More Races,None,Admission,5,22
731-89-5373,21/09/2024,6:44:00 pm,C. Jonson,Female,30,White,General Practice,Not Admission,,60
431-94-9771,21/09/2024,9:29:00 pm,P. McKnish,Male,54,Two or More Races,None,Not Admission,1,26
540-13-9723,21/09/2023,2:31:00 am,X. Kettel,Female,74,African American,None,Admission,,18
343-51-8410,21/09/2023,6:02:00 pm,W. Silverlock,Male,36,White,None,Admission,,28
496-47-5279,21/09/2023,3:03:00 pm,C. Malitrott,Female,73,White,Orthopedics,Admission,4,40
442-29-7761,21/09/2023,9:22:00 am,Y. Gummer,Male,8,Native American/Alaska Native,None,Admission,,13
609-71-3159,21/09/2023,9:35:00 pm,U. Kean,Male,24,Pacific Islander,General Practice,Admission,,16
228-10-0070,21/09/2023,3:51:00 pm,Y. Towle,Female,73,White,None,Admission,10,10
583-46-6074,21/09/2023,3:59:00 pm,O. Caine,Female,65,Pacific Islander,General Practice,Not Admission,8,47
527-81-7213,21/09/2023,9:46:00 pm,Z. Chidwick,Female,22,African American,None,Not Admission,,60
254-12-3223,21/09/2023,3:41:00 pm,J. Noyce,Female,10,Two or More Races,None,Admission,10,16
199-38-6785,21/09/2023,1:29:00 pm,G. Fullick,Female,19,Native American/Alaska Native,None,Not Admission,5,53
800-68-0100,21/09/2023,4:47:00 am,X. Crier,Male,51,African American,None,Not Admission,,14
351-50-7892,21/09/2023,7:46:00 pm,N. Eastam,Female,2,Native American/Alaska Native,None,Admission,,47
262-59-2169,21/09/2023,4:20:00 am,U. Stickins,Male,72,Asian,Renal,Admission,,30
108-24-4463,21/09/2023,6:33:00 am,I. McIlvoray,Male,46,Declined to Identify,Gastroenterology,Not Admission,2,33
403-48-2643,21/09/2023,7:14:00 am,T. Kimbury,Female,62,African American,General Practice,Not Admission,,40
854-61-3541,21/08/2024,1:01:00 am,U. Lightman,Male,27,White,None,Not Admission,,11
849-30-0675,21/08/2024,4:20:00 am,U. Fitzsimon,Male,35,Two or More Races,Orthopedics,Not Admission,,15
674-10-3099,21/08/2024,3:33:00 am,V. Hoyt,Male,67,Declined to Identify,General Practice,Admission,5,60
790-85-7398,21/08/2024,9:25:00 am,H. Jerdon,Female,41,Pacific Islander,None,Admission,4,32
321-01-1823,21/08/2024,3:10:00 am,U. Arndt,Male,41,Declined to Identify,General Practice,Not Admission,,16
587-16-0608,21/08/2024,12:49:00 pm,U. Hilley,Female,53,Asian,None,Not Admission,,11
895-22-2501,21/08/2024,3:06:00 pm,Z. Bleasdille,Female,20,Declined to Identify,None,Not Admission,,41
568-58-7867,21/08/2024,5:31:00 am,H. McGilvary,Female,62,White,Cardiology,Not Admission,,28
502-99-0067,21/08/2024,8:53:00 am,H. Healy,Male,67,Pacific Islander,None,Admission,,46
753-92-5377,21/08/2024,5:38:00 am,C. Elcoux,Male,46,Two or More Races,Physiotherapy,Admission,,26
513-36-1037,21/08/2023,2:28:00 am,Z. Branchflower,Female,69,White,General Practice,Not Admission,7,22
178-06-0072,21/08/2023,7:59:00 pm,J. Dietsche,Male,5,African American,None,Not Admission,1,59
168-19-7400,21/08/2023,9:47:00 am,W. Grebbin,Female,49,White,Orthopedics,Admission,8,43
712-85-4431,21/08/2023,4:47:00 am,P. Trewman,Male,35,African American,General Practice,Admission,9,35
784-61-7194,21/08/2023,2:23:00 am,A. Menguy,Female,17,Pacific Islander,None,Admission,,23
754-84-7965,21/08/2023,11:16:00 pm,O. Von Brook,Female,5,Declined to Identify,Orthopedics,Not Admission,,33
661-23-4741,21/08/2023,5:22:00 pm,W. Newlin,Male,44,White,None,Not Admission,,42
113-42-6171,21/08/2023,3:43:00 am,Q. Karadzas,Female,10,Declined to Identify,Cardiology,Admission,,52
509-96-8931,21/08/2023,6:39:00 pm,W. Chessell,Female,33,African American,General Practice,Not Admission,,49
368-86-2432,21/08/2023,4:52:00 am,L. Pearsall,Male,25,White,None,Admission,1,33
826-43-2977,21/08/2023,4:18:00 pm,E. Greenfield,Female,48,African American,General Practice,Not Admission,,14
488-06-7985,21/08/2023,11:48:00 am,L. Thody,Female,40,African American,None,Admission,,33
542-37-8284,21/08/2023,10:53:00 am,X. Rouch,Male,18,Declined to Identify,None,Admission,,37
213-96-5568,21/08/2023,11:29:00 pm,J. Eschalette,Female,40,White,Orthopedics,Admission,,45
350-22-3902,21/08/2023,12:30:00 pm,H. Arend,Male,13,Native American/Alaska Native,None,Not Admission,,47
427-87-9237,21/08/2023,5:30:00 am,H. Cotelard,Male,19,White,None,Not Admission,1,20
118-92-0340,21/07/2024,3:23:00 am,A. Addey,Male,46,Asian,None,Admission,,55
844-81-6009,21/07/2024,3:43:00 pm,L. Wroath,Female,43,White,None,Not Admission,,53
748-50-8530,21/07/2024,3:21:00 pm,H. Piele,Male,10,White,None,Admission,,26
370-94-7789,21/07/2024,12:32:00 am,C. Bevir,Male,49,Declined to Identify,None,Not Admission,,18
562-43-5030,21/07/2024,1:56:00 am,P. Huey,Female,5,Declined to Identify,None,Not Admission,,38
316-13-4077,21/07/2024,6:13:00 pm,L. Buesnel,Female,3,White,None,Not Admission,,18
822-13-3323,21/07/2024,8:22:00 pm,R. Ashbolt,Male,14,White,None,Admission,,32
442-29-2860,21/07/2024,9:45:00 pm,F. Adran,Female,23,White,None,Admission,10,53
735-59-0676,21/07/2024,9:29:00 pm,H. Artist,Male,49,Pacific Islander,None,Admission,,34
601-40-1988,21/07/2024,6:00:00 am,G. Yakob,Female,38,Asian,None,Admission,,27
673-44-9918,21/07/2024,1:30:00 am,O. Lindelof,Female,67,White,Orthopedics,Admission,,34
227-40-8894,21/07/2024,2:28:00 am,P. Smogur,Male,66,White,None,Admission,,10
342-05-3969,21/07/2024,12:51:00 pm,G. Sinnott,Female,16,White,Orthopedics,Not Admission,,36
318-50-0134,21/07/2024,2:09:00 pm,C. Gutowska,Male,48,White,Orthopedics,Not Admission,0,44
139-42-0535,21/07/2024,5:36:00 am,U. Honsch,Female,72,White,None,Admission,4,29
632-49-6543,21/07/2024,12:52:00 am,L. Pagel,Female,28,White,Orthopedics,Not Admission,,10
128-72-0119,21/07/2024,6:09:00 am,V. Irce,Male,51,White,Orthopedics,Admission,,27
349-94-3914,21/07/2024,3:31:00 am,E. Rosenblatt,Female,53,Pacific Islander,None,Admission,,24
234-63-9244,21/07/2023,12:07:00 pm,V. Poytheras,Male,47,Declined to Identify,None,Admission,,33
668-63-4361,21/07/2023,6:54:00 am,E. Pearde,Male,24,Two or More Races,None,Admission,8,27
595-32-0861,21/07/2023,11:22:00 am,D. Toon,Female,39,African American,None,Not Admission,,36
265-11-8190,21/07/2023,7:38:00 pm,C. Bendon,Male,50,African American,None,Not Admission,6,36
544-04-8135,21/07/2023,1:01:00 pm,Q. Segrave,Male,40,African American,General Practice,Admission,,25
227-41-9226,21/07/2023,7:13:00 am,Q. Scotchforth,Female,57,Two or More Races,None,Not Admission,,58
386-98-3262,21/07/2023,12:36:00 am,W. Noteyoung,Male,74,Asian,General Practice,Admission,,42
612-42-2700,21/07/2023,8:56:00 am,L. Torald,Male,6,White,None,Not Admission,,29
106-50-3710,21/07/2023,5:31:00 am,L. Casiroli,Female,50,Two or More Races,None,Admission,,25
350-81-5979,21/07/2023,5:17:00 am,G. Loghan,Female,55,Declined to Identify,None,Not Admission,,31
531-11-9597,21/07/2023,1:30:00 am,M. Aubert,Male,39,White,Orthopedics,Not Admission,3,50
489-95-2505,21/07/2023,7:22:00 am,T. Conrard,Female,7,African American,None,Not Admission,,44
757-21-9703,21/07/2023,2:00:00 am,P. Syncke,Female,42,Asian,None,Not Admission,,45
760-43-3313,21/06/2024,1:48:00 pm,D. Swindall,Female,71,White,None,Admission,3,24
499-85-7483,21/06/2024,7:15:00 pm,D. Baudon,Male,40,Asian,None,Admission,,16
725-19-8534,21/06/2024,9:12:00 pm,S. Giacometti,Male,44,White,None,Admission,,12
859-84-2585,21/06/2024,11:39:00 am,J. Flarity,Male,7,White,None,Admission,,12
661-12-9006,21/06/2024,3:04:00 pm,I. Apperley,Male,73,White,None,Not Admission,,32
707-43-3573,21/06/2024,1:58:00 pm,C. Possell,Female,63,Native American/Alaska Native,None,Admission,,12
777-20-5908,21/06/2024,8:25:00 am,M. Blockley,Female,55,White,None,Not Admission,3,60
361-08-3342,21/06/2024,1:00:00 pm,N. Hurl,Male,4,Asian,None,Not Admission,8,13
146-55-5490,21/06/2024,3:20:00 pm,R. Jost,Female,27,African American,None,Admission,,59
563-07-4845,21/06/2024,5:18:00 am,S. MacFaul,Female,17,Native American/Alaska Native,None,Admission,7,11
410-34-9359,21/06/2024,10:26:00 am,G. Francescotti,Male,28,White,None,Admission,1,56
730-27-7143,21/06/2024,1:56:00 am,L. Collomosse,Male,39,Two or More Races,None,Admission,,53
259-13-6629,21/06/2023,9:39:00 am,H. Challis,Male,54,African American,None,Admission,,57
351-90-2714,21/06/2023,7:08:00 am,N. Lambourne,Female,24,Declined to Identify,Physiotherapy,Admission,,24
702-19-4450,21/06/2023,2:45:00 pm,H. Garry,Female,23,African American,None,Not Admission,,25
340-23-0743,21/06/2023,11:32:00 pm,V. Vynoll,Female,73,White,General Practice,Admission,,38
843-23-1781,21/06/2023,11:08:00 pm,T. Caukill,Male,16,Asian,General Practice,Not Admission,,10
301-72-7069,21/06/2023,12:34:00 pm,M. Mathou,Male,41,Two or More Races,General Practice,Admission,7,18
557-05-5900,21/06/2023,4:49:00 am,S. Westgate,Female,46,Asian,None,Not Admission,,25
654-46-6643,21/06/2023,9:35:00 pm,C. Menier,Female,27,White,General Practice,Admission,,26
491-97-4895,21/06/2023,6:02:00 am,F. Danko,Male,59,Pacific Islander,None,Admission,1,11
674-28-1008,21/06/2023,11:08:00 pm,K. Rouzet,Male,2,Asian,None,Not Admission,7,32
343-72-2599,21/06/2023,3:01:00 am,E. Jonke,Female,68,African American,None,Not Admission,,47
208-31-6331,21/06/2023,12:03:00 am,E. Boffey,Female,57,White,Physiotherapy,Not Admission,,59
444-26-8586,21/06/2023,10:13:00 pm,S. Wilby,Male,42,Two or More Races,None,Not Admission,,13
729-26-8869,21/06/2023,3:25:00 am,N. Spurge,Male,33,Pacific Islander,Orthopedics,Not Admission,,25
295-28-1056,21/06/2023,12:30:00 pm,V. Denyakin,Male,36,African American,General Practice,Admission,,30
305-01-4491,21/06/2023,4:12:00 pm,E. Phillis,Male,29,Asian,None,Not Admission,,33
773-85-7179,21/06/2023,12:32:00 pm,W. Vescovini,Female,18,Pacific Islander,Orthopedics,Not Admission,,33
171-75-9146,21/05/2024,3:02:00 am,U. Hearnah,Female,30,White,Orthopedics,Admission,,32
737-85-6782,21/05/2024,1:28:00 pm,G. McNirlin,Male,32,African American,General Practice,Admission,,41
729-73-0284,21/05/2024,6:44:00 am,G. Wilcher,Female,46,Asian,None,Not Admission,,24
846-14-9064,21/05/2024,7:18:00 am,X. Mebes,Female,21,African American,None,Admission,,45
369-41-9793,21/05/2024,2:33:00 pm,C. McCombe,Female,45,Asian,None,Admission,,50
863-62-1034,21/05/2024,6:59:00 pm,F. Gamlen,Female,33,Asian,General Practice,Admission,,22
564-53-7946,21/05/2024,5:44:00 am,Q. Gerleit,Female,5,African American,None,Not Admission,,14
198-10-9009,21/05/2024,11:05:00 pm,A. Jamison,Female,21,African American,General Practice,Not Admission,6,34
378-90-2956,21/05/2024,3:24:00 pm,F. Stollhofer,Male,2,White,None,Admission,,52
369-24-4662,21/05/2024,7:13:00 am,D. Shadrack,Female,16,African American,Renal,Not Admission,,11
300-70-1777,21/05/2024,3:41:00 am,M. Bloxsum,Female,33,African American,None,Admission,,16
120-12-5049,21/05/2024,8:48:00 am,O. Myers,Male,40,White,General Practice,Admission,4,40
413-17-8936,21/05/2024,9:13:00 pm,H. Miere,Female,61,Asian,General Practice,Admission,,58
456-31-3502,21/05/2024,12:33:00 am,M. Dosdell,Male,44,African American,None,Not Admission,3,58
355-73-0319,21/05/2024,5:57:00 am,A. Alstead,Female,58,African American,None,Not Admission,,17
486-61-5733,21/05/2024,7:17:00 pm,P. Brand-Hardy,Male,8,Two or More Races,None,Admission,,33
645-84-5884,21/05/2024,6:59:00 pm,T. Rowthorne,Female,11,Two or More Races,General Practice,Not Admission,,47
773-65-6904,21/05/2024,9:15:00 am,Q. Vila,Male,57,Pacific Islander,General Practice,Not Admission,,34
334-81-1151,21/05/2024,9:49:00 am,D. Elsop,Male,63,Asian,Orthopedics,Admission,,51
218-20-9820,21/05/2024,2:42:00 am,M. Fredi,Male,78,White,None,Admission,,35
483-70-4436,21/05/2024,1:57:00 am,S. Roark,Male,4,White,Orthopedics,Not Admission,6,13
188-83-5387,21/05/2024,5:07:00 am,C. Haydney,Female,5,Declined to Identify,None,Admission,,24
849-01-9695,21/05/2024,5:14:00 pm,H. Emmanuele,Female,5,Two or More Races,None,Admission,,37
325-17-4116,21/05/2024,7:42:00 am,P. Snassell,Male,61,Native American/Alaska Native,General Practice,Admission,,57
246-91-3426,21/05/2024,8:26:00 am,Q. Betz,Male,65,Two or More Races,Cardiology,Not Admission,,44
483-54-7622,21/05/2024,12:39:00 am,B. Hutchence,Female,43,White,General Practice,Admission,,47
115-60-2041,21/05/2024,11:07:00 am,Z. Racher,Male,60,Asian,None,Admission,9,51
158-65-6855,21/05/2024,12:53:00 am,V. Groocock,Female,13,White,None,Not Admission,7,59
415-66-4951,21/05/2023,3:45:00 pm,L. Zisneros,Female,67,White,None,Not Admission,,49
146-69-4652,21/05/2023,6:02:00 am,I. Singyard,Female,34,White,None,Admission,,28
389-84-7406,21/05/2023,1:46:00 am,M. Jacob,Male,33,Declined to Identify,Neurology,Admission,,56
657-83-4406,21/05/2023,5:17:00 am,O. Innes,Male,31,Native American/Alaska Native,Neurology,Admission,5,52
771-93-7381,21/05/2023,6:43:00 pm,T. Beddow,Male,53,White,None,Admission,,36
106-91-6612,21/05/2023,12:15:00 am,H. Riguard,Female,63,African American,Gastroenterology,Not Admission,,27
229-50-1494,21/05/2023,4:54:00 pm,A. Ludlom,Male,47,Asian,None,Admission,7,35
719-06-1377,21/05/2023,1:04:00 am,B. Alfonsetto,Female,37,African American,Cardiology,Not Admission,,48
631-49-3222,21/05/2023,5:58:00 am,N. Stump,Female,13,Declined to Identify,General Practice,Admission,,27
795-63-6602,21/05/2023,6:13:00 am,Y. Willmore,Female,14,White,None,Not Admission,,55
527-55-3384,21/05/2023,5:49:00 pm,H. Auton,Female,53,Declined to Identify,None,Admission,,21
722-84-3095,21/05/2023,8:20:00 pm,F. Plank,Female,76,Two or More Races,Physiotherapy,Admission,,43
372-46-2168,21/05/2023,3:58:00 pm,B. Deane,Male,51,White,None,Admission,1,39
744-63-8705,21/05/2023,10:54:00 pm,O. Whettleton,Female,13,White,Gastroenterology,Admission,,14
385-78-1939,21/05/2023,10:17:00 pm,S. Mulran,Female,33,Two or More Races,None,Admission,,60
737-16-3422,21/05/2023,8:35:00 am,E. Fellos,Female,45,African American,General Practice,Admission,10,23
729-20-7063,21/04/2024,11:06:00 pm,L. Dunderdale,Male,64,African American,None,Admission,,45
357-93-7216,21/04/2024,9:21:00 pm,T. Fields,Male,1,White,None,Not Admission,,58
724-18-3560,21/04/2024,12:41:00 am,G. Waiting,Female,36,Pacific Islander,Orthopedics,Not Admission,,22
485-49-0599,21/04/2024,7:11:00 am,N. Nel,Female,31,Two or More Races,Orthopedics,Not Admission,,40
274-24-7640,21/04/2024,12:16:00 am,F. Strachan,Male,39,White,None,Not Admission,,29
641-28-8440,21/04/2024,11:54:00 pm,M. Saunter,Female,57,Asian,None,Admission,,36
469-42-8522,21/04/2024,10:39:00 am,P. Breed,Male,24,African American,None,Not Admission,,28
888-84-7651,21/04/2024,10:09:00 pm,S. Pleasance,Male,73,Pacific Islander,None,Not Admission,,44
165-23-5765,21/04/2024,12:12:00 pm,Z. Scurry,Male,17,Pacific Islander,None,Not Admission,,55
765-93-0785,21/04/2024,7:15:00 am,R. Haugeh,Female,11,White,None,Not Admission,,19
574-71-0301,21/04/2024,4:12:00 am,W. Gherardelli,Female,23,Pacific Islander,Physiotherapy,Admission,,23
530-35-3296,21/04/2024,9:04:00 am,F. Brockest,Female,28,African American,None,Not Admission,,50
343-23-0272,21/04/2024,7:45:00 pm,B. Mordan,Female,65,Asian,Orthopedics,Admission,,14
432-64-7259,21/04/2024,4:10:00 pm,C. Wharlton,Female,35,Declined to Identify,None,Not Admission,,55
703-10-6119,21/04/2024,12:03:00 pm,M. Woolatt,Female,53,Asian,None,Admission,,20
422-91-7695,21/04/2024,5:17:00 pm,P. Tregunnah,Female,25,Declined to Identify,None,Not Admission,,36
407-75-9320,21/04/2024,5:45:00 am,Q. Addicote,Male,32,Asian,None,Not Admission,,47
657-88-1602,21/04/2024,7:08:00 am,Q. Laverack,Female,22,White,General Practice,Admission,,45
872-24-6667,21/04/2023,7:43:00 pm,O. Tippings,Female,70,Native American/Alaska Native,Cardiology,Not Admission,,50
633-10-2308,21/04/2023,10:20:00 am,F. Ruff,Female,19,Declined to Identify,None,Admission,4,15
341-55-6183,21/04/2023,11:30:00 am,A. Errowe,Male,71,Native American/Alaska Native,None,Admission,,30
199-42-7548,21/04/2023,12:54:00 pm,F. Divell,Female,47,African American,General Practice,Admission,9,50
424-85-2084,21/04/2023,11:18:00 am,K. Sire,Female,7,Two or More Races,None,Not Admission,,13
595-81-5298,21/04/2023,6:43:00 am,Y. Fantham,Female,38,Asian,Orthopedics,Not Admission,,33
736-66-9425,21/04/2023,11:10:00 pm,K. Blaik,Female,64,Native American/Alaska Native,None,Not Admission,0,29
746-57-1832,21/04/2023,7:20:00 pm,Y. Frake,Female,52,African American,None,Admission,,52
130-62-4906,21/04/2023,2:44:00 am,Q. Spurrior,Female,50,White,None,Not Admission,,15
704-42-3319,21/04/2023,5:45:00 pm,X. Coldbathe,Male,67,Declined to Identify,None,Not Admission,5,40
359-57-5243,21/04/2023,10:27:00 pm,Y. Archanbault,Male,33,African American,General Practice,Not Admission,,46
395-41-5858,21/04/2023,1:13:00 am,E. Ervine,Female,70,African American,None,Not Admission,,34
223-71-4722,21/04/2023,7:31:00 am,G. Kolak,Female,12,Asian,None,Admission,,15
272-23-6884,21/04/2023,5:23:00 pm,A. Mickan,Male,36,African American,None,Admission,,43
178-38-2955,21/04/2023,10:28:00 pm,O. Port,Male,75,Declined to Identify,General Practice,Admission,,34
493-86-6497,21/03/2024,3:57:00 am,A. Hancill,Female,54,Asian,None,Not Admission,,15
582-24-8875,21/03/2024,9:05:00 am,I. Gullberg,Male,74,African American,Orthopedics,Not Admission,1,21
809-12-5668,21/03/2024,5:13:00 pm,P. Qusklay,Female,13,Declined to Identify,None,Not Admission,6,17
293-98-5213,21/03/2024,8:17:00 am,W. Vannar,Female,73,Declined to Identify,General Practice,Not Admission,,21
869-28-2519,21/03/2024,9:21:00 pm,V. Scholer,Male,36,Pacific Islander,Gastroenterology,Admission,,30
392-67-4275,21/03/2024,9:52:00 am,G. Aughton,Male,42,Asian,None,Not Admission,,55
436-58-0592,21/03/2024,7:57:00 am,W. Thay,Male,20,Two or More Races,None,Admission,,31
569-58-3904,21/03/2024,7:44:00 pm,O. Brik,Male,56,Asian,None,Not Admission,,32
873-15-0745,21/03/2024,7:49:00 pm,L. Edison,Male,64,Asian,Physiotherapy,Not Admission,,21
591-32-2487,21/03/2024,1:07:00 am,U. Kitchingman,Male,65,Two or More Races,None,Admission,10,48
554-19-7837,21/03/2024,10:47:00 pm,E. Szantho,Female,62,White,None,Admission,,25
327-82-9042,21/03/2024,9:01:00 pm,I. Barribal,Male,36,Two or More Races,None,Not Admission,,52
496-05-4044,21/03/2024,1:43:00 pm,J. Sneesbie,Male,64,White,General Practice,Not Admission,,23
846-06-7289,21/03/2024,1:38:00 pm,V. Dursley,Male,41,Declined to Identify,None,Not Admission,8,22
155-91-4793,21/03/2024,8:22:00 am,U. Elders,Female,51,African American,None,Not Admission,,18
333-27-7083,21/03/2024,4:10:00 pm,P. Leiden,Male,38,Declined to Identify,None,Not Admission,,25
833-39-1167,21/02/2024,6:26:00 pm,F. Woof,Male,9,African American,Orthopedics,Admission,,59
435-97-4500,21/02/2024,2:32:00 am,Y. De Cruze,Male,6,Two or More Races,None,Not Admission,,48
246-06-8866,21/02/2024,2:54:00 pm,V. Coneley,Female,34,Two or More Races,None,Not Admission,2,32
114-36-5111,21/02/2024,10:55:00 pm,R. Tilburn,Female,44,White,None,Admission,,30
234-89-6647,21/02/2024,3:42:00 pm,P. Sapey,Female,47,Native American/Alaska Native,None,Admission,3,29
650-24-3956,21/02/2024,5:55:00 pm,T. Pollastrino,Female,58,White,None,Admission,,24
227-96-1846,21/02/2024,3:36:00 pm,R. Keeri,Female,49,Declined to Identify,None,Not Admission,,34
835-94-1722,21/02/2024,1:08:00 am,S. Ferrarello,Female,30,Two or More Races,None,Not Admission,,54
328-78-1549,21/02/2024,10:10:00 am,N. Kolodziej,Male,72,Declined to Identify,Physiotherapy,Not Admission,,49
567-85-0684,21/02/2024,5:46:00 pm,C. Vido,Female,31,Two or More Races,None,Not Admission,,29
489-02-8826,21/02/2024,4:15:00 pm,L. Swede,Female,67,Asian,None,Admission,,16
468-76-5399,21/02/2024,3:56:00 pm,N. Talby,Male,34,Asian,None,Admission,,11
169-76-5874,21/02/2024,8:56:00 pm,U. Graith,Male,7,White,None,Not Admission,7,22
786-39-5598,21/02/2024,9:05:00 am,M. Thurner,Female,38,White,None,Admission,,55
445-97-9581,21/02/2024,1:57:00 pm,T. Fernehough,Female,19,Two or More Races,General Practice,Not Admission,,24
608-45-3024,21/02/2024,8:41:00 pm,K. Querree,Male,36,African American,Cardiology,Admission,,24
781-65-5758,21/02/2024,6:13:00 pm,X. Masseo,Male,34,African American,None,Not Admission,,39
388-03-3882,21/02/2024,2:53:00 am,K. Jacobsson,Female,60,Two or More Races,Physiotherapy,Admission,,21
242-26-0614,21/02/2024,7:28:00 am,U. Terram,Male,59,African American,None,Admission,,50
535-41-2592,21/02/2024,1:48:00 pm,I. Penhale,Male,25,African American,None,Admission,,36
580-44-0953,21/02/2024,8:56:00 pm,A. Braizier,Female,62,White,Physiotherapy,Not Admission,,47
711-78-4446,21/02/2024,11:10:00 pm,G. Pretious,Male,54,Declined to Identify,None,Admission,6,48
641-33-6740,21/01/2024,4:52:00 pm,P. Goch,Male,54,White,General Practice,Not Admission,,15
543-31-9504,21/01/2024,1:11:00 pm,X. Gleeton,Male,69,Two or More Races,None,Not Admission,5,15
767-63-9719,21/01/2024,3:35:00 am,W. Dixie,Male,7,White,General Practice,Not Admission,,33
411-83-5149,21/01/2024,9:20:00 pm,U. Tumielli,Female,47,Declined to Identify,None,Not Admission,,17
271-34-8414,21/01/2024,1:35:00 pm,N. Tolputt,Female,12,White,None,Admission,,12
455-93-7898,21/01/2024,10:23:00 am,K. MacNeilly,Male,18,White,None,Admission,,20
561-11-2621,21/01/2024,3:31:00 am,Y. Lafford,Male,74,Asian,None,Not Admission,,51
181-08-6985,21/01/2024,3:27:00 am,Y. Laverock,Male,28,Two or More Races,None,Admission,,44
614-25-0773,21/01/2024,2:28:00 pm,V. Boldry,Female,5,African American,None,Not Admission,,39
388-09-3917,21/01/2024,10:23:00 pm,N. Ambrosch,Female,69,Declined to Identify,Cardiology,Admission,,37
793-25-4580,21/01/2024,3:36:00 pm,T. Chellenham,Male,78,Two or More Races,Orthopedics,Admission,,23
785-37-4017,21/01/2024,3:53:00 pm,E. McCunn,Female,31,Declined to Identify,Orthopedics,Not Admission,,22
623-46-0702,21/01/2024,9:26:00 am,E. Saundercock,Male,13,Declined to Identify,None,Not Admission,,41
336-06-4838,21/01/2024,9:20:00 pm,W. Chaster,Male,53,Two or More Races,None,Not Admission,,11
365-42-3810,21/01/2024,4:58:00 am,A. Jeenes,Male,57,Two or More Races,None,Not Admission,,36
127-55-2720,20/12/2023,7:34:00 am,V. Woosnam,Male,76,African American,None,Admission,,14
658-42-0940,20/12/2023,11:50:00 pm,H. Sturley,Female,6,Declined to Identify,General Practice,Admission,,19
334-42-8970,20/12/2023,5:06:00 am,M. Burnie,Male,25,Two or More Races,General Practice,Not Admission,,15
727-12-3250,20/12/2023,4:47:00 am,K. Priddis,Male,14,White,None,Not Admission,,17
684-69-6166,20/12/2023,5:27:00 am,R. Dacre,Male,21,Two or More Races,General Practice,Not Admission,0,44
116-94-4270,20/12/2023,5:42:00 am,Z. Twiddle,Male,35,White,None,Admission,10,44
180-11-8413,20/12/2023,12:42:00 am,P. Norris,Female,24,Two or More Races,General Practice,Not Admission,,42
541-86-9484,20/12/2023,5:28:00 am,Q. Neligan,Female,62,White,Neurology,Admission,,16
797-83-6141,20/12/2023,6:10:00 am,Y. Toppes,Female,14,African American,None,Admission,,20
638-43-3145,20/12/2023,12:55:00 am,B. Backs,Male,39,African American,Cardiology,Not Admission,,29
309-47-2018,20/12/2023,1:44:00 pm,V. Delahunt,Female,35,White,None,Not Admission,8,44
236-11-6588,20/12/2023,6:44:00 pm,P. Kibbye,Male,9,White,Orthopedics,Admission,,17
879-45-1427,20/11/2023,1:50:00 am,A. Hastin,Female,35,Declined to Identify,None,Not Admission,,13
133-08-8944,20/11/2023,3:34:00 pm,A. Fairlamb,Female,4,White,General Practice,Admission,,27
787-42-2733,20/11/2023,12:31:00 pm,E. Jobe,Female,54,White,None,Admission,,43
528-27-9854,20/11/2023,2:36:00 am,B. Brilon,Female,69,African American,Orthopedics,Admission,8,48
622-95-3705,20/11/2023,9:36:00 pm,T. Timoney,Male,22,Asian,None,Not Admission,4,27
701-66-0377,20/11/2023,9:52:00 pm,U. Franken,Male,36,African American,Cardiology,Not Admission,10,48
454-48-2824,20/11/2023,3:57:00 am,Z. Kernell,Female,7,Two or More Races,None,Not Admission,,46
193-33-1101,20/11/2023,10:38:00 pm,R. Hazeldean,Female,70,Two or More Races,None,Admission,,12
323-59-6278,20/11/2023,8:09:00 pm,U. Condie,Male,13,White,General Practice,Not Admission,5,53
292-11-9160,20/11/2023,7:09:00 pm,Z. Riche,Male,37,Pacific Islander,None,Not Admission,,59
157-57-6255,20/11/2023,2:03:00 pm,T. Pinner,Female,68,African American,None,Admission,,27
690-47-2962,20/11/2023,6:21:00 am,W. Damiata,Female,46,White,Orthopedics,Not Admission,,21
786-86-2035,20/11/2023,4:27:00 am,N. Sugge,Female,41,African American,Neurology,Not Admission,,23
576-14-8921,20/11/2023,4:23:00 pm,K. Alecock,Male,62,Native American/Alaska Native,Orthopedics,Admission,2,53
250-38-2325,20/10/2024,3:14:00 pm,B. Harvett,Male,59,Native American/Alaska Native,General Practice,Admission,,15
556-53-6036,20/10/2024,8:40:00 pm,F. Colleck,Male,59,African American,None,Admission,,35
307-10-9903,20/10/2024,2:10:00 pm,C. Motton,Female,21,Two or More Races,None,Not Admission,5,45
511-98-1628,20/10/2024,3:46:00 pm,X. Bentame,Female,25,Asian,None,Not Admission,9,19
789-74-0963,20/10/2024,12:49:00 pm,Z. Hark,Male,1,Two or More Races,None,Admission,,22
433-91-7582,20/10/2024,2:29:00 pm,C. Legge,Female,57,Declined to Identify,None,Admission,10,15
781-68-2465,20/10/2024,2:47:00 am,G. Tinsley,Male,26,White,None,Not Admission,,47
760-24-8347,20/10/2024,11:56:00 am,C. Whitelaw,Male,17,White,None,Not Admission,,46
807-37-1984,20/10/2024,5:51:00 am,X. Cooke,Male,56,Asian,None,Not Admission,7,28
497-79-0802,20/10/2024,9:26:00 pm,U. Ochiltree,Female,4,African American,None,Not Admission,,47
156-26-5666,20/10/2024,5:44:00 pm,N. Keysall,Female,2,Declined to Identify,General Practice,Admission,2,10
799-76-3863,20/10/2024,12:35:00 am,P. Lante,Male,46,Declined to Identify,None,Not Admission,4,56
524-48-9686,20/10/2024,12:24:00 pm,M. Ollerhad,Female,79,Asian,General Practice,Admission,1,44
452-25-4626,20/10/2024,9:51:00 am,H. Greenacre,Male,53,White,None,Not Admission,,22
866-67-5375,20/10/2024,3:20:00 pm,Q. Duffield,Male,27,White,Orthopedics,Admission,1,58
722-74-4559,20/10/2024,9:50:00 am,S. Bortolutti,Female,77,Asian,Physiotherapy,Not Admission,10,42
136-69-9007,20/10/2024,9:27:00 pm,C. Murby,Female,55,White,General Practice,Admission,,29
667-75-8929,20/10/2024,10:13:00 am,E. Delion,Female,5,White,General Practice,Not Admission,,38
401-65-8779,20/10/2024,12:24:00 pm,D. Timms,Male,58,White,Orthopedics,Admission,,21
774-42-0800,20/10/2024,11:03:00 pm,S. Tumini,Female,41,African American,None,Admission,,32
351-60-6045,20/10/2023,9:35:00 pm,S. Morrowe,Female,73,Asian,None,Not Admission,0,41
406-91-8582,20/10/2023,11:55:00 am,M. Romei,Female,41,African American,None,Admission,2,57
255-37-1255,20/10/2023,7:32:00 pm,I. Mayberry,Female,6,White,None,Admission,,14
610-24-5601,20/10/2023,11:42:00 am,C. Prestie,Male,35,Asian,Orthopedics,Not Admission,,21
240-21-3354,20/10/2023,3:38:00 am,H. Dimmne,Male,18,Two or More Races,None,Not Admission,,28
875-15-3130,20/10/2023,9:11:00 am,H. Jebb,Male,29,White,None,Admission,4,23
694-38-9846,20/10/2023,11:30:00 am,V. Borley,Male,68,White,General Practice,Not Admission,,10
306-67-0367,20/10/2023,7:52:00 pm,J. Bullier,Male,45,White,General Practice,Admission,1,42
228-13-6406,20/10/2023,4:14:00 pm,H. Clemmett,Female,69,African American,None,Admission,,14
619-20-9832,20/10/2023,7:55:00 am,E. Achurch,Male,58,Declined to Identify,None,Not Admission,,21
251-42-6932,20/10/2023,3:11:00 pm,P. Cooch,Male,44,Native American/Alaska Native,None,Not Admission,,48
260-11-2849,20/10/2023,12:19:00 am,D. Vinson,Female,66,Two or More Races,General Practice,Not Admission,2,39
249-45-2143,20/10/2023,10:19:00 am,O. Oxbie,Male,42,African American,None,Not Admission,,21
102-05-9716,20/10/2023,2:33:00 am,J. Addicott,Male,71,Two or More Races,General Practice,Not Admission,,30
136-56-3814,20/10/2023,6:37:00 am,D. Creboe,Female,62,African American,None,Admission,,31
223-46-4550,20/10/2023,9:37:00 am,L. Ludwell,Male,39,White,None,Not Admission,,41
360-43-5383,20/10/2023,1:22:00 pm,K. Elderton,Female,46,Native American/Alaska Native,None,Not Admission,,45
778-97-0505,20/10/2023,12:16:00 am,V. Malamore,Male,74,African American,None,Admission,,13
659-87-6427,20/10/2023,9:26:00 pm,M. Cankett,Male,9,African American,Neurology,Not Admission,,55
369-33-5075,20/10/2023,12:48:00 am,H. Esposi,Male,8,African American,None,Not Admission,,37
507-76-1618,20/10/2023,1:53:00 pm,C. Houdhury,Female,8,Native American/Alaska Native,General Practice,Not Admission,2,16
380-49-3383,20/10/2023,1:04:00 pm,B. Olivella,Male,15,Two or More Races,None,Not Admission,0,56
601-70-5406,20/09/2024,11:32:00 pm,F. Pena,Female,22,Asian,General Practice,Admission,,51
196-82-1441,20/09/2024,2:31:00 pm,X. Kos,Female,14,Declined to Identify,General Practice,Admission,,17
566-91-4222,20/09/2024,10:46:00 pm,C. Thorne,Male,76,African American,None,Admission,,20
317-19-5775,20/09/2024,6:12:00 am,C. Fossett,Male,39,White,Orthopedics,Admission,3,32
497-86-6002,20/09/2024,12:11:00 pm,W. Coll,Male,72,White,None,Admission,,33
548-19-1868,20/09/2024,2:54:00 pm,W. Layfield,Male,29,Two or More Races,None,Not Admission,,60
700-76-1641,20/09/2024,7:28:00 pm,A. Albert,Male,5,White,None,Admission,,40
693-48-7205,20/09/2024,3:41:00 am,B. Smalridge,Male,12,Native American/Alaska Native,None,Not Admission,,47
801-42-8784,20/09/2024,3:21:00 pm,O. Ramplee,Female,20,Two or More Races,None,Not Admission,,52
562-49-3994,20/09/2024,8:50:00 pm,L. Fryman,Female,32,Declined to Identify,None,Not Admission,,23
516-97-1661,20/09/2024,3:05:00 am,N. Antonio,Male,22,Native American/Alaska Native,None,Not Admission,,36
115-98-4542,20/09/2024,11:49:00 pm,F. Cadell,Female,7,Two or More Races,None,Admission,,31
710-08-1839,20/09/2024,1:49:00 pm,A. Hourstan,Male,11,Two or More Races,General Practice,Not Admission,,17
688-06-4798,20/09/2024,8:25:00 pm,V. Hacquard,Female,70,White,Gastroenterology,Not Admission,,11
763-14-3682,20/09/2023,12:08:00 am,Y. Claridge,Female,60,White,General Practice,Admission,,38
229-96-5992,20/09/2023,7:45:00 pm,O. Phillippo,Male,3,Asian,None,Admission,,41
470-63-6152,20/09/2023,5:27:00 pm,P. Tolussi,Male,51,Declined to Identify,None,Not Admission,,50
438-78-5956,20/09/2023,11:12:00 pm,V. Wesgate,Female,49,Asian,None,Admission,,14
262-42-0301,20/09/2023,4:01:00 pm,V. Hockey,Female,51,Two or More Races,General Practice,Not Admission,5,14
347-87-0017,20/09/2023,12:11:00 pm,I. Farfalameev,Female,73,White,None,Not Admission,,17
611-56-4055,20/09/2023,1:04:00 am,T. Caccavale,Female,22,White,None,Not Admission,,37
821-01-1065,20/09/2023,6:19:00 am,X. Kimbly,Female,75,African American,None,Not Admission,,56
494-42-5304,20/09/2023,12:51:00 am,H. Maultby,Male,34,Declined to Identify,None,Admission,,39
736-33-9095,20/09/2023,9:48:00 am,P. De Leek,Female,28,Declined to Identify,General Practice,Not Admission,5,25
440-96-6453,20/09/2023,2:44:00 am,Q. Artindale,Female,2,African American,None,Not Admission,,34
582-07-3138,20/09/2023,4:48:00 pm,N. Bowshire,Male,38,White,General Practice,Admission,,50
208-88-3128,20/08/2024,8:33:00 pm,D. Coryndon,Female,72,African American,None,Not Admission,10,37
857-50-8143,20/08/2024,7:49:00 pm,E. Tucsell,Male,56,Asian,None,Admission,,53
783-72-7030,20/08/2024,11:01:00 am,U. Stiles,Male,63,Declined to Identify,None,Not Admission,,37
663-10-0081,20/08/2024,9:08:00 am,K. Landell,Female,50,White,Renal,Not Admission,,35
677-05-5953,20/08/2024,6:01:00 pm,U. Kimber,Female,70,African American,None,Not Admission,5,32
436-53-0891,20/08/2024,9:27:00 am,I. Giacopazzi,Female,15,Asian,None,Not Admission,,55
338-77-1588,20/08/2024,7:53:00 am,F. Parchment,Male,4,Native American/Alaska Native,General Practice,Admission,,39
185-30-4496,20/08/2024,12:43:00 pm,R. de Guise,Male,52,Declined to Identify,Orthopedics,Admission,3,56
188-21-0592,20/08/2024,1:57:00 am,U. Shoveller,Female,65,Declined to Identify,General Practice,Admission,,24
580-35-3681,20/08/2024,8:36:00 pm,C. Maslin,Female,68,African American,Physiotherapy,Admission,,26
121-86-3543,20/08/2024,5:42:00 pm,K. Elliker,Male,32,White,None,Admission,,22
206-97-4149,20/08/2024,1:35:00 am,M. De Ruggiero,Female,77,Two or More Races,General Practice,Not Admission,,46
613-66-1124,20/08/2024,5:52:00 am,W. Donovin,Male,7,Two or More Races,None,Admission,,40
498-50-8434,20/08/2024,1:23:00 pm,F. Abramov,Female,69,Declined to Identify,None,Admission,,48
424-45-3174,20/08/2024,8:25:00 pm,T. Janaszkiewicz,Male,40,White,None,Not Admission,,21
549-88-7719,20/08/2024,8:06:00 am,H. Figurski,Male,11,White,None,Not Admission,7,34
724-23-4445,20/08/2024,9:13:00 pm,X. Orrom,Female,45,Asian,None,Admission,,25
754-18-8812,20/08/2024,10:31:00 am,A. Cusack,Female,22,Declined to Identify,None,Not Admission,5,31
409-76-4070,20/08/2024,5:49:00 am,T. Urpeth,Female,39,Declined to Identify,Neurology,Admission,,46
818-07-9151,20/08/2024,5:49:00 pm,G. Trengrouse,Male,15,Two or More Races,Orthopedics,Admission,,42
618-61-7698,20/08/2024,10:08:00 am,M. Connors,Female,44,Asian,None,Admission,,42
661-44-3953,20/08/2024,5:56:00 am,S. Dowers,Male,6,Pacific Islander,None,Admission,5,48
558-58-8052,20/08/2024,8:31:00 pm,I. MacAleese,Male,35,African American,None,Admission,,48
624-10-4726,20/08/2023,11:02:00 am,Q. Tippings,Female,20,White,General Practice,Not Admission,,57
696-43-9529,20/08/2023,8:35:00 am,S. Drewet,Male,57,African American,None,Admission,,14
557-66-5745,20/08/2023,5:27:00 am,A. Christescu,Male,62,Asian,None,Not Admission,,48
389-43-8291,20/08/2023,4:24:00 am,T. Leach,Female,7,Two or More Races,None,Not Admission,7,45
497-21-5239,20/08/2023,9:02:00 am,A. Laviss,Female,40,White,None,Admission,9,43
771-05-1094,20/08/2023,5:32:00 am,L. Wixey,Female,31,Two or More Races,Physiotherapy,Admission,,44
679-45-5128,20/08/2023,7:50:00 pm,C. Wake,Female,33,Asian,General Practice,Admission,9,25
504-31-4021,20/08/2023,1:56:00 am,B. Loutheane,Male,79,White,None,Admission,5,16
329-17-7774,20/08/2023,1:13:00 am,F. Minihan,Male,43,Native American/Alaska Native,None,Not Admission,,60
366-77-5942,20/08/2023,1:58:00 pm,V. Barniss,Male,75,White,None,Not Admission,6,39
880-03-7024,20/08/2023,4:00:00 am,H. Keston,Female,3,Two or More Races,Orthopedics,Admission,1,44
797-54-3108,20/08/2023,11:44:00 am,E. Tottem,Male,3,Native American/Alaska Native,None,Not Admission,10,40
345-42-0466,20/08/2023,1:25:00 am,C. Hansell,Female,31,Asian,None,Not Admission,0,40
387-01-8943,20/08/2023,8:40:00 am,X. Gadson,Male,24,White,None,Admission,5,21
873-06-1299,20/08/2023,9:24:00 pm,J. Diddams,Male,73,African American,None,Not Admission,,58
647-15-4786,20/08/2023,12:06:00 am,D. McMillan,Male,57,African American,Orthopedics,Admission,,28
195-71-6230,20/08/2023,9:09:00 pm,E. Holtham,Female,13,Pacific Islander,None,Not Admission,0,47
587-73-2235,20/08/2023,3:02:00 pm,L. Mourbey,Male,46,Native American/Alaska Native,None,Admission,,43
366-15-5270,20/08/2023,8:47:00 am,F. Lowle,Male,59,Declined to Identify,General Practice,Not Admission,,59
548-34-7659,20/08/2023,10:49:00 am,F. Jentzsch,Female,34,Two or More Races,None,Admission,,42
433-13-6881,20/08/2023,5:57:00 am,S. Gullane,Female,63,White,None,Not Admission,,57
850-70-6234,20/08/2023,7:46:00 pm,P. Wray,Female,66,White,None,Not Admission,,33
181-54-1004,20/07/2024,7:06:00 pm,D. McGriele,Male,57,Pacific Islander,None,Admission,6,45
420-85-5170,20/07/2024,12:39:00 pm,H. Marlon,Female,3,Two or More Races,None,Not Admission,3,57
548-95-2382,20/07/2024,5:47:00 am,U. Kopelman,Male,14,Two or More Races,General Practice,Admission,3,48
394-41-1822,20/07/2024,12:12:00 am,Q. Enderwick,Female,30,Declined to Identify,General Practice,Not Admission,0,14
452-87-5629,20/07/2024,5:50:00 am,A. Wilgar,Male,50,African American,Orthopedics,Not Admission,5,49
729-06-6771,20/07/2024,8:19:00 pm,X. Woolrich,Female,56,African American,None,Admission,4,48
789-85-5518,20/07/2024,8:32:00 am,E. McLagan,Male,56,White,General Practice,Not Admission,,14
424-08-9152,20/07/2024,11:20:00 am,U. Pharaoh,Male,34,Two or More Races,None,Admission,,10
314-97-4194,20/07/2024,8:11:00 pm,C. Petett,Male,47,African American,General Practice,Admission,,23
623-89-4272,20/07/2024,7:15:00 pm,P. Pobjay,Female,51,White,Orthopedics,Admission,,26
473-43-2191,20/07/2024,11:21:00 pm,Y. Faley,Female,26,White,None,Admission,,46
489-19-3938,20/07/2024,9:16:00 am,T. Yes,Male,32,White,None,Not Admission,8,44
655-01-4978,20/07/2024,10:06:00 am,O. Nettleship,Female,14,African American,None,Admission,,35
611-23-0736,20/07/2024,8:09:00 pm,S. McLugaish,Male,39,Asian,None,Not Admission,,33
875-57-2036,20/07/2024,1:34:00 pm,K. Raggles,Female,3,Asian,Orthopedics,Not Admission,,30
360-05-3720,20/07/2024,12:00:00 am,A. Francesch,Female,22,White,Orthopedics,Admission,1,15
113-47-3396,20/07/2023,10:55:00 pm,G. Ary,Female,42,White,None,Not Admission,2,50
487-63-8783,20/07/2023,8:27:00 pm,N. Whisker,Female,73,White,None,Not Admission,2,36
878-74-5520,20/07/2023,9:17:00 am,U. Draper,Male,19,African American,None,Admission,,23
202-96-9613,20/07/2023,8:13:00 am,M. Abriani,Female,5,African American,General Practice,Admission,,21
503-84-6900,20/07/2023,10:31:00 am,W. Dionisetto,Female,79,Pacific Islander,General Practice,Admission,,51
382-31-9718,20/07/2023,6:52:00 pm,J. Albrighton,Female,46,White,None,Not Admission,,38
889-03-5244,20/07/2023,10:53:00 am,P. Bruckstein,Male,57,Native American/Alaska Native,Orthopedics,Admission,,33
278-43-2966,20/07/2023,4:22:00 am,G. Shucksmith,Female,60,White,None,Admission,,35
548-91-1120,20/07/2023,1:13:00 pm,F. Francescoccio,Male,68,African American,None,Admission,,36
319-62-2474,20/07/2023,12:08:00 am,A. McPharlain,Female,22,Declined to Identify,None,Admission,,45
628-74-0109,20/07/2023,8:28:00 pm,H. Seiller,Female,26,Pacific Islander,None,Admission,8,39
744-49-8061,20/07/2023,11:54:00 am,D. Stanbro,Female,41,Two or More Races,General Practice,Admission,,47
496-11-6286,20/07/2023,4:29:00 pm,L. Ravel,Male,15,White,General Practice,Not Admission,,34
771-36-1122,20/07/2023,12:01:00 pm,N. Itzhaiek,Female,29,African American,None,Admission,0,56
897-46-3852,20/06/2024,9:13:00 am,P. Schubuser,Female,56,African American,General Practice,Admission,9,55
234-62-4445,20/06/2024,10:12:00 am,X. Dimmer,Male,74,African American,None,Not Admission,7,40
131-31-2028,20/06/2024,2:45:00 am,C. Triplow,Female,23,African American,None,Not Admission,7,22
775-34-9359,20/06/2024,12:36:00 am,M. Kenelin,Female,59,White,General Practice,Admission,,52
352-08-3010,20/06/2024,12:14:00 am,K. Durker,Male,47,Declined to Identify,None,Not Admission,,15
684-78-3004,20/06/2024,10:26:00 am,M. Ablett,Male,79,Two or More Races,None,Not Admission,,10
747-47-8842,20/06/2024,10:00:00 pm,K. Rove,Male,2,African American,None,Admission,,50
760-69-8796,20/06/2024,6:00:00 pm,O. Pawlaczyk,Female,74,White,None,Not Admission,,26
174-30-8230,20/06/2024,8:24:00 am,K. Snellman,Male,45,African American,None,Not Admission,,40
841-52-4923,20/06/2024,11:33:00 pm,I. Temblett,Female,31,Pacific Islander,None,Admission,,48
319-25-5108,20/06/2024,5:20:00 pm,K. Devorill,Male,34,Pacific Islander,None,Admission,,16
140-25-6958,20/06/2024,7:20:00 am,T. Sivorn,Female,19,White,General Practice,Not Admission,,58
886-98-2666,20/06/2024,7:44:00 am,P. Fossett,Female,50,White,None,Admission,,13
428-11-4631,20/06/2024,8:48:00 am,P. Giacomazzo,Female,43,Two or More Races,General Practice,Admission,,14
667-04-5340,20/06/2023,12:03:00 am,F. Dewar,Male,29,African American,Orthopedics,Not Admission,,46
465-81-9018,20/06/2023,7:47:00 am,T. Dome,Female,55,African American,General Practice,Not Admission,1,56
506-43-3890,20/06/2023,11:26:00 am,X. Fumagalli,Male,9,White,None,Not Admission,,48
773-58-7793,20/06/2023,10:24:00 pm,W. Connar,Male,40,White,None,Not Admission,,59
851-08-9115,20/06/2023,8:06:00 am,R. Allawy,Female,44,Native American/Alaska Native,Orthopedics,Not Admission,3,34
353-99-9075,20/06/2023,2:18:00 am,U. Hemms,Male,75,White,General Practice,Not Admission,,50
655-52-9143,20/06/2023,3:32:00 pm,U. Widdecombe,Male,48,Asian,None,Not Admission,,21
589-37-3605,20/06/2023,1:32:00 pm,S. Gilpillan,Female,79,Asian,None,Admission,,30
322-85-6482,20/06/2023,12:55:00 pm,Q. Mithun,Male,66,White,None,Admission,,46
320-36-7101,20/06/2023,1:43:00 pm,T. Fudge,Male,37,Asian,None,Admission,,32
685-97-5055,20/06/2023,5:57:00 am,B. Baldoni,Male,61,African American,None,Not Admission,,13
575-96-8201,20/06/2023,11:37:00 pm,S. Windows,Female,10,Native American/Alaska Native,Physiotherapy,Admission,,43
846-58-8376,20/06/2023,11:51:00 am,G. Bazley,Female,8,White,None,Admission,0,59
640-10-5390,20/05/2024,6:02:00 am,H. Rein,Male,45,White,None,Not Admission,,31
729-89-2202,20/05/2024,3:20:00 am,K. Ensten,Female,74,White,None,Not Admission,,26
787-25-2151,20/05/2024,2:46:00 am,W. Chaldecott,Female,41,Pacific Islander,None,Admission,,19
854-64-4863,20/05/2024,4:47:00 am,C. Arnaudet,Female,38,White,None,Admission,,28
585-31-9711,20/05/2024,11:42:00 pm,H. Dagger,Female,3,Native American/Alaska Native,Orthopedics,Admission,,37
636-29-5268,20/05/2024,3:29:00 pm,D. Shawel,Female,19,Two or More Races,General Practice,Admission,,30
499-41-9545,20/05/2024,11:19:00 am,F. Eady,Male,54,Asian,Gastroenterology,Admission,,42
309-83-7417,20/05/2024,8:38:00 am,U. Holby,Female,73,Two or More Races,None,Admission,,58
105-30-2335,20/05/2024,2:35:00 pm,E. Pinnell,Female,13,White,Orthopedics,Admission,,38
168-97-3030,20/05/2024,5:49:00 am,P. Tinwell,Male,46,African American,Orthopedics,Admission,,57
161-11-8631,20/05/2024,7:14:00 am,Z. Stanlock,Female,10,Asian,None,Not Admission,,30
512-12-3157,20/05/2024,4:02:00 am,V. Stroud,Female,21,African American,None,Admission,2,18
384-90-4175,20/05/2024,6:52:00 pm,P. Quickfall,Female,37,African American,General Practice,Admission,,15
260-99-9033,20/05/2024,10:33:00 am,E. Gon,Male,73,White,None,Not Admission,,30
421-11-4250,20/05/2024,5:18:00 am,O. Loren,Male,53,Two or More Races,None,Not Admission,,23
642-24-2097,20/05/2024,3:10:00 am,F. Dienes,Male,54,White,None,Not Admission,,40
222-17-4011,20/05/2024,10:05:00 am,U. McKibbin,Male,6,Native American/Alaska Native,None,Admission,6,35
614-78-5353,20/05/2023,8:48:00 am,R. Juza,Female,46,Declined to Identify,None,Admission,9,31
754-27-9761,20/05/2023,5:51:00 am,H. Theuff,Male,4,Declined to Identify,None,Admission,,12
334-60-2957,20/05/2023,5:07:00 am,X. Millichip,Female,56,Asian,Physiotherapy,Not Admission,0,50
278-84-3772,20/05/2023,6:10:00 am,Z. Todarini,Female,9,Two or More Races,None,Admission,,26
469-06-1176,20/05/2023,10:45:00 am,N. Olerenshaw,Male,78,Two or More Races,None,Not Admission,,36
858-56-1736,20/05/2023,7:51:00 pm,K. Coull,Male,28,African American,None,Not Admission,7,27
528-57-6645,20/05/2023,12:27:00 pm,R. Luty,Female,44,Asian,None,Not Admission,4,60
127-86-2344,20/05/2023,8:57:00 am,P. Waryk,Female,42,Asian,None,Not Admission,,20
711-46-8034,20/05/2023,1:03:00 pm,H. Miner,Female,41,African American,Gastroenterology,Admission,10,53
400-43-5549,20/05/2023,11:38:00 am,U. Boumphrey,Male,58,White,None,Not Admission,,31
451-23-7222,20/05/2023,5:14:00 am,S. Sare,Female,12,Two or More Races,None,Admission,,26
367-46-0761,20/05/2023,9:43:00 am,O. Mardell,Male,64,Pacific Islander,General Practice,Admission,,16
524-72-4755,20/05/2023,12:55:00 pm,R. Noni,Female,41,African American,None,Admission,,33
479-60-6415,20/05/2023,8:18:00 pm,L. Mcettrick,Female,65,White,None,Admission,,39
663-89-8918,20/04/2024,7:34:00 am,D. Hulett,Male,49,Two or More Races,Cardiology,Admission,,20
508-15-8156,20/04/2024,1:47:00 am,G. Grunbaum,Female,48,White,None,Admission,,42
877-36-1240,20/04/2024,10:42:00 pm,L. Shulver,Female,4,Declined to Identify,None,Not Admission,,45
366-62-0579,20/04/2024,3:49:00 am,B. Batey,Male,10,Asian,None,Not Admission,,54
552-27-9168,20/04/2024,1:39:00 pm,O. Po,Female,57,White,General Practice,Not Admission,1,28
221-48-4216,20/04/2024,8:16:00 am,W. Tomasino,Male,54,White,None,Admission,,47
363-05-8954,20/04/2024,2:52:00 am,C. Cream,Female,42,Two or More Races,None,Not Admission,,48
716-71-0779,20/04/2024,11:24:00 am,A. Collabine,Male,55,African American,None,Not Admission,,56
845-06-3779,20/04/2024,12:50:00 pm,D. Meddick,Male,50,African American,General Practice,Admission,,36
120-15-5516,20/04/2024,6:02:00 pm,S. Brooksbie,Male,30,African American,None,Not Admission,7,25
789-66-3333,20/04/2024,4:11:00 pm,D. Loalday,Female,69,White,None,Not Admission,,52
175-55-7298,20/04/2024,8:48:00 pm,M. Stapleford,Male,56,African American,General Practice,Not Admission,3,13
628-50-9958,20/04/2024,8:35:00 pm,J. Cooch,Male,62,Pacific Islander,None,Admission,0,39
808-42-3073,20/04/2024,4:30:00 pm,J. Todari,Male,65,White,General Practice,Admission,,12
830-03-8674,20/04/2024,11:40:00 pm,D. Maddie,Male,14,White,None,Not Admission,,41
132-13-7157,20/04/2024,10:17:00 pm,Y. McCreedy,Female,76,Two or More Races,None,Not Admission,7,36
821-22-8596,20/04/2023,6:28:00 pm,G. Gergher,Female,23,African American,General Practice,Not Admission,,19
241-49-0565,20/04/2023,7:52:00 am,S. Geertje,Female,11,White,None,Admission,,53
750-23-2793,20/04/2023,3:43:00 pm,T. Kener,Female,34,White,None,Not Admission,,18
255-51-2877,20/04/2023,12:13:00 am,H. Buff,Male,58,Asian,None,Not Admission,,59
127-83-9031,20/04/2023,8:22:00 am,V. Badrock,Male,48,Asian,General Practice,Admission,,23
216-59-3629,20/04/2023,5:52:00 pm,G. Millom,Male,65,African American,None,Admission,,30
717-43-6092,20/04/2023,9:51:00 am,F. Probate,Female,70,Two or More Races,None,Admission,,15
790-80-4467,20/04/2023,2:29:00 am,J. Kingsnoad,Male,6,Two or More Races,None,Not Admission,1,26
805-59-9555,20/04/2023,1:50:00 am,K. Hadlow,Male,61,African American,None,Admission,6,40
877-20-8814,20/04/2023,11:25:00 pm,N. Miroy,Male,4,Two or More Races,General Practice,Not Admission,0,60
505-12-7655,20/04/2023,5:57:00 pm,R. Kiss,Female,42,Two or More Races,Physiotherapy,Not Admission,,29
352-85-0161,20/04/2023,8:38:00 am,Y. Canet,Male,65,White,None,Not Admission,6,50
686-80-7797,20/04/2023,5:18:00 pm,P. Kibard,Male,49,White,None,Not Admission,0,38
373-46-4972,20/04/2023,4:54:00 am,M. de Mullett,Male,18,Two or More Races,None,Admission,,28
669-58-8180,20/04/2023,4:36:00 pm,L. Moynham,Female,56,Declined to Identify,None,Admission,1,15
376-61-1160,20/04/2023,10:27:00 am,I. Gudgeon,Female,77,African American,None,Not Admission,,24
602-80-4744,20/03/2024,2:08:00 pm,G. Huntall,Female,55,Two or More Races,Orthopedics,Admission,0,11
613-64-3858,20/03/2024,1:16:00 pm,I. Well,Male,54,White,Orthopedics,Admission,8,21
783-69-0929,20/03/2024,8:57:00 pm,B. Spinley,Female,3,White,None,Admission,,17
709-54-8843,20/03/2024,11:30:00 am,R. Shawdforth,Female,34,White,None,Admission,,37
145-39-5406,20/03/2024,8:47:00 am,H. Glasspool,Male,69,White,None,Not Admission,10,39
141-90-4537,20/03/2024,12:07:00 pm,B. Kornyshev,Female,15,White,None,Not Admission,,15
109-85-7478,20/03/2024,2:36:00 am,G. Arter,Male,57,Asian,None,Not Admission,,57
896-38-1209,20/03/2024,6:30:00 pm,C. Killiner,Male,10,Two or More Races,Orthopedics,Not Admission,9,20
219-43-4614,20/03/2024,2:56:00 pm,O. Buncombe,Male,77,White,None,Not Admission,,42
337-26-9688,20/03/2024,5:57:00 am,S. Eede,Female,6,Declined to Identify,None,Not Admission,6,35
110-15-3555,20/03/2024,9:45:00 am,Y. Veryan,Female,70,African American,Orthopedics,Not Admission,,33
877-95-1315,20/03/2024,9:51:00 am,I. Cassidy,Male,59,African American,None,Not Admission,,48
186-14-2053,20/02/2024,5:33:00 am,V. Minchinden,Male,66,African American,None,Not Admission,,20
525-36-7812,20/02/2024,10:36:00 pm,G. Thorley,Male,58,White,General Practice,Not Admission,,14
647-71-3507,20/02/2024,12:43:00 am,W. Laurentino,Male,68,Declined to Identify,Gastroenterology,Admission,,60
278-16-5571,20/02/2024,10:12:00 pm,S. Sebert,Male,6,Pacific Islander,Cardiology,Not Admission,,53
273-13-6898,20/02/2024,11:57:00 pm,M. Petrescu,Male,33,Two or More Races,None,Not Admission,,13
484-72-9497,20/02/2024,12:09:00 am,F. Abelovitz,Female,24,White,None,Admission,7,41
144-23-9650,20/02/2024,6:19:00 pm,K. Mullany,Female,6,Asian,None,Admission,,57
354-25-6792,20/02/2024,9:46:00 am,S. Coathup,Male,7,Two or More Races,Physiotherapy,Not Admission,8,29
496-05-7135,20/02/2024,8:36:00 pm,Q. Trayte,Male,19,Two or More Races,Renal,Not Admission,,24
263-80-0452,20/02/2024,6:08:00 am,C. Dermott,Male,29,Two or More Races,None,Admission,,20
422-02-1134,20/02/2024,2:31:00 am,Q. Boole,Male,20,Declined to Identify,Orthopedics,Not Admission,,52
205-88-0582,20/02/2024,1:27:00 pm,Y. Henden,Male,70,Asian,General Practice,Not Admission,,18
677-98-5643,20/02/2024,9:08:00 pm,U. Ridings,Male,71,Two or More Races,None,Not Admission,,38
599-28-2215,20/02/2024,4:50:00 am,S. Houseman,Male,11,White,None,Admission,,55
542-01-8930,20/01/2024,11:57:00 pm,J. Arnecke,Female,23,Asian,General Practice,Admission,10,42
185-43-6846,20/01/2024,10:39:00 am,W. Forgie,Female,1,Pacific Islander,None,Not Admission,,54
647-22-2299,20/01/2024,2:29:00 pm,V. Hook,Female,42,White,None,Not Admission,6,12
845-97-2213,20/01/2024,6:17:00 am,H. Willcot,Female,42,Asian,General Practice,Admission,,23
188-73-2556,20/01/2024,6:31:00 pm,E. Campo,Female,56,African American,General Practice,Not Admission,5,37
797-71-8189,20/01/2024,1:37:00 pm,X. Graalmans,Female,55,Declined to Identify,None,Not Admission,,29
566-41-9643,20/01/2024,1:38:00 pm,B. Charlson,Female,49,White,Orthopedics,Admission,9,45
691-66-2729,20/01/2024,2:19:00 pm,P. Downgate,Female,5,African American,General Practice,Not Admission,2,56
383-64-6636,20/01/2024,11:52:00 pm,P. Loalday,Female,74,Asian,None,Not Admission,,60
440-68-4290,20/01/2024,3:05:00 am,D. Aglione,Male,65,Asian,None,Not Admission,,42
702-87-1289,20/01/2024,10:07:00 pm,R. Tressler,Male,73,White,None,Not Admission,,29
540-19-1275,20/01/2024,10:53:00 pm,B. Elford,Female,3,Pacific Islander,Orthopedics,Admission,,54
120-74-3430,20/01/2024,12:15:00 pm,P. Boreham,Female,35,Two or More Races,None,Not Admission,6,33
680-09-8962,20/01/2024,12:38:00 am,O. Stribling,Male,13,Two or More Races,None,Not Admission,1,60
343-75-3388,20/01/2024,11:54:00 am,M. Damrel,Female,40,Asian,None,Not Admission,,32
209-13-8764,20/01/2024,1:10:00 pm,A. Glaister,Male,45,African American,General Practice,Admission,,36
219-91-7181,20/01/2024,4:10:00 am,H. Stanway,Female,68,Two or More Races,None,Not Admission,,27
737-42-0167,02/09/2024,2:16:00 pm,V. Bayles,Male,23,Declined to Identify,None,Not Admission,,41
668-36-4442,02/09/2024,8:43:00 am,G. Godly,Female,16,Declined to Identify,Gastroenterology,Admission,,54
792-14-4393,02/09/2024,2:57:00 pm,F. Kristiansen,Male,36,White,None,Not Admission,,50
281-80-0574,02/09/2024,12:01:00 am,Y. Pawelczyk,Male,24,White,Physiotherapy,Admission,,54
246-58-5618,02/09/2024,12:58:00 am,W. Jent,Male,49,African American,Physiotherapy,Admission,4,15
283-02-9366,02/09/2024,7:02:00 pm,U. Doulton,Female,70,African American,General Practice,Admission,,13
438-23-0462,02/09/2024,2:21:00 am,A. Harker,Female,13,White,Physiotherapy,Admission,2,53
548-98-4114,02/09/2024,1:13:00 am,F. McSparran,Male,27,Pacific Islander,General Practice,Admission,,23
567-71-0045,02/09/2024,1:51:00 pm,Q. McKenna,Male,71,Declined to Identify,None,Not Admission,,56
428-22-3036,02/09/2024,10:42:00 pm,R. Bickerdyke,Female,30,White,None,Admission,,57
384-16-0821,02/09/2024,11:53:00 am,V. James,Male,13,White,None,Admission,2,45
659-42-8898,02/09/2024,6:38:00 pm,Y. Enevold,Female,16,Asian,None,Not Admission,,13
548-40-3880,02/09/2024,8:36:00 pm,O. Antos,Male,45,White,General Practice,Not Admission,,53
120-86-0167,02/09/2024,11:08:00 pm,S. Thurby,Male,8,Declined to Identify,General Practice,Not Admission,,14
202-78-6117,02/09/2024,10:01:00 pm,Y. Le Quesne,Female,40,Pacific Islander,General Practice,Admission,,23
828-47-1822,02/09/2024,12:05:00 am,E. Bagshaw,Male,18,Native American/Alaska Native,General Practice,Admission,,33
457-45-3813,02/09/2024,8:20:00 pm,R. Straffon,Female,78,African American,None,Not Admission,,31
505-43-6760,02/09/2023,11:06:00 am,L. Ramelet,Male,48,Two or More Races,General Practice,Not Admission,,55
249-31-5844,02/09/2023,7:12:00 pm,P. Morsom,Female,56,Two or More Races,None,Not Admission,6,42
344-83-4015,02/09/2023,7:15:00 am,M. Cantu,Female,2,Declined to Identify,None,Not Admission,,27
414-64-8497,02/09/2023,12:18:00 pm,A. Clempton,Male,65,Declined to Identify,None,Not Admission,2,40
825-38-2784,02/09/2023,11:21:00 am,I. Parnham,Male,51,Declined to Identify,None,Admission,9,11
620-37-6376,02/09/2023,4:21:00 am,Y. Billyard,Female,33,Declined to Identify,Gastroenterology,Not Admission,,50
504-04-2880,02/09/2023,1:47:00 pm,E. Erwin,Male,29,Native American/Alaska Native,None,Admission,5,28
747-04-3847,02/09/2023,4:17:00 am,C. Abrahamson,Male,77,Declined to Identify,General Practice,Admission,,11
491-43-8765,02/09/2023,12:16:00 pm,S. Harrison,Male,38,White,None,Not Admission,,52
264-80-8420,02/09/2023,12:03:00 am,V. Readmire,Male,15,White,None,Admission,,41
235-60-7765,02/09/2023,3:47:00 am,P. Sherville,Male,57,African American,None,Not Admission,,32
783-94-4723,02/09/2023,8:05:00 am,K. Glassard,Male,26,Pacific Islander,None,Admission,,28
549-22-5714,02/09/2023,6:19:00 am,F. Prewett,Female,41,African American,None,Not Admission,,34
559-84-3252,02/09/2023,5:08:00 am,V. Woolsey,Female,42,Pacific Islander,General Practice,Not Admission,,14
266-36-0879,02/09/2023,8:03:00 pm,V. Chaperling,Female,48,Declined to Identify,None,Admission,,49
146-21-5418,02/09/2023,9:32:00 am,U. Stickles,Female,22,Asian,Gastroenterology,Admission,7,18
140-84-5336,02/09/2023,11:31:00 pm,T. Filov,Female,28,Two or More Races,None,Not Admission,,45
665-83-3965,02/09/2023,4:14:00 am,D. Oloshin,Male,36,White,General Practice,Admission,,49
307-83-2857,02/08/2024,6:49:00 pm,A. Backshaw,Female,18,White,None,Not Admission,,21
170-66-2703,02/08/2024,12:42:00 pm,N. Casely,Female,11,Asian,None,Admission,3,22
779-70-5458,02/08/2024,11:30:00 pm,G. Faircloth,Female,53,African American,None,Admission,7,41
642-02-9790,02/08/2024,6:26:00 am,D. Bassindale,Female,23,White,None,Not Admission,,20
427-61-4630,02/08/2024,4:14:00 pm,M. MacFarland,Male,27,White,Orthopedics,Not Admission,0,37
528-10-4398,02/08/2024,9:38:00 am,H. McQuin,Male,12,Native American/Alaska Native,General Practice,Not Admission,,37
548-74-1022,02/08/2024,3:32:00 am,O. Shelford,Female,22,Pacific Islander,None,Not Admission,,46
345-53-1572,02/08/2024,2:14:00 am,D. Pippard,Female,24,Declined to Identify,None,Not Admission,,34
138-91-1480,02/08/2024,6:44:00 pm,C. Rushbrook,Male,19,African American,Orthopedics,Not Admission,,11
398-76-7789,02/08/2024,12:06:00 am,K. Putt,Female,50,Declined to Identify,Orthopedics,Not Admission,,26
251-26-5273,02/08/2024,4:34:00 pm,K. Hefferon,Female,61,White,Gastroenterology,Admission,10,18
310-26-9113,02/08/2024,4:10:00 am,C. Simpole,Female,16,African American,Renal,Not Admission,,11
248-87-1718,02/08/2024,12:39:00 pm,V. Grabban,Female,40,Asian,None,Not Admission,,43
152-23-4004,02/08/2024,2:38:00 am,U. Radnage,Female,62,African American,General Practice,Admission,,31
287-12-3028,02/08/2024,7:13:00 pm,W. Smoth,Female,20,Pacific Islander,None,Not Admission,6,19
224-77-9238,02/08/2024,4:29:00 pm,K. Alday,Female,45,Two or More Races,None,Not Admission,2,60
271-45-0948,02/08/2024,5:43:00 am,E. McAvin,Female,17,Asian,None,Not Admission,,33
788-70-7078,02/08/2024,10:32:00 am,A. Dranfield,Male,7,Asian,None,Admission,,60
727-41-1550,02/08/2024,8:45:00 am,Y. Raffon,Female,2,White,None,Admission,,35
401-62-1630,02/08/2023,11:01:00 am,W. Balassa,Male,33,Declined to Identify,Physiotherapy,Not Admission,,39
711-54-1117,02/08/2023,7:03:00 pm,R. Houlridge,Male,76,Declined to Identify,General Practice,Admission,4,60
789-30-1002,02/08/2023,5:31:00 am,Z. Drummond,Female,47,White,None,Admission,,60
515-02-5699,02/08/2023,2:50:00 pm,M. Ashdown,Male,14,African American,Cardiology,Not Admission,,58
160-05-9410,02/08/2023,6:38:00 am,E. Merricks,Male,7,White,Neurology,Not Admission,,44
154-08-4257,02/08/2023,12:59:00 pm,X. Coventon,Female,59,White,Cardiology,Not Admission,2,13
413-63-6049,02/08/2023,2:00:00 pm,P. Clemerson,Male,10,Asian,None,Admission,,53
358-62-9394,02/08/2023,8:33:00 pm,I. Philippard,Male,11,White,None,Not Admission,,32
336-97-7649,02/08/2023,3:46:00 pm,Q. Gildersleaves,Male,15,Pacific Islander,None,Admission,,38
349-86-8933,02/08/2023,1:03:00 pm,C. Witham,Male,46,White,None,Admission,,30
811-21-5328,02/08/2023,12:15:00 am,I. Klarzynski,Male,29,African American,Renal,Admission,,45
154-08-0049,02/08/2023,6:34:00 am,C. Fergie,Female,17,Two or More Races,General Practice,Admission,,37
675-93-4085,02/08/2023,3:29:00 pm,M. Edney,Male,67,African American,None,Not Admission,,34
766-36-9799,02/08/2023,6:18:00 pm,X. Kivlin,Female,8,African American,None,Not Admission,,19
527-61-6252,02/08/2023,6:09:00 pm,V. Coventry,Male,22,Pacific Islander,General Practice,Admission,6,16
848-11-5125,02/07/2024,8:01:00 am,B. Ayliffe,Male,32,African American,General Practice,Admission,,25
381-22-6530,02/07/2024,5:43:00 am,E. Ateridge,Male,75,African American,None,Not Admission,,32
323-89-5089,02/07/2024,5:00:00 am,L. Worner,Female,34,White,General Practice,Admission,,30
702-38-3084,02/07/2024,12:46:00 am,J. Sinden,Male,75,African American,Orthopedics,Not Admission,,17
674-12-8997,02/07/2024,6:30:00 am,T. Napoli,Female,18,White,None,Not Admission,,33
378-11-0910,02/07/2024,3:11:00 pm,C. De Ferrari,Male,46,Two or More Races,None,Admission,,15
889-81-3794,02/07/2024,7:05:00 am,B. Corona,Female,18,Declined to Identify,None,Not Admission,,27
785-76-6854,02/07/2024,2:19:00 pm,D. Frean,Female,36,White,None,Admission,,55
595-49-5401,02/07/2024,3:16:00 pm,O. Kench,Female,72,Asian,General Practice,Admission,,12
160-14-3746,02/07/2024,10:36:00 pm,J. Heales,Male,16,White,None,Admission,0,24
688-61-2082,02/07/2024,5:57:00 am,S. Kenan,Male,23,White,None,Admission,,44
726-73-5570,02/07/2024,5:20:00 am,K. Hutchcraft,Female,46,Asian,None,Not Admission,,38
805-86-6081,02/07/2024,6:59:00 am,Q. Dulanty,Female,73,White,General Practice,Admission,7,25
492-55-5790,02/07/2024,6:02:00 pm,X. Shorland,Male,25,African American,None,Not Admission,,45
279-37-9814,02/07/2024,12:44:00 pm,S. Kitchingman,Female,2,African American,None,Admission,,43
758-62-8403,02/07/2024,9:36:00 pm,R. Hexum,Male,52,Native American/Alaska Native,Renal,Admission,,15
472-58-9172,02/07/2024,10:17:00 pm,E. Cordoba,Female,67,White,None,Admission,,42
575-35-1820,02/07/2024,8:27:00 pm,T. Wyllcock,Male,22,Two or More Races,General Practice,Not Admission,,44
221-08-4372,02/07/2024,3:29:00 pm,A. Mahaddie,Female,72,White,Physiotherapy,Admission,9,20
326-79-7662,02/07/2023,3:30:00 am,T. Overal,Male,48,White,Gastroenterology,Admission,4,14
893-84-1872,02/07/2023,10:21:00 pm,L. Shilling,Female,42,Asian,None,Admission,,35
335-51-8706,02/07/2023,8:40:00 am,H. Aitkenhead,Female,28,Two or More Races,None,Admission,,44
711-46-8573,02/07/2023,4:28:00 pm,V. Chapelhow,Female,74,African American,None,Not Admission,9,25
121-28-9581,02/07/2023,1:09:00 am,Q. Parrot,Female,36,Two or More Races,None,Admission,,49
648-43-2810,02/07/2023,5:04:00 am,E. Pagan,Male,25,African American,None,Admission,,30
499-77-0693,02/07/2023,4:51:00 am,J. Hirsthouse,Male,26,White,None,Admission,,21
567-16-7814,02/07/2023,12:24:00 am,O. Badrock,Male,78,White,None,Admission,,21
655-10-2008,02/07/2023,1:11:00 pm,K. Doe,Female,63,African American,None,Admission,,53
310-75-2760,02/06/2024,5:52:00 am,B. Mayhow,Male,78,Pacific Islander,General Practice,Not Admission,7,59
672-53-8285,02/06/2024,11:08:00 pm,I. Matisse,Male,64,Declined to Identify,Orthopedics,Admission,,44
510-10-3956,02/06/2024,6:04:00 pm,T. Thomann,Male,35,African American,General Practice,Admission,5,57
252-20-2215,02/06/2024,12:38:00 pm,O. Spain-Gower,Male,57,African American,None,Not Admission,,43
637-45-8303,02/06/2024,3:29:00 pm,D. Engledow,Male,23,African American,None,Not Admission,,48
459-06-4503,02/06/2024,7:15:00 am,Y. Lincoln,Female,38,Two or More Races,None,Not Admission,9,13
158-72-1114,02/06/2024,10:26:00 am,O. Blakeney,Male,64,Two or More Races,General Practice,Admission,3,32
750-19-2024,02/06/2024,1:07:00 pm,P. Mellows,Male,63,White,None,Not Admission,,20
791-28-9797,02/06/2024,7:59:00 am,T. Gunton,Female,28,Asian,Gastroenterology,Not Admission,,50
755-44-0318,02/06/2024,6:55:00 am,F. Bracco,Male,58,White,None,Admission,2,18
863-02-6812,02/06/2023,6:17:00 am,X. Housego,Male,70,African American,General Practice,Not Admission,,25
818-69-8637,02/06/2023,11:32:00 am,H. Broscombe,Male,56,African American,None,Not Admission,6,23
212-19-0545,02/06/2023,3:42:00 am,N. Barmadier,Female,41,African American,Orthopedics,Admission,,12
800-09-1545,02/06/2023,8:16:00 am,R. Jellett,Male,68,Asian,None,Admission,,46
238-26-0586,02/06/2023,11:54:00 am,B. Caris,Female,55,Two or More Races,None,Admission,2,30
287-54-9000,02/06/2023,1:53:00 am,J. Stonman,Female,61,Two or More Races,None,Admission,,48
135-28-3714,02/06/2023,8:07:00 am,A. Mulheron,Male,15,White,None,Not Admission,7,53
838-07-1763,02/06/2023,4:17:00 pm,Y. Piwall,Female,6,White,General Practice,Not Admission,,20
446-34-2838,02/06/2023,4:07:00 pm,G. Uttley,Male,71,White,None,Not Admission,2,42
413-75-7208,02/06/2023,8:09:00 pm,N. Dumelow,Male,21,White,General Practice,Not Admission,,36
590-11-7748,02/06/2023,12:33:00 am,F. Mathwen,Male,71,African American,None,Admission,,44
293-46-1362,02/06/2023,12:24:00 am,L. Woodrooffe,Female,16,White,None,Not Admission,,32
853-23-2745,02/06/2023,4:08:00 pm,A. Riding,Female,47,Declined to Identify,None,Not Admission,,23
402-55-9647,02/06/2023,2:05:00 am,T. Salkeld,Male,42,African American,None,Admission,,15
231-20-7799,02/06/2023,7:44:00 am,V. Puddifer,Female,46,White,Physiotherapy,Not Admission,5,50
211-79-3733,02/06/2023,7:23:00 am,J. Keatch,Male,38,White,None,Admission,,47
311-78-6420,02/06/2023,4:54:00 pm,N. Tenniswood,Male,2,White,None,Not Admission,10,48
625-79-4633,02/05/2024,11:53:00 pm,C. Rope,Female,20,African American,None,Admission,,13
852-85-2515,02/05/2024,6:16:00 am,C. Jammes,Female,58,African American,General Practice,Not Admission,,19
189-85-8766,02/05/2024,8:01:00 pm,Q. Jurgen,Male,73,African American,General Practice,Admission,3,36
309-02-2959,02/05/2024,3:23:00 pm,D. Titherington,Female,43,White,Physiotherapy,Not Admission,,31
408-29-0501,02/05/2024,12:33:00 am,M. Evenett,Male,25,White,Orthopedics,Admission,,26
646-25-6910,02/05/2024,4:43:00 pm,F. Harrowing,Male,17,Asian,None,Not Admission,,30
414-32-1840,02/05/2024,7:22:00 pm,O. Wesson,Male,63,Asian,None,Not Admission,,21
773-37-3969,02/05/2024,9:04:00 pm,S. Gagie,Female,51,White,Orthopedics,Not Admission,,42
678-19-2895,02/05/2024,5:51:00 pm,Q. Heale,Male,39,White,Neurology,Not Admission,9,15
883-68-7233,02/05/2024,1:01:00 pm,T. Hugueville,Male,55,White,General Practice,Not Admission,1,25
686-65-2784,02/05/2024,1:04:00 pm,W. Scriver,Female,25,Declined to Identify,None,Not Admission,,42
410-70-5588,02/05/2024,2:19:00 pm,N. Batchelor,Female,28,African American,None,Admission,,12
793-05-8164,02/05/2024,5:03:00 pm,H. Linkleter,Female,27,Two or More Races,None,Admission,,57
287-14-0375,02/05/2024,4:37:00 am,Y. McGinney,Male,26,White,None,Admission,,23
759-28-1275,02/05/2024,8:04:00 pm,W. Shaplin,Female,53,White,General Practice,Not Admission,,24
437-24-0212,02/05/2024,2:20:00 pm,J. Embery,Female,56,Native American/Alaska Native,General Practice,Admission,,15
438-63-2567,02/05/2024,8:26:00 pm,L. Rex,Female,15,Asian,General Practice,Admission,,20
108-99-6116,02/05/2024,2:06:00 pm,P. Baddeley,Male,44,White,None,Not Admission,9,13
217-67-7835,02/05/2024,12:11:00 am,U. Stovell,Female,57,Declined to Identify,Physiotherapy,Not Admission,,28
564-99-6715,02/05/2024,10:37:00 pm,O. Rookes,Female,36,African American,None,Not Admission,,35
549-63-6821,02/05/2024,3:14:00 am,O. Wonfar,Male,50,White,None,Not Admission,6,40
795-64-7565,02/05/2023,3:19:00 am,S. Marklin,Male,38,Native American/Alaska Native,General Practice,Admission,,34
679-67-8043,02/05/2023,2:20:00 am,G. De la Eglise,Female,40,White,General Practice,Admission,,23
508-47-0601,02/05/2023,8:43:00 am,I. Heading,Female,60,White,None,Not Admission,1,18
543-26-8730,02/05/2023,7:52:00 am,I. Chaperling,Female,11,African American,None,Not Admission,,48
336-78-5411,02/05/2023,1:44:00 pm,K. Forcer,Female,73,African American,None,Not Admission,,58
259-09-5907,02/05/2023,9:01:00 pm,U. Kimbrough,Male,79,White,Physiotherapy,Admission,1,56
180-22-8491,02/05/2023,7:46:00 pm,A. Gadsdon,Female,42,Asian,None,Admission,1,37
319-09-5768,02/05/2023,2:34:00 pm,W. Ianetti,Female,39,White,Renal,Not Admission,,15
678-15-3957,02/05/2023,4:55:00 pm,Q. Lukasik,Female,45,Declined to Identify,General Practice,Admission,,19
657-05-4117,02/05/2023,3:29:00 am,O. Eglise,Female,18,African American,Physiotherapy,Not Admission,,11
746-23-4827,02/05/2023,6:25:00 pm,K. Baelde,Female,6,White,None,Not Admission,,40
674-56-8811,02/05/2023,1:26:00 pm,P. Predohl,Male,55,Two or More Races,None,Not Admission,2,55
778-04-2774,02/05/2023,6:54:00 pm,I. McCrohon,Female,50,Native American/Alaska Native,General Practice,Admission,10,38
410-83-6667,02/05/2023,4:36:00 pm,G. Paireman,Female,22,Native American/Alaska Native,None,Admission,,39
660-54-4475,02/05/2023,6:00:00 am,U. Duffill,Male,34,Two or More Races,Orthopedics,Admission,5,45
251-61-0833,02/05/2023,5:28:00 pm,U. Grastye,Male,29,White,None,Admission,,12
831-72-4104,02/04/2024,10:40:00 am,Z. Wevell,Male,48,African American,None,Not Admission,8,41
273-04-2588,02/04/2024,1:46:00 pm,U. MacVagh,Male,14,Asian,None,Admission,4,47
401-48-2727,02/04/2024,7:31:00 pm,O. Puddicombe,Male,17,African American,None,Not Admission,,52
697-02-7197,02/04/2024,1:30:00 am,H. Tregien,Female,24,White,Orthopedics,Admission,,54
258-52-9668,02/04/2024,2:32:00 pm,B. Eathorne,Female,63,Two or More Races,General Practice,Not Admission,,56
835-92-1138,02/04/2024,6:08:00 pm,S. Kibel,Male,20,Two or More Races,None,Admission,,16
556-53-6518,02/04/2024,8:14:00 pm,Z. Dishmon,Male,54,African American,General Practice,Not Admission,,43
134-48-7705,02/04/2024,1:20:00 am,U. Noen,Female,73,Two or More Races,None,Not Admission,,47
138-11-0080,02/04/2024,12:21:00 am,M. Heenan,Female,78,Asian,Neurology,Not Admission,,23
244-65-6448,02/04/2024,9:09:00 am,F. Liversley,Male,32,Asian,None,Not Admission,,34
891-13-0532,02/04/2024,6:03:00 am,Z. Dayes,Female,7,African American,Orthopedics,Not Admission,,54
255-37-8774,02/04/2024,5:58:00 am,K. Melsom,Female,71,African American,None,Not Admission,,22
524-89-7434,02/04/2024,4:00:00 am,I. Laven,Male,37,White,None,Not Admission,,33
211-84-0802,02/04/2024,10:10:00 pm,C. Baldcock,Male,36,Pacific Islander,General Practice,Admission,3,47
285-58-7134,02/04/2024,11:57:00 pm,S. McFadyen,Male,16,Two or More Races,Gastroenterology,Admission,,54
548-93-9953,02/04/2024,1:19:00 pm,S. O'Neill,Female,73,Two or More Races,Neurology,Not Admission,,46
895-84-8091,02/04/2024,4:03:00 pm,V. Staniforth,Female,27,White,Renal,Not Admission,0,17
433-42-5910,02/04/2024,5:05:00 am,V. Schout,Female,74,Asian,Gastroenterology,Admission,8,39
756-97-8919,02/04/2024,8:22:00 pm,O. Cornuau,Female,6,Pacific Islander,None,Admission,,23
516-30-4919,02/04/2023,9:59:00 pm,S. Nyland,Male,16,White,Orthopedics,Not Admission,9,21
771-03-7336,02/04/2023,12:43:00 am,E. Sessions,Female,29,White,General Practice,Not Admission,5,26
262-69-4482,02/04/2023,5:05:00 am,U. Llopis,Male,38,Declined to Identify,Gastroenterology,Admission,,14
248-21-1787,02/04/2023,9:15:00 am,C. Benez,Female,60,White,Physiotherapy,Admission,,60
725-40-8184,02/04/2023,9:32:00 pm,X. Hebborn,Female,71,Pacific Islander,Neurology,Admission,,31
353-77-6257,02/04/2023,11:10:00 pm,V. Van Der Walt,Male,75,White,None,Not Admission,7,33
682-34-0219,02/04/2023,5:22:00 am,N. Trenam,Male,38,Native American/Alaska Native,Gastroenterology,Admission,,36
729-10-9426,02/04/2023,5:50:00 pm,Z. Brotherhed,Male,6,Asian,General Practice,Not Admission,,45
732-17-2371,02/04/2023,7:40:00 pm,H. Halmkin,Male,57,Declined to Identify,None,Admission,10,33
476-32-0713,02/04/2023,1:07:00 pm,K. Bunhill,Male,68,White,None,Admission,,24
112-88-9744,02/04/2023,8:25:00 pm,I. Wing,Male,70,Declined to Identify,None,Admission,,26
563-50-3688,02/04/2023,3:22:00 am,W. Reburn,Female,26,White,None,Admission,,12
372-25-7518,02/04/2023,3:52:00 pm,K. Hambly,Female,67,Declined to Identify,General Practice,Admission,,22
888-76-6126,02/03/2024,12:17:00 am,G. Pilgrim,Female,22,White,None,Admission,,19
853-14-1523,02/03/2024,11:35:00 pm,K. Cristoforo,Female,54,Two or More Races,General Practice,Admission,,11
250-51-3367,02/03/2024,11:36:00 am,E. Kunkel,Female,52,White,None,Admission,9,28
507-76-1018,02/03/2024,11:03:00 pm,C. Ezzy,Female,34,Asian,Physiotherapy,Not Admission,,30
284-32-1089,02/03/2024,2:59:00 pm,A. Tummons,Male,4,Asian,General Practice,Admission,7,13
443-90-1086,02/03/2024,9:12:00 am,F. Harg,Female,77,Native American/Alaska Native,None,Not Admission,,30
366-24-6440,02/03/2024,3:47:00 pm,S. Dubois,Female,44,Native American/Alaska Native,None,Admission,,14
834-47-2893,02/03/2024,6:55:00 am,E. Kearle,Female,77,Two or More Races,None,Admission,,56
781-40-0701,02/03/2024,7:16:00 pm,A. Kuhne,Male,26,Declined to Identify,None,Not Admission,,55
575-15-0423,02/03/2024,12:46:00 pm,T. Ruane,Male,21,Asian,None,Admission,,48
293-18-7287,02/03/2024,4:03:00 pm,M. Hortop,Female,63,African American,Orthopedics,Not Admission,,49
793-46-7396,02/03/2024,8:53:00 pm,R. Scurrey,Male,64,Asian,None,Admission,4,22
481-80-2217,02/03/2024,5:20:00 pm,E. Billham,Female,15,White,None,Not Admission,,55
346-71-7552,02/03/2024,7:45:00 am,H. Ellor,Male,56,White,None,Not Admission,,55
849-72-8939,02/03/2024,3:31:00 pm,R. Comber,Female,65,White,None,Admission,,24
691-55-9602,02/03/2024,11:23:00 pm,W. Besson,Female,34,Declined to Identify,None,Not Admission,,48
749-55-7622,02/03/2024,7:39:00 pm,A. Weadick,Male,48,Asian,General Practice,Not Admission,,21
147-55-5405,02/03/2024,4:20:00 am,L. Crolly,Female,79,White,None,Admission,,11
441-90-9274,02/03/2024,1:53:00 pm,T. Proger,Male,46,Asian,None,Not Admission,,16
611-62-1333,02/03/2024,3:50:00 am,T. Ianetti,Male,51,Pacific Islander,General Practice,Not Admission,4,40
380-20-7996,02/03/2024,10:19:00 pm,Y. Wilcocke,Male,62,Two or More Races,None,Not Admission,,51
744-26-5135,02/03/2024,4:08:00 pm,H. Francais,Male,29,White,None,Admission,,32
245-93-0711,02/03/2024,9:50:00 am,L. Oldknowe,Female,67,Two or More Races,Orthopedics,Admission,,47
724-35-7305,02/03/2024,5:26:00 am,U. Margery,Female,67,African American,Gastroenterology,Admission,,34
393-27-7025,02/02/2024,7:05:00 pm,Y. MacCarroll,Male,28,White,None,Admission,,49
524-87-1820,02/02/2024,1:08:00 am,U. Riggeard,Female,56,White,None,Not Admission,5,43
640-48-4878,02/02/2024,6:33:00 am,M. Elvy,Male,59,Pacific Islander,None,Not Admission,,43
377-92-8039,02/02/2024,2:08:00 pm,G. Vogelein,Male,61,White,Gastroenterology,Admission,8,58
826-59-4131,02/02/2024,5:22:00 am,N. Crim,Male,62,Declined to Identify,None,Not Admission,,31
208-42-8204,02/02/2024,12:27:00 am,E. Andrichuk,Female,52,Asian,Orthopedics,Admission,,58
617-79-1591,02/02/2024,11:56:00 am,E. Cromer,Female,22,White,General Practice,Admission,4,45
330-63-9568,02/02/2024,11:58:00 pm,U. Mungane,Female,24,Pacific Islander,None,Admission,,37
192-63-0250,02/02/2024,5:20:00 am,K. Hucke,Female,63,Two or More Races,None,Not Admission,,45
168-07-4106,02/02/2024,3:13:00 am,P. Monnoyer,Female,19,White,None,Admission,6,45
895-46-4134,02/12/2023,5:46:00 pm,H. Presslie,Male,18,Asian,Orthopedics,Not Admission,8,24
443-73-2447,02/12/2023,8:03:00 pm,M. Bradock,Male,21,White,General Practice,Admission,,27
646-30-8991,02/12/2023,12:39:00 pm,D. Coppard,Female,13,African American,General Practice,Admission,2,52
231-48-2951,02/12/2023,9:24:00 pm,N. Spry,Female,22,Native American/Alaska Native,None,Not Admission,,35
247-90-4774,02/12/2023,3:11:00 am,W. Dioniso,Female,14,Two or More Races,Orthopedics,Admission,,26
559-89-5498,02/12/2023,4:39:00 am,U. Holmyard,Male,39,White,None,Admission,,37
273-14-8894,02/12/2023,5:10:00 pm,K. Booij,Female,55,White,None,Not Admission,,28
312-94-8735,02/12/2023,7:36:00 pm,D. Coutthart,Female,69,Asian,Orthopedics,Admission,,37
234-88-9106,02/12/2023,1:25:00 am,K. Melhuish,Female,3,White,None,Admission,1,39
280-30-4207,02/12/2023,7:39:00 pm,Z. Harrell,Male,62,Declined to Identify,General Practice,Not Admission,,41
353-11-2559,02/12/2023,8:38:00 pm,V. Pollington,Female,49,Asian,None,Not Admission,10,15
134-19-0064,02/12/2023,8:44:00 am,D. Boston,Female,66,Native American/Alaska Native,None,Admission,,54
496-54-0698,02/12/2023,4:58:00 am,C. Knee,Female,75,Two or More Races,None,Admission,1,26
795-19-2691,02/12/2023,5:07:00 pm,V. Kennermann,Male,77,Asian,None,Not Admission,,42
406-82-7977,02/12/2023,1:52:00 am,F. Brassill,Female,55,Two or More Races,None,Admission,,48
533-97-4597,02/11/2023,1:04:00 pm,D. Dudny,Male,71,African American,Orthopedics,Not Admission,1,10
736-65-1711,02/11/2023,11:34:00 am,U. Rumble,Female,55,White,General Practice,Not Admission,,39
568-02-8859,02/11/2023,12:32:00 pm,R. Oehme,Female,18,White,None,Admission,,19
833-73-2750,02/11/2023,4:28:00 pm,A. Eisold,Male,58,African American,General Practice,Not Admission,,44
180-27-1558,02/11/2023,2:32:00 pm,F. Stacy,Female,20,African American,Orthopedics,Not Admission,,52
710-28-6576,02/11/2023,1:57:00 pm,A. Levens,Male,36,White,Orthopedics,Not Admission,2,19
609-61-5196,02/11/2023,2:42:00 pm,M. Knowlson,Male,43,Two or More Races,Gastroenterology,Not Admission,9,39
545-10-8265,02/11/2023,10:13:00 am,D. Flag,Male,9,Two or More Races,None,Not Admission,,36
744-88-0950,02/11/2023,2:37:00 am,W. Grove,Male,79,Two or More Races,General Practice,Admission,4,38
677-85-0125,02/11/2023,12:26:00 am,R. Bettis,Male,29,Asian,General Practice,Admission,9,18
282-68-5174,02/11/2023,8:55:00 pm,T. Ovise,Female,13,African American,None,Admission,,17
456-44-1674,02/11/2023,4:33:00 am,J. Benyon,Male,50,African American,General Practice,Not Admission,3,16
844-57-2534,02/10/2024,7:06:00 pm,V. Dincke,Female,42,Two or More Races,None,Not Admission,,54
563-60-9618,02/10/2024,12:20:00 pm,D. Golden of Ireland,Female,71,African American,None,Admission,,30
786-85-5090,02/10/2024,1:21:00 pm,X. Enderle,Female,18,Asian,None,Admission,,50
709-11-5958,02/10/2024,2:46:00 am,H. MacDavitt,Male,50,Declined to Identify,None,Admission,,16
486-69-4084,02/10/2024,5:57:00 pm,X. Dussy,Male,1,African American,General Practice,Not Admission,,49
851-43-5041,02/10/2024,6:09:00 pm,Z. Bearman,Female,62,Native American/Alaska Native,None,Admission,,47
223-81-5903,02/10/2024,12:16:00 am,X. Buzek,Male,50,White,None,Not Admission,,45
279-74-0305,02/10/2024,8:22:00 am,L. Rotte,Male,2,White,Orthopedics,Admission,8,16
731-56-8237,02/10/2024,8:29:00 pm,Z. Trunkfield,Female,20,Native American/Alaska Native,None,Not Admission,,28
789-25-4400,02/10/2024,10:12:00 pm,C. Marcham,Male,74,Two or More Races,None,Not Admission,,60
693-51-3327,02/10/2024,3:01:00 am,J. Grimbaldeston,Male,2,Declined to Identify,None,Admission,,29
813-42-2947,02/10/2023,2:06:00 pm,K. Lumbers,Female,25,African American,None,Not Admission,,34
655-74-2551,02/10/2023,5:22:00 pm,O. Fayne,Male,56,Two or More Races,None,Not Admission,,57
468-13-6713,02/10/2023,7:30:00 am,W. Cancutt,Male,21,Two or More Races,None,Not Admission,,29
830-11-3808,02/10/2023,5:02:00 pm,E. Binder,Male,49,African American,Orthopedics,Not Admission,5,51
741-09-8624,02/10/2023,4:06:00 am,S. Bonnette,Male,10,White,None,Not Admission,,40
328-39-9275,02/10/2023,10:02:00 am,U. Birkbeck,Female,48,White,None,Not Admission,8,26
296-40-3993,02/10/2023,8:27:00 am,P. Goodley,Male,8,Two or More Races,None,Admission,,15
838-27-1967,02/10/2023,2:35:00 pm,Y. Haining,Female,66,Asian,Neurology,Not Admission,6,45
731-69-1969,02/10/2023,10:26:00 am,X. Storck,Male,26,African American,None,Not Admission,0,13
527-62-7143,02/10/2023,2:27:00 pm,W. Giffkins,Male,4,African American,General Practice,Not Admission,,41
201-24-7259,02/10/2023,10:45:00 pm,M. Ambrosini,Female,70,Native American/Alaska Native,General Practice,Not Admission,,25
473-65-5369,02/10/2023,4:20:00 am,N. Loader,Male,54,Two or More Races,None,Admission,0,26
218-25-1042,02/10/2023,6:53:00 pm,Y. Brazener,Male,77,Two or More Races,None,Not Admission,,36
292-37-1568,02/10/2023,10:18:00 am,E. Lidgely,Female,65,Pacific Islander,Orthopedics,Not Admission,,29
771-94-6870,02/01/2024,9:16:00 pm,Z. Muccino,Male,18,African American,Orthopedics,Not Admission,,55
487-70-4415,02/01/2024,3:05:00 am,Q. Stenbridge,Male,2,White,None,Admission,,58
802-89-4548,02/01/2024,5:06:00 pm,P. Soro,Female,26,Asian,None,Admission,,49
269-62-2200,02/01/2024,3:22:00 am,W. Barzen,Male,17,White,None,Admission,0,51
340-71-1290,02/01/2024,8:14:00 pm,T. Jaquemar,Male,43,White,General Practice,Not Admission,0,41
288-47-4512,02/01/2024,9:04:00 pm,Q. Quene,Male,56,White,None,Admission,,39
409-55-2108,02/01/2024,2:06:00 pm,R. Buller,Male,6,African American,Orthopedics,Admission,,19
780-28-1491,02/01/2024,5:16:00 pm,U. Lambert-Ciorwyn,Female,16,African American,None,Not Admission,1,29
184-06-3568,02/01/2024,10:31:00 pm,I. Boyford,Male,30,African American,General Practice,Not Admission,,12
308-11-3429,02/01/2024,7:09:00 am,D. Wyldbore,Male,3,African American,General Practice,Admission,,27
827-65-1958,02/01/2024,7:07:00 am,E. D'Oyly,Female,38,White,None,Admission,6,57
689-43-8910,02/01/2024,5:46:00 pm,T. Passo,Male,47,Native American/Alaska Native,General Practice,Admission,,32
621-62-5464,02/01/2024,6:53:00 pm,I. Gawthorp,Female,40,White,General Practice,Not Admission,9,17
328-14-5591,02/01/2024,2:33:00 am,L. Shambrooke,Male,59,African American,None,Not Admission,5,49
834-85-5897,19/12/2023,6:15:00 pm,G. Jindracek,Male,38,White,General Practice,Not Admission,,20
485-61-8521,19/12/2023,2:02:00 am,F. Myhill,Male,54,Declined to Identify,Gastroenterology,Not Admission,10,41
352-37-6251,19/12/2023,10:13:00 pm,U. Ockendon,Male,17,White,Physiotherapy,Not Admission,,52
439-49-1454,19/12/2023,6:57:00 pm,A. McKag,Female,70,African American,Renal,Admission,,56
577-11-8469,19/12/2023,9:11:00 am,S. Atyea,Male,55,White,None,Admission,,33
394-51-8661,19/12/2023,2:11:00 am,F. Lepick,Female,20,Pacific Islander,Orthopedics,Admission,9,38
124-05-9790,19/12/2023,11:45:00 pm,X. Bohman,Female,56,African American,None,Not Admission,,30
568-07-4724,19/12/2023,5:31:00 am,Z. Meeke,Female,9,African American,Gastroenterology,Not Admission,8,51
394-95-1221,19/12/2023,1:30:00 pm,N. Pulbrook,Male,67,White,None,Not Admission,,47
743-51-2071,19/12/2023,2:43:00 am,A. Noot,Male,36,Native American/Alaska Native,None,Admission,,17
631-77-8384,19/12/2023,9:58:00 pm,D. Dutteridge,Female,38,White,General Practice,Not Admission,,24
828-82-9788,19/12/2023,5:32:00 pm,F. Dienes,Female,19,African American,None,Not Admission,,32
162-04-2630,19/12/2023,7:34:00 am,R. Velde,Male,9,African American,None,Not Admission,,16
746-63-8309,19/12/2023,7:47:00 pm,B. Coughlan,Female,77,Declined to Identify,None,Admission,,44
817-05-6112,19/12/2023,8:24:00 pm,U. O'Duggan,Female,48,White,None,Admission,,19
206-57-4155,19/12/2023,10:41:00 pm,X. Belle,Male,49,Two or More Races,Cardiology,Not Admission,,29
113-39-4847,19/12/2023,8:24:00 pm,B. Brixey,Female,74,Pacific Islander,None,Admission,,21
426-68-4159,19/12/2023,10:13:00 am,W. Tebald,Female,30,White,General Practice,Admission,,23
529-39-2765,19/12/2023,1:21:00 pm,D. Gerish,Male,21,Declined to Identify,Orthopedics,Admission,,40
340-51-9084,19/12/2023,3:32:00 pm,F. Fullylove,Male,79,White,Physiotherapy,Not Admission,,39
812-38-6594,19/11/2023,7:44:00 am,A. Schoroder,Male,29,Native American/Alaska Native,None,Not Admission,,24
678-73-4267,19/11/2023,2:10:00 pm,S. Latch,Female,1,White,None,Not Admission,2,37
207-52-3908,19/11/2023,2:19:00 pm,M. Dikels,Female,20,White,Orthopedics,Admission,7,33
397-02-1176,19/11/2023,9:39:00 pm,T. Scamal,Male,34,Two or More Races,None,Not Admission,,39
254-96-4021,19/11/2023,9:39:00 am,C. Jacobsson,Male,52,African American,None,Not Admission,,13
803-55-5052,19/11/2023,11:32:00 am,I. Vinick,Male,77,White,Orthopedics,Admission,,45
757-78-3402,19/11/2023,12:02:00 am,M. Marusik,Male,69,Native American/Alaska Native,None,Admission,,31
308-11-1238,19/11/2023,4:51:00 am,I. Godlee,Male,27,Native American/Alaska Native,None,Not Admission,7,28
403-57-0555,19/11/2023,6:36:00 pm,V. Nendick,Male,79,African American,None,Admission,0,35
365-46-9248,19/11/2023,11:56:00 am,J. Jenyns,Female,77,Declined to Identify,None,Admission,1,56
367-87-1289,19/11/2023,6:47:00 pm,T. Winspur,Female,9,White,None,Not Admission,,17
736-70-5924,19/11/2023,12:15:00 pm,D. Stares,Female,56,Native American/Alaska Native,None,Not Admission,7,24
193-14-0533,19/11/2023,7:58:00 pm,X. Railton,Female,9,African American,None,Admission,,32
771-65-9241,19/11/2023,2:46:00 am,D. Garvey,Female,45,African American,None,Admission,,51
853-74-7180,19/11/2023,12:35:00 am,Q. Tretwell,Female,72,African American,None,Admission,9,14
391-27-7971,19/11/2023,12:20:00 am,C. Poznan,Male,35,Asian,None,Not Admission,3,23
734-73-5251,19/11/2023,1:08:00 am,G. Catteroll,Female,63,African American,None,Admission,,53
516-86-8847,19/11/2023,10:52:00 am,O. Knappitt,Male,24,Two or More Races,None,Admission,,10
521-84-1782,19/11/2023,7:44:00 pm,A. Fidal,Female,32,African American,None,Not Admission,7,14
503-57-6754,19/11/2023,2:56:00 pm,C. Sharpless,Male,14,Asian,Orthopedics,Admission,6,18
200-18-9917,19/11/2023,11:52:00 pm,F. Stanlick,Male,62,Declined to Identify,None,Not Admission,,19
506-63-9917,19/11/2023,2:39:00 am,S. Peniman,Male,47,Two or More Races,Cardiology,Not Admission,6,51
425-31-1479,19/10/2024,6:17:00 am,G. Scogings,Male,5,African American,None,Not Admission,,11
895-94-4956,19/10/2024,3:24:00 am,G. McEntagart,Male,77,African American,None,Not Admission,,50
206-38-8998,19/10/2024,10:03:00 pm,B. Gotmann,Female,6,African American,None,Admission,5,43
415-42-6730,19/10/2024,4:42:00 pm,K. Pastor,Female,12,Native American/Alaska Native,General Practice,Not Admission,,26
835-50-8973,19/10/2024,5:26:00 pm,F. Dabbs,Male,18,White,Physiotherapy,Not Admission,,11
662-33-7487,19/10/2024,8:48:00 am,M. Fancy,Male,56,White,None,Admission,,47
759-80-5949,19/10/2024,3:55:00 am,Z. Maccree,Female,49,White,General Practice,Not Admission,9,46
735-88-2026,19/10/2024,10:31:00 am,S. Learmonth,Male,45,White,None,Not Admission,6,34
427-91-7040,19/10/2024,3:51:00 am,G. Lorant,Male,48,White,None,Admission,,55
769-41-8217,19/10/2024,2:18:00 am,X. Gentzsch,Female,55,Declined to Identify,None,Not Admission,,58
531-24-1621,19/10/2024,6:47:00 pm,N. MacParlan,Male,37,Two or More Races,None,Not Admission,,45
375-77-7547,19/10/2024,9:21:00 pm,A. Haine,Female,48,African American,Cardiology,Admission,,55
484-88-1995,19/10/2024,1:14:00 pm,G. Eyree,Female,28,Pacific Islander,General Practice,Admission,,53
192-66-9492,19/10/2024,2:33:00 pm,U. Mingardo,Male,40,African American,None,Admission,,29
756-39-1456,19/10/2024,8:58:00 am,C. Nanson,Male,58,African American,None,Not Admission,,49
754-29-7388,19/10/2024,7:31:00 am,I. Somerville,Male,22,Two or More Races,General Practice,Admission,,16
425-47-5893,19/10/2023,3:22:00 pm,O. Scotson,Female,7,Declined to Identify,Physiotherapy,Admission,,52
805-12-6491,19/10/2023,6:57:00 pm,Y. Collcott,Female,53,Two or More Races,None,Not Admission,9,47
444-43-8680,19/10/2023,9:10:00 pm,L. Grandin,Male,74,Two or More Races,None,Admission,,23
303-93-1485,19/10/2023,4:57:00 pm,V. Erdes,Male,13,White,Orthopedics,Admission,,28
735-24-8199,19/10/2023,4:05:00 am,P. Causton,Female,6,Native American/Alaska Native,None,Not Admission,,40
330-88-2389,19/10/2023,7:33:00 am,W. Rosenfrucht,Female,73,White,None,Not Admission,,45
198-17-1345,19/10/2023,7:27:00 am,X. Busse,Female,56,African American,None,Admission,,57
358-91-0735,19/10/2023,11:21:00 pm,H. Dallas,Female,63,White,None,Not Admission,3,42
355-69-4576,19/10/2023,11:23:00 pm,J. Gehrts,Male,27,African American,None,Not Admission,,28
731-05-5462,19/10/2023,1:00:00 am,L. Barwack,Male,53,White,None,Admission,1,40
376-97-1223,19/10/2023,11:52:00 pm,W. Greenier,Female,64,White,None,Admission,,26
215-82-5429,19/10/2023,2:46:00 pm,Q. Goodread,Female,50,African American,None,Admission,9,57
499-82-8133,19/10/2023,6:20:00 pm,N. Clewer,Female,49,African American,None,Admission,9,58
504-53-3068,19/10/2023,8:45:00 pm,E. Pate,Female,25,Pacific Islander,Orthopedics,Not Admission,,55
385-18-4317,19/10/2023,8:40:00 pm,Y. Estable,Male,12,Declined to Identify,None,Admission,10,47
214-01-2199,19/10/2023,9:13:00 am,A. Dundendale,Female,3,Declined to Identify,Cardiology,Admission,,12
251-06-3146,19/10/2023,4:42:00 am,H. Cockett,Male,44,Declined to Identify,General Practice,Admission,6,19
564-64-5838,19/09/2024,4:40:00 am,M. Driffill,Female,40,Asian,None,Admission,,44
400-71-7034,19/09/2024,5:13:00 am,P. Carrick,Male,46,White,General Practice,Admission,5,14
269-69-8639,19/09/2024,10:49:00 am,O. Rochester,Female,55,Declined to Identify,Renal,Not Admission,,18
241-30-9186,19/09/2024,11:06:00 pm,J. Style,Female,60,African American,None,Admission,,20
403-72-3420,19/09/2024,12:21:00 am,Y. Hallihan,Male,32,African American,None,Not Admission,7,15
688-49-8033,19/09/2024,2:14:00 pm,J. Prandin,Female,17,African American,Orthopedics,Admission,,51
486-16-3524,19/09/2024,11:19:00 pm,V. Haitlie,Female,33,White,General Practice,Not Admission,,38
852-95-0715,19/09/2024,10:37:00 pm,T. Antrim,Male,38,White,None,Admission,,12
607-90-7919,19/09/2024,5:15:00 am,Y. Raynard,Male,1,White,None,Not Admission,,34
585-53-3267,19/09/2024,11:50:00 pm,R. Alpine,Female,5,Declined to Identify,None,Not Admission,,31
274-79-2232,19/09/2024,6:34:00 pm,J. Murty,Female,55,Pacific Islander,Orthopedics,Not Admission,,49
415-37-9603,19/09/2024,11:21:00 pm,N. Heball,Male,17,African American,None,Admission,2,31
776-93-8725,19/09/2024,5:14:00 pm,J. Ruegg,Male,75,African American,None,Not Admission,,13
783-94-4066,19/09/2023,8:20:00 am,G. Malkin,Male,13,Pacific Islander,Orthopedics,Not Admission,,46
279-22-7228,19/09/2023,4:10:00 pm,O. Suttell,Male,18,African American,None,Admission,,19
592-59-2509,19/09/2023,1:55:00 am,D. Flageul,Female,15,Declined to Identify,None,Admission,0,43
882-39-1200,19/09/2023,5:19:00 am,P. Walak,Male,10,Two or More Races,Orthopedics,Not Admission,,55
397-28-4915,19/09/2023,12:56:00 pm,J. Paddington,Female,2,African American,General Practice,Admission,,56
370-63-5659,19/09/2023,10:33:00 pm,R. Duce,Female,63,Declined to Identify,Orthopedics,Admission,9,25
722-10-2750,19/09/2023,10:15:00 pm,A. Oldroyd,Male,37,African American,None,Not Admission,,14
504-24-1823,19/09/2023,4:50:00 pm,X. Delafoy,Male,1,Two or More Races,None,Not Admission,,53
875-52-8869,19/09/2023,5:11:00 am,T. Wand,Male,64,Pacific Islander,None,Not Admission,,20
115-06-8540,19/09/2023,4:47:00 pm,W. Jouannisson,Male,39,African American,General Practice,Not Admission,,21
587-88-2144,19/09/2023,4:07:00 pm,D. Armfirld,Female,48,White,None,Admission,,14
381-53-8528,19/09/2023,4:49:00 pm,A. Roundtree,Female,51,White,None,Admission,,36
319-25-3554,19/09/2023,9:04:00 pm,T. Baelde,Male,38,Two or More Races,Orthopedics,Not Admission,,60
359-29-3726,19/09/2023,9:40:00 am,D. MacCaig,Male,62,African American,None,Admission,,15
457-56-1772,19/09/2023,2:49:00 am,N. Sheraton,Female,36,Two or More Races,Physiotherapy,Admission,,22
741-91-5044,19/09/2023,3:40:00 am,I. Dallan,Male,5,White,Orthopedics,Admission,,57
628-73-1801,19/09/2023,1:53:00 am,C. McMurty,Male,37,Declined to Identify,None,Admission,,57
422-06-3911,19/09/2023,3:30:00 pm,L. Needham,Female,43,Two or More Races,None,Not Admission,,25
566-62-7832,19/09/2023,10:48:00 pm,F. Hars,Female,52,Two or More Races,General Practice,Not Admission,1,30
555-46-4291,19/09/2023,1:44:00 pm,H. Pidgley,Male,5,White,Orthopedics,Not Admission,,21
435-86-3142,19/09/2023,4:10:00 pm,C. Knocker,Male,72,Two or More Races,None,Admission,,26
429-56-5566,19/08/2024,1:20:00 am,Z. Groundwator,Female,70,Declined to Identify,None,Not Admission,,27
331-49-1782,19/08/2024,5:13:00 pm,U. Siegertsz,Female,13,Two or More Races,General Practice,Admission,,14
889-61-1482,19/08/2024,5:03:00 pm,T. Godfree,Male,26,Asian,None,Not Admission,,42
293-45-9729,19/08/2024,12:01:00 pm,F. Francais,Female,15,White,Cardiology,Not Admission,,40
340-01-2682,19/08/2024,3:19:00 am,X. Kellert,Female,29,Asian,None,Admission,,56
710-35-3311,19/08/2024,10:33:00 am,F. Somerscales,Female,29,Two or More Races,None,Admission,,18
249-96-3585,19/08/2024,3:01:00 am,F. Salisbury,Female,36,White,None,Not Admission,,37
124-83-1571,19/08/2024,4:40:00 am,R. Janik,Female,44,White,General Practice,Not Admission,,56
206-77-0609,19/08/2024,9:52:00 pm,F. Ziemen,Female,26,White,None,Admission,,29
564-01-7734,19/08/2024,10:53:00 pm,D. Tomblett,Male,52,African American,Orthopedics,Admission,,22
713-88-3339,19/08/2024,3:27:00 pm,T. Scrowston,Female,41,Asian,None,Not Admission,,48
766-83-5972,19/08/2024,3:45:00 am,F. Durnill,Female,42,White,General Practice,Not Admission,4,39
380-97-2809,19/08/2024,2:17:00 am,T. Gosford,Female,43,Asian,None,Not Admission,9,47
395-31-5947,19/08/2024,1:18:00 pm,F. Sheal,Male,35,Asian,General Practice,Not Admission,,12
526-22-4659,19/08/2024,1:41:00 pm,J. Howitt,Female,64,Pacific Islander,None,Not Admission,,15
841-68-4981,19/08/2024,12:10:00 am,D. Cotterell,Male,8,African American,Physiotherapy,Not Admission,,37
693-79-7901,19/08/2024,12:38:00 pm,K. Martinyuk,Female,16,Pacific Islander,None,Not Admission,,28
735-07-3139,19/08/2024,1:54:00 am,D. Kroll,Female,29,Native American/Alaska Native,General Practice,Admission,,20
738-40-0844,19/08/2024,10:20:00 pm,K. Seymer,Female,71,Native American/Alaska Native,None,Not Admission,,45
277-10-3005,19/08/2023,9:10:00 am,C. Bartolomieu,Male,65,African American,None,Not Admission,,13
874-40-5379,19/08/2023,11:07:00 am,N. Bagworth,Male,14,Declined to Identify,Physiotherapy,Not Admission,,10
876-21-0868,19/08/2023,12:06:00 pm,Q. Pheazey,Female,29,African American,General Practice,Not Admission,4,45
480-63-9268,19/08/2023,7:39:00 am,X. Muzzullo,Female,61,White,None,Admission,,33
343-46-6292,19/08/2023,2:37:00 pm,K. Clarke,Male,25,African American,General Practice,Admission,,38
762-44-7104,19/08/2023,10:46:00 pm,C. Lerwill,Male,65,African American,None,Admission,2,28
196-37-4530,19/08/2023,11:35:00 pm,O. Lovewell,Female,3,White,General Practice,Not Admission,5,42
714-04-8028,19/08/2023,4:35:00 pm,Z. Bakesef,Female,53,White,None,Not Admission,,39
818-72-0858,19/08/2023,3:34:00 pm,L. Mackilpatrick,Male,65,White,General Practice,Admission,,15
758-51-4409,19/08/2023,4:10:00 pm,R. Scrogges,Female,78,Two or More Races,None,Not Admission,,26
433-92-8562,19/08/2023,8:00:00 pm,Z. Kenworthey,Female,34,White,Renal,Admission,8,42
610-91-1866,19/08/2023,9:43:00 am,P. Cabell,Female,38,African American,None,Admission,,54
242-09-7129,19/08/2023,11:15:00 pm,Z. Mertsching,Male,36,White,General Practice,Admission,,55
418-06-2956,19/08/2023,4:28:00 pm,X. Tarver,Female,6,Declined to Identify,General Practice,Admission,,60
621-08-1059,19/08/2023,6:15:00 pm,K. Baal,Female,9,White,None,Admission,10,10
713-59-1709,19/08/2023,7:43:00 pm,Q. Vears,Female,33,White,None,Not Admission,,13
427-73-9830,19/07/2024,4:31:00 am,S. Hof,Female,15,White,Gastroenterology,Admission,,12
744-40-8093,19/07/2024,4:15:00 pm,D. Kingdon,Female,42,Two or More Races,General Practice,Not Admission,,40
744-52-3785,19/07/2024,8:58:00 am,A. Josuweit,Male,60,White,Orthopedics,Admission,,47
200-75-7847,19/07/2024,10:49:00 pm,A. Minghetti,Female,74,Asian,None,Not Admission,,51
364-59-6845,19/07/2024,5:43:00 am,M. Stopps,Male,60,Two or More Races,None,Admission,8,15
731-24-5816,19/07/2024,1:58:00 pm,G. Snoxall,Male,19,African American,Orthopedics,Admission,,34
318-96-4834,19/07/2024,8:24:00 am,E. Timewell,Female,6,White,None,Admission,,18
418-68-8857,19/07/2024,6:27:00 am,X. Sawkin,Female,4,African American,Orthopedics,Not Admission,,58
555-04-4632,19/07/2024,10:42:00 am,M. Cooksey,Female,32,African American,General Practice,Not Admission,,36
149-70-8508,19/07/2024,2:24:00 pm,A. Hammand,Female,8,White,General Practice,Admission,,19
745-14-6527,19/07/2024,1:27:00 pm,F. Theze,Male,17,White,None,Not Admission,,10
465-96-7433,19/07/2024,4:21:00 am,W. Willshee,Female,57,African American,Orthopedics,Admission,,30
575-64-1293,19/07/2024,9:30:00 pm,F. Mellem,Female,55,Two or More Races,General Practice,Admission,9,25
654-56-7769,19/07/2024,6:36:00 am,F. Enticott,Male,29,White,None,Not Admission,,56
175-48-0991,19/07/2024,4:43:00 pm,I. Safell,Male,11,White,None,Admission,8,46
522-70-1823,19/07/2024,10:26:00 pm,H. McKeighen,Female,10,White,None,Not Admission,,20
178-38-6834,19/07/2024,2:11:00 am,C. Strand,Female,16,African American,None,Not Admission,,45
610-49-9067,19/07/2023,9:09:00 pm,U. Heady,Male,54,White,None,Admission,,49
721-19-3123,19/07/2023,3:23:00 am,I. Franzelini,Female,9,African American,None,Not Admission,,23
706-72-9405,19/07/2023,11:44:00 pm,W. Tuckerman,Male,32,African American,General Practice,Not Admission,1,46
417-69-4255,19/07/2023,1:25:00 am,S. Prene,Male,64,White,None,Admission,9,16
516-40-9905,19/07/2023,1:11:00 am,Z. Bidwell,Male,12,Asian,General Practice,Not Admission,,44
592-78-5794,19/07/2023,9:23:00 am,K. Tessyman,Female,22,Asian,None,Admission,,53
200-47-4120,19/07/2023,10:30:00 am,N. Ricket,Male,77,Pacific Islander,General Practice,Not Admission,3,29
648-51-2873,19/07/2023,4:24:00 am,I. Grimsditch,Male,56,African American,None,Admission,,29
163-38-0459,19/07/2023,3:50:00 pm,N. Lisamore,Female,28,Declined to Identify,None,Not Admission,6,48
433-06-4961,19/07/2023,11:32:00 pm,R. Grigorian,Male,30,Two or More Races,Physiotherapy,Not Admission,,32
709-90-3043,19/07/2023,5:57:00 pm,U. Hindmore,Male,26,Asian,Orthopedics,Not Admission,,29
301-12-6179,19/07/2023,12:35:00 am,A. Giovani,Female,33,Two or More Races,Orthopedics,Admission,9,51
295-95-8304,19/07/2023,6:15:00 am,R. Wimlet,Male,57,White,None,Not Admission,,12
397-75-3081,19/07/2023,1:56:00 am,H. Jahan,Female,44,Pacific Islander,None,Not Admission,,52
195-87-9475,19/07/2023,7:40:00 am,V. Lofty,Male,19,African American,General Practice,Admission,,33
348-60-8619,19/07/2023,3:48:00 pm,N. Tummond,Female,22,African American,None,Admission,,36
778-57-1512,19/06/2024,2:14:00 am,G. MacCall,Female,3,Declined to Identify,General Practice,Not Admission,,40
502-37-4117,19/06/2024,1:03:00 am,Z. Linsey,Male,51,African American,None,Not Admission,,22
711-16-5014,19/06/2024,9:12:00 pm,L. Frostdyke,Male,49,African American,Orthopedics,Not Admission,,18
100-72-5705,19/06/2024,10:16:00 pm,N. Dudny,Female,60,African American,None,Admission,,45
154-15-2617,19/06/2024,10:08:00 am,S. Copyn,Female,50,White,None,Not Admission,,38
435-77-6310,19/06/2024,12:17:00 pm,C. Pedrol,Male,25,Two or More Races,None,Admission,,45
814-16-5063,19/06/2024,8:35:00 am,E. Sheasby,Female,78,Two or More Races,Orthopedics,Not Admission,,47
753-69-8444,19/06/2024,4:22:00 am,G. Swatman,Male,37,Asian,General Practice,Not Admission,,16
738-87-2087,19/06/2024,1:47:00 pm,Y. Jiroudek,Female,3,Asian,None,Admission,3,18
581-87-1825,19/06/2024,3:26:00 pm,H. Benstead,Female,52,Declined to Identify,None,Not Admission,,55
208-57-1411,19/06/2024,9:40:00 pm,Q. Oxherd,Female,75,White,None,Not Admission,,20
730-17-0598,19/06/2024,11:20:00 am,E. Janas,Male,15,White,General Practice,Not Admission,,12
272-82-0727,19/06/2024,12:53:00 pm,P. Meegan,Male,62,Declined to Identify,General Practice,Not Admission,6,42
880-77-9403,19/06/2023,8:26:00 am,W. Benbrick,Male,3,African American,Cardiology,Not Admission,0,59
807-93-4330,19/06/2023,3:48:00 am,V. Cordy,Female,76,Asian,None,Admission,,56
298-36-1790,19/06/2023,12:07:00 am,K. Scole,Male,28,White,None,Admission,,39
680-36-3688,19/06/2023,4:34:00 am,G. Ricciardiello,Female,79,African American,None,Admission,,12
255-92-2375,19/06/2023,3:06:00 am,N. Jerdan,Male,70,Asian,None,Admission,4,17
357-99-1739,19/06/2023,2:05:00 pm,M. Culpin,Male,2,Asian,General Practice,Admission,9,22
269-47-7139,19/06/2023,12:53:00 am,C. Treadway,Male,44,African American,Gastroenterology,Admission,,17
300-02-0984,19/06/2023,12:54:00 am,G. Hatto,Male,42,African American,General Practice,Not Admission,,33
229-78-0810,19/06/2023,11:26:00 pm,K. Bend,Female,19,White,Orthopedics,Admission,,23
278-16-0978,19/06/2023,2:24:00 am,J. Mutimer,Female,61,White,None,Not Admission,,20
187-74-1267,19/05/2024,2:29:00 pm,L. Tweedlie,Female,3,White,None,Not Admission,,32
691-12-9990,19/05/2024,6:56:00 am,H. Abrahim,Female,33,White,Gastroenterology,Not Admission,,22
146-48-1270,19/05/2024,4:25:00 am,N. McCraine,Female,23,White,None,Not Admission,,11
777-40-5097,19/05/2024,12:09:00 pm,O. Pancoast,Female,40,Declined to Identify,None,Not Admission,,49
678-30-9293,19/05/2024,7:37:00 am,U. Gulleford,Male,29,African American,General Practice,Not Admission,,43
430-41-7125,19/05/2024,7:05:00 pm,K. Grimston,Male,67,African American,None,Admission,,37
374-23-7586,19/05/2024,10:25:00 am,O. Coxhell,Male,7,African American,None,Not Admission,,29
498-09-0568,19/05/2024,9:52:00 am,G. Fazackerley,Male,6,White,None,Not Admission,3,45
537-31-9022,19/05/2024,9:04:00 am,F. Stellman,Male,63,Declined to Identify,General Practice,Admission,,32
208-33-2877,19/05/2024,1:41:00 pm,P. Chomicki,Female,1,Declined to Identify,Physiotherapy,Admission,5,36
864-78-5560,19/05/2024,7:44:00 pm,Q. Coleson,Male,14,Asian,Physiotherapy,Not Admission,,13
749-77-6720,19/05/2024,3:33:00 am,V. Pollard,Male,2,White,None,Not Admission,,51
349-54-7421,19/05/2024,4:36:00 pm,V. Leeves,Female,54,Pacific Islander,None,Admission,,34
541-24-1870,19/05/2024,8:27:00 am,Q. Hedney,Female,32,Native American/Alaska Native,None,Admission,3,60
639-61-4158,19/05/2024,7:09:00 pm,O. Orgen,Male,30,Asian,None,Not Admission,,26
457-95-6519,19/05/2024,1:09:00 am,Z. Betancourt,Male,35,African American,General Practice,Admission,,20
489-27-7349,19/05/2023,2:44:00 am,T. Searl,Female,27,Pacific Islander,None,Not Admission,,25
424-57-9056,19/05/2023,7:37:00 am,Q. Onthank,Female,73,Pacific Islander,None,Not Admission,,58
413-65-7874,19/05/2023,1:42:00 am,D. Dinzey,Female,28,White,None,Not Admission,,55
163-65-7783,19/05/2023,5:01:00 am,E. Cordelette,Male,57,African American,None,Admission,,35
656-95-1748,19/05/2023,7:59:00 pm,M. Surgison,Male,43,White,General Practice,Admission,,55
694-03-3604,19/05/2023,1:48:00 am,D. Stollsteimer,Male,13,Two or More Races,None,Admission,,33
522-83-0267,19/05/2023,1:57:00 am,M. Mainson,Male,21,African American,Physiotherapy,Not Admission,,17
405-19-7318,19/05/2023,2:01:00 pm,K. Jandl,Male,53,White,Cardiology,Not Admission,6,35
140-58-6732,19/05/2023,11:26:00 am,M. Freake,Female,46,White,Physiotherapy,Not Admission,,45
744-37-2731,19/05/2023,7:21:00 am,X. Cassels,Female,38,African American,General Practice,Not Admission,,30
699-99-8759,19/05/2023,2:05:00 pm,Y. Stebbing,Female,27,White,None,Admission,,31
546-86-5704,19/05/2023,5:34:00 pm,F. Minshull,Male,51,African American,General Practice,Admission,,22
696-37-8120,19/05/2023,10:24:00 am,C. Mattheeuw,Female,74,Declined to Identify,None,Not Admission,,53
140-42-5675,19/05/2023,11:41:00 pm,C. Gilbane,Female,75,Native American/Alaska Native,None,Admission,,56
162-33-3355,19/05/2023,10:26:00 pm,R. Nixon,Male,12,African American,General Practice,Admission,3,36
192-73-1375,19/04/2024,3:15:00 pm,C. Barensen,Male,32,White,General Practice,Not Admission,,15
198-35-6734,19/04/2024,5:22:00 pm,U. Eykel,Male,49,White,None,Admission,,38
546-81-6118,19/04/2024,2:23:00 am,K. Prickett,Female,39,Declined to Identify,None,Not Admission,,14
212-43-9461,19/04/2024,8:15:00 am,L. Pichmann,Female,39,Declined to Identify,Cardiology,Not Admission,,13
819-70-1506,19/04/2024,3:01:00 am,O. De Vere,Female,38,White,None,Admission,0,16
804-46-9415,19/04/2024,9:30:00 am,H. Puddifer,Male,26,Native American/Alaska Native,None,Not Admission,3,10
667-43-0137,19/04/2024,8:21:00 pm,L. Self,Male,79,White,None,Admission,9,42
592-41-3656,19/04/2024,4:42:00 pm,X. Allard,Male,38,Asian,Orthopedics,Not Admission,,32
332-02-9468,19/04/2024,10:36:00 am,U. Beetham,Female,33,African American,Physiotherapy,Not Admission,,19
213-20-9329,19/04/2024,3:30:00 am,G. Dillet,Female,66,Two or More Races,None,Not Admission,,41
863-35-4422,19/04/2024,6:33:00 pm,E. Grzes,Female,10,Asian,None,Admission,0,58
680-97-7540,19/04/2024,11:33:00 pm,J. Ost,Female,4,African American,Orthopedics,Admission,7,15
304-13-0114,19/04/2024,4:38:00 pm,Z. Patrickson,Male,10,Asian,None,Admission,,22
606-92-9021,19/04/2023,8:37:00 pm,G. Kippin,Female,26,Pacific Islander,None,Admission,,30
127-06-6159,19/04/2023,8:48:00 am,T. Matthessen,Female,19,Asian,None,Not Admission,,54
230-18-7731,19/04/2023,9:34:00 am,C. Knoller,Male,17,African American,None,Not Admission,,23
864-37-9908,19/04/2023,1:17:00 pm,Y. Chicco,Female,76,Asian,None,Not Admission,,48
194-48-7359,19/04/2023,5:00:00 am,F. Stowers,Male,60,White,Orthopedics,Not Admission,,38
406-91-4923,19/04/2023,3:29:00 pm,W. Moules,Male,63,Two or More Races,Physiotherapy,Admission,,14
381-34-5796,19/04/2023,4:12:00 pm,E. Guillford,Female,66,Two or More Races,None,Admission,,18
196-41-1005,19/04/2023,3:14:00 am,X. Battin,Male,2,White,Renal,Not Admission,4,52
413-16-2095,19/04/2023,9:32:00 am,M. Daborne,Male,76,White,None,Admission,,35
209-17-1202,19/04/2023,2:01:00 pm,O. Hearst,Female,25,White,None,Admission,,53
449-61-6847,19/04/2023,8:21:00 am,C. Matteacci,Male,24,Declined to Identify,None,Admission,5,42
800-50-8275,19/04/2023,4:52:00 pm,E. Jiroutek,Male,65,Asian,None,Not Admission,6,15
650-10-8629,19/04/2023,2:19:00 am,K. Boater,Male,54,Asian,None,Admission,5,11
636-97-9988,19/04/2023,2:02:00 am,E. Salack,Female,46,Two or More Races,General Practice,Admission,,32
107-66-6733,19/04/2023,7:51:00 am,Y. Padula,Male,78,White,None,Admission,5,35
898-29-8913,19/04/2023,8:32:00 am,B. Champneys,Female,54,Declined to Identify,General Practice,Admission,4,19
858-84-0931,19/04/2023,12:02:00 pm,Y. Eynald,Female,61,Asian,General Practice,Not Admission,,59
658-47-5374,19/04/2023,7:21:00 am,K. Bricknall,Male,17,Pacific Islander,None,Admission,,21
208-89-2644,19/03/2024,7:01:00 am,D. Heeps,Female,62,African American,None,Admission,,36
885-02-5489,19/03/2024,6:38:00 am,A. Melsome,Male,74,African American,Orthopedics,Admission,,28
508-68-9988,19/03/2024,10:20:00 am,A. Treffry,Male,8,African American,General Practice,Admission,9,36
723-41-8126,19/03/2024,10:47:00 am,O. Maslen,Male,1,Declined to Identify,None,Not Admission,,39
741-46-3329,19/03/2024,3:28:00 am,J. Knolles-Green,Male,18,Two or More Races,None,Not Admission,10,47
201-56-8126,19/03/2024,10:15:00 am,K. Daftor,Male,60,African American,Orthopedics,Admission,,39
151-12-1817,19/03/2024,3:00:00 am,R. Murrhaupt,Female,17,Asian,Cardiology,Admission,,58
390-65-7711,19/03/2024,11:42:00 pm,E. Strass,Male,9,Two or More Races,None,Admission,,11
696-53-4698,19/03/2024,7:10:00 pm,W. Latliff,Male,4,Asian,None,Admission,,49
418-08-2525,19/03/2024,10:00:00 pm,Y. Tate,Female,10,African American,None,Admission,,46
120-29-3911,19/03/2024,6:39:00 pm,P. Corradini,Male,78,Two or More Races,None,Admission,1,52
249-54-0354,19/03/2024,2:01:00 pm,I. Snook,Female,28,African American,None,Not Admission,,45
740-71-8908,19/03/2024,11:32:00 pm,T. Mabone,Female,56,Asian,None,Admission,,50
406-40-1145,19/03/2024,2:23:00 pm,H. Lampet,Female,69,Two or More Races,None,Admission,1,10
718-51-6818,19/02/2024,3:55:00 am,R. Cadalleder,Female,54,Native American/Alaska Native,Orthopedics,Admission,,15
222-82-2788,19/02/2024,1:37:00 pm,L. Giannazzo,Male,10,White,None,Admission,0,24
157-11-4628,19/02/2024,6:48:00 pm,T. Colaco,Female,16,White,General Practice,Admission,7,54
620-19-3129,19/02/2024,10:03:00 am,A. Plumb,Male,70,Asian,Orthopedics,Admission,,55
536-63-0892,19/02/2024,12:32:00 am,P. Lisamore,Male,22,Two or More Races,None,Not Admission,,46
432-34-5614,19/02/2024,6:54:00 am,E. Dewhirst,Female,79,White,None,Not Admission,1,42
467-53-4353,19/02/2024,11:48:00 pm,T. Reucastle,Male,55,Two or More Races,None,Not Admission,,55
153-71-0593,19/02/2024,5:18:00 am,Y. Ellson,Male,14,African American,None,Admission,,34
873-82-4124,19/02/2024,12:37:00 am,Z. Zeale,Male,38,Asian,General Practice,Admission,,38
871-08-2820,19/01/2024,2:50:00 am,H. Whisson,Female,16,Pacific Islander,Physiotherapy,Admission,3,44
782-13-9566,19/01/2024,5:24:00 pm,A. Hallad,Male,79,Pacific Islander,General Practice,Admission,,18
467-99-8996,19/01/2024,3:28:00 am,G. Brame,Female,19,African American,None,Not Admission,5,42
179-24-8770,19/01/2024,8:36:00 pm,Z. Strooband,Female,24,Two or More Races,General Practice,Not Admission,,47
154-02-3266,19/01/2024,10:49:00 pm,E. Behne,Female,64,Native American/Alaska Native,General Practice,Not Admission,,47
759-48-3807,19/01/2024,8:26:00 am,E. Labat,Female,11,White,None,Admission,,56
866-62-4550,19/01/2024,8:19:00 am,F. McBayne,Male,7,White,General Practice,Admission,,28
550-62-2048,19/01/2024,10:19:00 pm,B. Spriggs,Female,73,Asian,None,Not Admission,,43
112-50-3721,19/01/2024,4:35:00 pm,J. Morison,Female,16,Declined to Identify,None,Admission,,60
199-35-7842,19/01/2024,10:46:00 am,F. Legerwood,Female,29,White,None,Not Admission,8,31
203-86-5462,18/12/2023,1:16:00 pm,B. Rival,Male,16,White,None,Admission,,50
386-79-2013,18/12/2023,8:43:00 pm,T. McIlharga,Male,55,Native American/Alaska Native,Renal,Not Admission,1,31
897-54-5606,18/12/2023,2:53:00 am,T. Southall,Male,35,Declined to Identify,Orthopedics,Admission,1,56
385-55-7187,18/12/2023,11:49:00 am,G. Kaysor,Female,62,African American,General Practice,Not Admission,,12
408-38-1483,18/12/2023,8:16:00 pm,R. Canfer,Male,66,Two or More Races,Orthopedics,Admission,7,39
588-32-8125,18/12/2023,6:54:00 am,H. Jacobssen,Male,26,White,Orthopedics,Not Admission,0,11
465-05-1558,18/12/2023,9:07:00 pm,U. Andrioli,Male,12,Pacific Islander,General Practice,Admission,1,56
342-63-6565,18/12/2023,5:47:00 am,L. Sleany,Female,3,Declined to Identify,General Practice,Admission,,16
652-78-3085,18/12/2023,10:37:00 am,M. D'Abbot-Doyle,Male,67,White,None,Admission,,21
645-18-1740,18/12/2023,3:02:00 pm,I. Kopmann,Female,24,Asian,Renal,Not Admission,,37
754-53-5621,18/12/2023,5:57:00 pm,O. Corder,Male,34,Asian,None,Admission,7,11
713-89-1201,18/12/2023,4:00:00 pm,P. Ringer,Male,31,Two or More Races,Orthopedics,Admission,0,26
771-98-0838,18/11/2023,12:52:00 pm,L. Weinmann,Male,77,White,None,Admission,,24
783-67-0223,18/11/2023,1:43:00 am,L. Gullane,Male,30,White,Cardiology,Admission,,56
250-74-5502,18/11/2023,9:34:00 pm,K. Flacke,Male,22,White,None,Not Admission,,59
621-38-5039,18/11/2023,8:42:00 pm,Q. Cuthbert,Male,28,White,None,Not Admission,6,47
754-19-7780,18/11/2023,4:14:00 am,Q. Gregorio,Male,1,White,Orthopedics,Admission,7,51
794-77-1016,18/11/2023,9:46:00 pm,P. McCreath,Female,5,Two or More Races,None,Not Admission,,37
361-42-4250,18/11/2023,9:20:00 pm,J. Haddick,Female,69,Declined to Identify,General Practice,Not Admission,,59
476-45-3645,18/11/2023,4:34:00 am,B. Gres,Female,60,African American,Gastroenterology,Admission,,13
416-45-5565,18/11/2023,7:01:00 am,I. Buckby,Female,20,White,General Practice,Not Admission,,40
307-49-7871,18/11/2023,3:00:00 am,K. Rimour,Female,66,White,Orthopedics,Not Admission,,59
121-98-0821,18/11/2023,11:08:00 am,G. Reams,Male,38,White,None,Admission,,14
220-94-6602,18/11/2023,10:57:00 pm,E. Abbison,Male,44,White,None,Admission,,28
707-26-6477,18/11/2023,1:28:00 am,O. Masey,Female,14,Two or More Races,General Practice,Admission,,47
199-30-3238,18/11/2023,1:23:00 am,J. Buie,Male,15,African American,General Practice,Not Admission,,52
645-90-4320,18/11/2023,7:25:00 pm,L. Simpkins,Female,4,African American,Orthopedics,Not Admission,,26
437-40-4631,18/10/2024,10:48:00 am,B. Hearns,Male,4,White,None,Not Admission,,38
196-92-5233,18/10/2024,5:51:00 am,L. Kellert,Female,71,Pacific Islander,Neurology,Admission,,42
881-82-8123,18/10/2024,4:30:00 pm,Q. Netherwood,Female,21,Pacific Islander,None,Admission,,12
175-46-2862,18/10/2024,2:03:00 am,E. Boules,Female,6,African American,None,Not Admission,5,56
707-44-8386,18/10/2024,3:36:00 pm,V. Scantlebury,Female,3,Asian,None,Not Admission,,15
410-34-5251,18/10/2024,2:24:00 pm,C. Bootyman,Male,24,African American,None,Admission,,21
148-83-0205,18/10/2024,10:29:00 pm,C. Binestead,Male,60,Two or More Races,None,Admission,,21
848-38-2535,18/10/2024,4:14:00 pm,M. Riddington,Male,33,African American,None,Admission,,47
289-89-6208,18/10/2024,11:08:00 pm,A. Merlin,Female,49,White,None,Not Admission,7,20
487-60-3573,18/10/2024,10:46:00 am,L. Ciottoi,Female,22,Asian,None,Not Admission,,13
618-26-5226,18/10/2024,6:11:00 am,L. Heugle,Female,67,White,General Practice,Admission,6,19
177-46-8112,18/10/2024,7:32:00 am,W. McNerlin,Male,40,Two or More Races,None,Admission,,43
552-97-7824,18/10/2024,11:57:00 pm,B. Schindler,Male,67,White,None,Not Admission,,33
279-67-2224,18/10/2024,12:08:00 am,H. Gainsboro,Male,30,White,Orthopedics,Admission,4,14
198-58-7194,18/10/2024,10:28:00 am,R. Ribou,Male,55,African American,None,Not Admission,,28
753-02-8581,18/10/2024,2:00:00 am,S. Daunter,Female,74,White,None,Admission,,53
554-84-1081,18/10/2024,7:15:00 am,J. Barrow,Male,27,Pacific Islander,None,Admission,,58
227-46-4395,18/10/2024,3:57:00 am,B. Casoni,Male,37,White,None,Not Admission,7,52
340-41-2981,18/10/2023,7:06:00 am,I. Deshorts,Female,69,African American,None,Not Admission,10,20
896-70-9335,18/10/2023,6:55:00 am,M. Steinor,Female,49,White,General Practice,Not Admission,,12
505-82-8258,18/10/2023,8:51:00 am,K. Dewer,Female,27,Declined to Identify,Physiotherapy,Admission,,48
322-58-9129,18/10/2023,1:36:00 pm,Z. Cash,Female,50,Asian,None,Admission,,15
807-67-1911,18/10/2023,5:07:00 am,K. Luggar,Female,36,Two or More Races,None,Admission,,51
711-91-1753,18/10/2023,7:28:00 am,T. Oliveras,Female,34,White,General Practice,Not Admission,,46
811-38-7866,18/10/2023,3:57:00 pm,X. Palffrey,Female,7,White,None,Not Admission,1,39
721-57-7739,18/10/2023,11:17:00 am,D. Canby,Female,34,African American,Orthopedics,Not Admission,5,21
162-06-4044,18/10/2023,12:17:00 am,A. Godspede,Female,45,White,None,Not Admission,,27
770-37-1365,18/10/2023,1:22:00 pm,U. Endle,Female,60,African American,None,Admission,,36
618-15-9676,18/10/2023,2:24:00 pm,J. Oldall,Female,63,White,Renal,Admission,,31
346-40-4027,18/10/2023,2:05:00 pm,X. Archdeckne,Female,64,White,Orthopedics,Admission,,26
446-57-0814,18/10/2023,7:48:00 am,D. Schultheiss,Male,50,White,None,Not Admission,,29
575-57-1946,18/10/2023,3:51:00 am,A. Pietrzak,Female,41,African American,None,Admission,4,21
163-72-8040,18/10/2023,11:09:00 am,V. Blueman,Male,54,Two or More Races,Orthopedics,Not Admission,3,47
255-97-8092,18/10/2023,5:45:00 pm,Y. McCosker,Male,21,Declined to Identify,General Practice,Not Admission,,37
378-74-2509,18/10/2023,8:03:00 pm,F. Watkinson,Male,30,African American,Orthopedics,Admission,2,53
699-53-9072,18/10/2023,9:39:00 am,J. Whittle,Female,60,African American,General Practice,Not Admission,,29
376-81-5705,18/10/2023,10:34:00 pm,I. Challin,Male,21,White,None,Not Admission,,53
383-29-8580,18/10/2023,11:05:00 am,I. Danielli,Male,10,Asian,None,Not Admission,,50
432-48-3598,18/10/2023,10:45:00 pm,V. Georgins,Male,77,White,Cardiology,Admission,,46
753-59-2860,18/10/2023,6:17:00 pm,K. Heaps,Female,25,African American,Gastroenterology,Admission,,48
217-35-6245,18/10/2023,2:34:00 pm,A. Quig,Male,6,Two or More Races,None,Not Admission,,36
744-46-3602,18/10/2023,4:47:00 pm,W. Corton,Male,37,Pacific Islander,Neurology,Admission,8,10
850-57-6988,18/10/2023,2:46:00 pm,Q. Cosgrave,Female,6,African American,None,Not Admission,,26
336-91-0183,18/09/2024,9:41:00 am,Z. Clapp,Male,50,African American,General Practice,Not Admission,,46
638-34-1566,18/09/2024,8:33:00 pm,P. Frick,Female,70,Two or More Races,None,Admission,,53
336-02-6807,18/09/2024,1:53:00 pm,O. Kleen,Male,12,African American,General Practice,Not Admission,8,52
808-38-8970,18/09/2024,11:29:00 am,H. Myall,Male,69,African American,None,Admission,,49
522-11-6573,18/09/2024,3:26:00 pm,B. Koba,Male,48,White,Orthopedics,Not Admission,,29
886-24-8880,18/09/2024,6:14:00 am,D. Gilbart,Female,53,African American,Cardiology,Not Admission,10,59
842-59-0940,18/09/2024,9:37:00 am,Z. McDuffie,Female,30,African American,General Practice,Admission,,41
806-98-9898,18/09/2024,9:27:00 pm,M. Zellick,Male,53,African American,General Practice,Admission,,18
267-83-1118,18/09/2024,2:44:00 am,Y. Paviour,Female,60,Native American/Alaska Native,None,Admission,,20
153-91-6324,18/09/2024,8:24:00 pm,B. Vittle,Male,37,Two or More Races,Gastroenterology,Admission,,47
236-73-7073,18/09/2024,4:01:00 am,E. Brandon,Female,69,African American,None,Not Admission,,36
839-47-7307,18/09/2024,6:00:00 am,G. Blunsen,Female,29,Asian,None,Admission,,52
290-43-2174,18/09/2024,7:27:00 am,W. Smallshaw,Female,28,African American,None,Not Admission,,39
818-26-8196,18/09/2024,5:49:00 pm,B. MacNally,Male,26,African American,Orthopedics,Admission,8,38
194-48-5045,18/09/2024,8:27:00 am,L. Dobrowski,Male,6,White,General Practice,Admission,4,13
341-41-1657,18/09/2024,3:55:00 pm,T. Prettejohns,Male,76,Asian,Orthopedics,Not Admission,5,13
529-55-5610,18/09/2023,9:20:00 am,M. Taffs,Male,67,White,None,Admission,10,59
167-31-9013,18/09/2023,10:51:00 am,R. Laxe,Male,13,White,Physiotherapy,Admission,1,39
459-55-5731,18/09/2023,12:31:00 am,S. Jeandot,Female,11,Declined to Identify,General Practice,Not Admission,1,40
408-41-7059,18/09/2023,11:48:00 pm,K. Kilpin,Female,37,White,Cardiology,Not Admission,4,22
174-12-4814,18/09/2023,12:05:00 am,R. Suche,Female,74,African American,Gastroenterology,Not Admission,,51
440-04-5619,18/09/2023,4:12:00 am,P. Kivlehan,Female,48,Two or More Races,Orthopedics,Not Admission,,48
259-38-4930,18/09/2023,9:48:00 am,P. Janton,Male,64,Declined to Identify,None,Admission,,27
393-40-5807,18/09/2023,4:08:00 pm,R. Vossing,Female,7,African American,Gastroenterology,Admission,,32
729-50-4417,18/09/2023,3:39:00 am,C. Yantsev,Male,3,African American,General Practice,Not Admission,,51
862-69-3765,18/09/2023,1:21:00 pm,N. Sumers,Female,17,Native American/Alaska Native,General Practice,Not Admission,7,10
385-25-7103,18/09/2023,12:56:00 am,G. Hercules,Female,62,Asian,None,Not Admission,,52
177-89-1312,18/09/2023,8:07:00 pm,W. Windous,Male,70,Declined to Identify,General Practice,Admission,10,16
824-26-8292,18/08/2024,3:43:00 am,X. O' Connell,Male,63,Two or More Races,None,Not Admission,,36
407-80-1621,18/08/2024,12:49:00 am,G. Dyerson,Male,32,Declined to Identify,General Practice,Admission,3,53
727-39-2144,18/08/2024,6:47:00 am,Z. Robillart,Female,5,Declined to Identify,None,Not Admission,,24
613-38-1181,18/08/2024,11:14:00 am,Z. Loker,Female,5,African American,General Practice,Not Admission,,49
650-53-9989,18/08/2024,2:51:00 am,M. Mecozzi,Male,57,Asian,None,Not Admission,,12
220-45-5150,18/08/2024,2:39:00 am,H. Ruddoch,Male,57,Declined to Identify,None,Admission,,10
300-67-3405,18/08/2024,7:37:00 pm,E. Misk,Female,48,African American,None,Admission,4,20
710-38-5899,18/08/2024,5:38:00 pm,I. Terrelly,Male,60,Declined to Identify,None,Admission,,53
810-10-6393,18/08/2024,7:35:00 am,U. Bonifacio,Male,45,Pacific Islander,None,Not Admission,,10
859-16-8010,18/08/2024,1:26:00 pm,Z. Demeter,Male,9,African American,None,Admission,,34
509-64-9237,18/08/2024,10:18:00 pm,L. Mcwhinnie,Male,38,Pacific Islander,None,Admission,,13
196-02-1199,18/08/2024,4:20:00 pm,A. Picker,Female,34,African American,None,Not Admission,,30
111-53-3748,18/08/2024,11:17:00 pm,E. Somerset,Male,2,African American,None,Not Admission,,35
824-31-0857,18/08/2024,1:14:00 am,I. MacKean,Female,71,Declined to Identify,None,Admission,,53
649-92-9455,18/08/2024,4:31:00 pm,L. Renon,Female,74,African American,None,Admission,,19
605-85-1839,18/08/2023,10:59:00 am,K. Vanshin,Female,20,Asian,None,Admission,10,56
696-46-5892,18/08/2023,2:58:00 am,J. Nock,Male,11,Declined to Identify,Orthopedics,Not Admission,,52
891-40-2451,18/08/2023,3:01:00 pm,Y. Lambourne,Female,31,African American,None,Admission,,25
504-09-9129,18/08/2023,8:58:00 pm,O. Renneke,Female,7,Asian,None,Not Admission,,58
277-27-7821,18/08/2023,4:33:00 pm,L. Housam,Female,18,White,None,Admission,2,41
432-30-2709,18/08/2023,9:39:00 am,N. Darte,Female,69,Declined to Identify,None,Not Admission,4,41
377-39-3538,18/08/2023,4:24:00 pm,Y. Mechan,Male,27,African American,Cardiology,Admission,9,26
854-03-3896,18/08/2023,5:17:00 am,R. Housiaux,Female,30,Declined to Identify,Physiotherapy,Admission,0,40
477-12-7087,18/08/2023,12:13:00 am,V. Warden,Male,17,African American,None,Admission,,45
384-21-6166,18/08/2023,7:49:00 am,E. Muckloe,Female,30,White,None,Admission,,30
503-02-4357,18/08/2023,6:31:00 pm,K. Boat,Male,42,Native American/Alaska Native,None,Admission,10,11
434-60-8489,18/08/2023,3:45:00 pm,V. Whittall,Male,47,Two or More Races,Neurology,Admission,,23
197-42-3233,18/08/2023,4:33:00 am,Y. Goalby,Male,74,African American,Orthopedics,Not Admission,,52
296-77-3384,18/08/2023,1:33:00 am,M. Ferrarello,Male,71,Two or More Races,None,Not Admission,,28
640-63-5453,18/08/2023,5:54:00 pm,Z. Curl,Female,23,Two or More Races,Orthopedics,Not Admission,,10
745-85-7922,18/08/2023,1:14:00 pm,I. Ingolotti,Female,46,White,None,Not Admission,,53
170-92-2559,18/08/2023,5:25:00 am,O. Steere,Female,22,White,Orthopedics,Not Admission,,49
742-87-9147,18/08/2023,1:37:00 pm,R. Mussett,Male,13,African American,None,Admission,,53
163-07-6166,18/07/2024,2:27:00 pm,V. Heliot,Male,42,Asian,None,Admission,,59
514-65-3918,18/07/2024,1:57:00 pm,H. Chestney,Male,18,African American,General Practice,Admission,,22
371-60-2571,18/07/2024,3:58:00 am,F. Rosling,Female,55,African American,None,Admission,,38
890-87-2756,18/07/2024,3:38:00 pm,Z. Bernhardi,Female,11,White,None,Admission,,42
825-76-3394,18/07/2024,10:29:00 pm,Y. Kerrey,Male,63,White,General Practice,Not Admission,0,45
715-62-6956,18/07/2024,7:11:00 am,M. Iltchev,Male,9,White,Orthopedics,Not Admission,3,58
701-45-9889,18/07/2024,1:49:00 pm,D. Dubber,Male,58,African American,None,Admission,8,56
109-11-0500,18/07/2024,4:24:00 pm,D. Becket,Female,25,White,General Practice,Not Admission,,22
696-26-2070,18/07/2024,3:37:00 am,T. Wedon,Female,5,Two or More Races,General Practice,Admission,,45
640-50-6642,18/07/2024,9:35:00 pm,A. Ivan,Female,46,White,Gastroenterology,Admission,,11
220-78-7254,18/07/2024,2:18:00 am,O. Paskin,Female,11,White,None,Not Admission,4,48
869-39-7477,18/07/2024,9:37:00 am,I. Zecchini,Male,45,African American,None,Admission,,19
192-70-2490,18/07/2024,8:12:00 am,S. Bronot,Male,66,Two or More Races,None,Not Admission,,28
276-46-5417,18/07/2024,12:24:00 am,D. Skoughman,Female,42,White,None,Admission,,18
580-36-1803,18/07/2023,1:08:00 pm,P. Wride,Female,3,Declined to Identify,None,Not Admission,,33
521-23-1966,18/07/2023,6:53:00 pm,C. Bestwick,Female,51,Declined to Identify,General Practice,Not Admission,,51
753-48-4204,18/07/2023,4:21:00 am,Q. Poe,Male,55,Pacific Islander,None,Admission,,13
196-42-4139,18/07/2023,11:58:00 pm,G. Espadas,Female,39,Asian,None,Not Admission,1,36
706-28-9466,18/07/2023,5:01:00 am,V. Pyke,Male,60,White,General Practice,Admission,,34
822-19-3298,18/07/2023,10:35:00 am,H. Lorens,Female,25,Pacific Islander,None,Admission,,15
864-54-6914,18/07/2023,6:56:00 am,P. Adger,Male,15,African American,Orthopedics,Not Admission,,53
576-10-7587,18/07/2023,9:14:00 am,U. Wilsee,Female,56,Declined to Identify,None,Not Admission,,51
566-28-9444,18/07/2023,9:58:00 pm,H. Steed,Female,31,Pacific Islander,Gastroenterology,Admission,,40
333-90-6329,18/07/2023,4:23:00 am,Z. Lambart,Male,11,African American,None,Admission,,38
541-01-7660,18/07/2023,3:58:00 am,L. Skyram,Male,56,Asian,General Practice,Not Admission,,50
634-25-0045,18/07/2023,1:52:00 am,W. Middup,Male,56,Declined to Identify,Orthopedics,Not Admission,,50
649-05-0980,18/07/2023,5:30:00 pm,K. Berriman,Female,75,Two or More Races,None,Not Admission,1,20
458-66-7478,18/07/2023,1:49:00 am,Z. Mawson,Female,36,White,Renal,Admission,,45
447-91-3077,18/06/2024,4:34:00 pm,K. Towers,Male,40,Asian,Orthopedics,Not Admission,4,19
451-99-2146,18/06/2024,4:45:00 am,X. Domoney,Male,12,African American,None,Admission,,11
642-77-7413,18/06/2024,10:55:00 pm,H. Hanster,Male,42,African American,General Practice,Not Admission,,59
837-64-4784,18/06/2024,9:00:00 am,V. Sydall,Male,50,Declined to Identify,None,Admission,,43
358-88-4969,18/06/2024,11:22:00 pm,Q. Levett,Female,25,Asian,None,Not Admission,,23
552-28-2494,18/06/2024,7:13:00 am,T. Hanes,Female,54,Asian,Orthopedics,Not Admission,,23
190-65-0512,18/06/2024,12:35:00 am,M. MacIver,Female,6,White,General Practice,Admission,,38
448-09-4952,18/06/2024,1:24:00 pm,U. Tease,Male,74,White,General Practice,Admission,,46
404-79-6616,18/06/2024,1:38:00 am,H. Malyon,Female,38,White,General Practice,Not Admission,,13
873-13-8470,18/06/2024,4:56:00 pm,Z. Gobbett,Female,57,Two or More Races,General Practice,Not Admission,0,16
382-86-3011,18/06/2024,9:25:00 pm,I. Shrigley,Female,56,Pacific Islander,Cardiology,Admission,,55
506-11-6490,18/06/2024,12:00:00 am,S. Norwood,Female,39,Declined to Identify,General Practice,Not Admission,,49
152-65-5703,18/06/2024,10:00:00 pm,N. Swedeland,Female,72,White,None,Not Admission,1,15
744-75-0386,18/06/2024,7:29:00 pm,E. Pessel,Male,22,White,None,Admission,,34
678-71-1257,18/06/2024,9:53:00 am,N. Gumery,Female,42,African American,General Practice,Not Admission,,21
821-57-3198,18/06/2024,5:07:00 pm,O. Le Gassick,Female,59,Two or More Races,None,Not Admission,,31
258-25-3910,18/06/2023,11:15:00 pm,T. McCahey,Female,5,Pacific Islander,None,Not Admission,,52
724-64-2811,18/06/2023,2:17:00 pm,R. Wrennall,Female,31,White,None,Admission,3,43
104-44-8448,18/06/2023,10:14:00 pm,I. Hatherley,Female,10,African American,None,Not Admission,4,26
109-37-2285,18/06/2023,1:10:00 am,B. Syer,Female,59,Two or More Races,None,Admission,,23
409-26-1045,18/06/2023,2:17:00 am,C. Gannicott,Male,58,White,Orthopedics,Admission,5,46
615-73-2112,18/06/2023,9:44:00 pm,C. Parvin,Male,77,White,None,Not Admission,6,24
608-63-6550,18/06/2023,12:21:00 pm,M. Beswick,Male,12,Two or More Races,None,Admission,,23
125-88-7366,18/06/2023,8:35:00 pm,U. Bulfield,Female,24,African American,None,Not Admission,6,54
243-48-7191,18/06/2023,11:07:00 pm,L. Brockbank,Female,73,Declined to Identify,None,Not Admission,7,27
624-82-6885,18/06/2023,6:17:00 am,X. Crofts,Female,47,African American,General Practice,Admission,,50
252-19-4344,18/06/2023,5:13:00 pm,T. Sallowaye,Female,63,Two or More Races,None,Admission,,36
648-84-6300,18/06/2023,11:19:00 am,J. Franceschino,Female,15,Asian,None,Admission,,55
710-62-3265,18/06/2023,12:46:00 pm,C. Alenikov,Male,48,White,General Practice,Not Admission,,26
880-69-4561,18/06/2023,2:07:00 am,F. Felgate,Male,40,Two or More Races,General Practice,Admission,5,15
523-28-0782,18/06/2023,2:03:00 pm,A. Van Zon,Male,43,White,None,Admission,,35
654-74-6226,18/06/2023,1:59:00 am,N. Brayn,Female,45,White,None,Not Admission,1,43
780-84-7920,18/06/2023,7:43:00 am,Q. Trimmell,Female,20,African American,None,Admission,,34
280-60-4794,18/05/2024,12:07:00 pm,Z. Gillingham,Male,22,Asian,None,Not Admission,,55
624-82-0024,18/05/2024,1:08:00 am,R. Gensavage,Male,52,White,Orthopedics,Admission,2,27
280-97-7971,18/05/2024,3:59:00 am,C. Licciardiello,Female,78,White,None,Admission,,55
704-78-5146,18/05/2024,4:44:00 am,D. Glynne,Female,55,Two or More Races,None,Admission,6,38
870-29-5321,18/05/2024,6:08:00 pm,V. Aleksankin,Male,56,Native American/Alaska Native,General Practice,Not Admission,,32
189-09-4142,18/05/2024,11:18:00 am,J. Deneve,Male,51,Declined to Identify,General Practice,Admission,6,48
142-71-5420,18/05/2024,6:26:00 am,X. Logue,Female,69,Declined to Identify,None,Not Admission,,17
103-36-3561,18/05/2024,11:58:00 am,U. Shuttlewood,Male,17,African American,Physiotherapy,Admission,,49
649-47-0696,18/05/2024,7:39:00 pm,X. Habble,Female,4,African American,Orthopedics,Not Admission,,38
399-75-7983,18/05/2024,7:46:00 am,U. Kleynen,Female,23,White,General Practice,Not Admission,6,41
141-29-4628,18/05/2024,8:54:00 am,G. Nisius,Male,10,Two or More Races,Renal,Admission,,55
192-05-5593,18/05/2024,12:58:00 pm,Q. Borges,Female,33,African American,Cardiology,Not Admission,3,55
487-49-2870,18/05/2024,12:22:00 pm,K. Adnam,Female,61,African American,None,Admission,3,15
657-23-9149,18/05/2024,9:15:00 pm,S. Brantl,Male,75,Two or More Races,General Practice,Not Admission,1,34
308-18-0978,18/05/2024,12:20:00 pm,U. Ziems,Female,54,White,None,Admission,,13
386-77-8317,18/05/2024,9:32:00 am,Z. Mumbray,Female,55,Declined to Identify,Orthopedics,Admission,3,57
738-42-0395,18/05/2024,11:03:00 pm,T. Binford,Male,11,White,None,Not Admission,,49
842-23-1921,18/05/2024,1:59:00 am,M. Pionter,Female,24,Asian,General Practice,Not Admission,,37
140-55-8447,18/05/2024,10:22:00 am,H. Valasek,Male,3,White,Neurology,Not Admission,4,53
133-97-5806,18/05/2023,3:28:00 am,P. Royall,Male,60,Two or More Races,None,Not Admission,,41
490-58-0794,18/05/2023,9:16:00 am,U. Adam,Male,50,African American,Orthopedics,Not Admission,,44
441-46-3541,18/05/2023,1:27:00 pm,D. Beyn,Male,2,African American,None,Admission,,11
537-28-9473,18/05/2023,11:05:00 pm,Z. Losel,Male,33,White,Orthopedics,Admission,,48
599-72-6200,18/05/2023,10:19:00 am,U. Trickey,Male,73,Declined to Identify,None,Not Admission,,10
835-05-2062,18/05/2023,5:59:00 am,P. Ragless,Female,64,Declined to Identify,None,Admission,,28
468-35-7714,18/05/2023,4:10:00 am,U. Harbertson,Male,41,Two or More Races,Orthopedics,Not Admission,,46
761-31-9174,18/05/2023,2:39:00 am,H. Bennetts,Male,11,Asian,General Practice,Not Admission,,52
866-27-9262,18/05/2023,5:11:00 pm,T. Dureden,Male,37,Native American/Alaska Native,General Practice,Not Admission,3,16
115-20-5052,18/05/2023,7:27:00 am,I. Carff,Female,57,Asian,None,Not Admission,,29
213-46-3828,18/05/2023,3:35:00 pm,X. Urlich,Male,6,Asian,Orthopedics,Not Admission,,11
734-10-2558,18/05/2023,1:11:00 pm,Y. Schubbert,Female,15,White,General Practice,Admission,,58
795-97-9054,18/05/2023,2:24:00 am,O. O'Ferris,Male,26,White,None,Not Admission,,34
729-22-1036,18/05/2023,4:06:00 am,R. Jozefczak,Male,23,Two or More Races,Cardiology,Not Admission,8,16
304-28-9211,18/05/2023,6:49:00 pm,B. Couldwell,Male,72,Two or More Races,None,Not Admission,,16
424-09-2525,18/04/2024,10:59:00 pm,C. Beadel,Female,33,Asian,None,Admission,1,39
424-56-1864,18/04/2024,2:24:00 pm,F. Blind,Female,5,Asian,None,Admission,,21
238-37-6207,18/04/2024,8:23:00 pm,Q. Caselick,Male,77,African American,General Practice,Admission,4,54
176-07-0581,18/04/2024,12:32:00 pm,E. Parnall,Male,21,Declined to Identify,None,Not Admission,,13
207-74-6194,18/04/2024,11:25:00 pm,B. Sloss,Female,3,African American,None,Admission,,16
579-19-0372,18/04/2024,1:50:00 pm,Y. Leibold,Male,39,White,None,Admission,8,35
373-97-5103,18/04/2024,6:20:00 am,W. Lunnon,Female,66,White,None,Not Admission,8,25
103-34-3477,18/04/2024,10:54:00 pm,B. Meanwell,Male,25,African American,None,Not Admission,,34
361-78-8393,18/04/2024,3:50:00 pm,S. Ridgway,Male,26,White,None,Not Admission,9,33
841-99-6429,18/04/2024,1:18:00 am,J. Langfat,Male,27,Asian,General Practice,Admission,,10
871-05-6285,18/04/2024,6:58:00 am,G. Clement,Male,64,White,None,Not Admission,,59
856-44-7824,18/04/2024,4:42:00 am,G. Garvin,Male,63,White,None,Not Admission,,25
680-88-1118,18/04/2024,8:44:00 am,Z. Rens,Female,30,Two or More Races,General Practice,Admission,,50
345-17-6820,18/04/2024,4:52:00 am,K. Keele,Female,71,African American,None,Admission,,43
465-29-9539,18/04/2024,5:20:00 am,S. Barrass,Male,35,Asian,None,Not Admission,,26
245-02-8824,18/04/2024,8:25:00 pm,A. Winfindine,Male,12,White,General Practice,Not Admission,6,50
106-39-9634,18/04/2023,10:49:00 am,R. Orta,Female,10,White,None,Admission,,48
857-68-2721,18/04/2023,4:09:00 pm,W. Corradino,Female,29,Asian,None,Not Admission,,26
380-93-9949,18/04/2023,12:05:00 am,A. Dorie,Female,2,Asian,None,Admission,6,39
765-73-7914,18/04/2023,6:26:00 am,P. Senior,Female,68,Native American/Alaska Native,General Practice,Not Admission,,49
159-84-9480,18/04/2023,5:34:00 am,C. Chappelle,Male,38,White,Orthopedics,Not Admission,,12
682-32-7258,18/04/2023,4:26:00 am,J. Knightsbridge,Male,28,White,General Practice,Admission,,46
324-66-3926,18/04/2023,12:05:00 pm,S. Aleso,Female,34,Asian,None,Admission,2,60
834-82-5675,18/04/2023,1:20:00 pm,L. MacDermott,Female,18,White,None,Admission,,51
533-29-8111,18/04/2023,11:12:00 pm,M. Nassie,Male,26,White,General Practice,Not Admission,,29
661-56-7551,18/04/2023,9:55:00 am,W. Wollard,Male,33,Asian,Physiotherapy,Admission,,52
174-52-2854,18/04/2023,4:05:00 pm,E. Rowcastle,Male,11,African American,None,Not Admission,,35
119-28-5124,18/04/2023,2:57:00 pm,O. Pocklington,Femaleemale,16,Asian,General Practice,Admission,,51
261-82-9019,18/04/2023,5:34:00 pm,W. Rembrant,Male,40,White,None,Not Admission,2,51
401-21-8466,18/04/2023,6:05:00 am,M. Shimuk,Female,10,White,None,Not Admission,8,43
792-91-8484,18/04/2023,2:55:00 am,U. Lambdon,Female,16,Two or More Races,None,Admission,,55
425-90-5230,18/04/2023,9:22:00 am,L. Willavoys,Female,51,Two or More Races,None,Admission,8,34
727-03-0231,18/04/2023,12:14:00 am,U. Kauffman,Female,53,White,None,Not Admission,,59
479-42-8894,18/04/2023,10:46:00 pm,Z. Friman,Femaleemale,15,White,None,Not Admission,,29
477-57-4070,18/04/2023,4:45:00 am,G. Potteridge,Male,57,African American,None,Admission,2,33
703-41-7007,18/04/2023,2:50:00 am,F. Phippen,Female,58,White,None,Not Admission,,35
239-92-6784,18/03/2024,4:30:00 am,Z. Cousins,Female,13,Native American/Alaska Native,General Practice,Not Admission,,45
411-92-7835,18/03/2024,8:03:00 pm,W. McDugal,Male,19,African American,General Practice,Not Admission,,15
143-37-8471,18/03/2024,10:42:00 am,I. Knell,Male,14,African American,None,Admission,9,53
888-79-4244,18/03/2024,11:19:00 am,V. Stood,Male,14,African American,None,Admission,,53
106-91-2707,18/03/2024,1:46:00 pm,D. Hark,Female,47,Native American/Alaska Native,None,Admission,,45
110-62-8138,18/03/2024,7:20:00 am,R. Brereton,Male,11,Native American/Alaska Native,Physiotherapy,Admission,10,52
776-46-7862,18/03/2024,6:44:00 am,Y. Guilfoyle,Male,31,Two or More Races,None,Admission,,31
159-44-0122,18/03/2024,6:15:00 pm,N. Lamperti,Male,60,African American,None,Admission,,34
280-93-8703,18/03/2024,4:26:00 pm,C. Izat,Female,67,African American,General Practice,Not Admission,8,42
766-30-6319,18/03/2024,7:59:00 am,F. Houlson,Male,22,Asian,None,Admission,,55
507-05-2603,18/03/2024,4:58:00 am,S. Byllam,Male,54,Two or More Races,None,Admission,,60
262-40-0374,18/02/2024,3:53:00 pm,L. Stetlye,Male,58,White,None,Admission,,36
399-14-1417,18/02/2024,2:05:00 pm,U. Drought,Male,58,White,None,Admission,,21
609-16-8648,18/02/2024,10:57:00 pm,E. Kornilov,Male,70,African American,None,Admission,,57
541-78-8781,18/02/2024,2:34:00 pm,B. Stiggers,Female,70,Pacific Islander,None,Not Admission,4,35
499-70-1959,18/02/2024,7:13:00 pm,X. Gartshore,Male,67,Native American/Alaska Native,None,Admission,,36
505-65-9125,18/02/2024,4:07:00 am,V. Rosenfield,Female,22,Pacific Islander,Gastroenterology,Not Admission,,13
673-82-3180,18/02/2024,11:30:00 pm,F. Judron,Male,17,White,None,Admission,,23
797-10-7600,18/02/2024,11:41:00 am,V. Malletratt,Male,1,Two or More Races,None,Not Admission,9,28
743-65-5099,18/02/2024,11:35:00 am,M. Peschmann,Male,30,White,Physiotherapy,Admission,8,58
222-04-8858,18/02/2024,5:38:00 am,U. Geram,Female,64,Asian,None,Admission,9,42
529-80-3128,18/02/2024,8:22:00 pm,J. Meaking,Female,13,Asian,Renal,Admission,,27
296-44-2419,18/02/2024,10:42:00 pm,S. Wickenden,Male,34,Native American/Alaska Native,None,Admission,0,19
304-66-6297,18/02/2024,2:26:00 pm,B. Iddenden,Female,31,White,None,Not Admission,,39
896-97-4839,18/02/2024,2:27:00 pm,Y. Scanlin,Male,54,African American,None,Admission,,59
846-33-1744,18/02/2024,11:33:00 pm,S. Nutting,Male,27,Pacific Islander,General Practice,Not Admission,6,25
854-27-6593,18/01/2024,6:28:00 pm,F. Feely,Female,61,African American,None,Not Admission,,30
195-11-7509,18/01/2024,10:58:00 am,X. McEachern,Male,31,Two or More Races,General Practice,Admission,,28
153-35-5072,18/01/2024,9:38:00 am,C. Yeats,Female,13,African American,None,Not Admission,,54
123-98-9698,18/01/2024,2:36:00 pm,H. Wetherburn,Male,2,Two or More Races,General Practice,Admission,,33
392-65-2951,18/01/2024,5:20:00 pm,R. Haldane,Male,35,Native American/Alaska Native,None,Admission,,58
490-34-8816,18/01/2024,7:25:00 pm,T. Sheddan,Male,52,Asian,Orthopedics,Admission,,18
689-47-4564,18/01/2024,10:41:00 am,Q. McColm,Female,17,White,None,Not Admission,,57
614-40-8020,18/01/2024,4:14:00 pm,H. Woodcock,Male,71,African American,General Practice,Admission,,20
662-78-5868,18/01/2024,5:55:00 pm,J. Inskipp,Male,15,African American,Orthopedics,Admission,0,43
832-72-0329,18/01/2024,2:20:00 am,Q. Lethbury,Female,25,Asian,Orthopedics,Not Admission,,44
730-33-4575,18/01/2024,10:00:00 pm,Q. Picard,Female,44,White,None,Not Admission,,60
124-82-5230,18/01/2024,5:38:00 pm,D. Coster,Female,74,Declined to Identify,General Practice,Admission,,44
526-02-1830,18/01/2024,3:35:00 pm,Y. Filgate,Female,42,White,General Practice,Not Admission,,46
757-22-3933,18/01/2024,11:38:00 am,O. Gosden,Female,22,Declined to Identify,Orthopedics,Not Admission,,25
287-25-4664,18/01/2024,8:15:00 pm,P. Fleckness,Female,37,Pacific Islander,None,Admission,,39
551-28-9613,18/01/2024,1:07:00 pm,E. Yancey,Female,10,Declined to Identify,None,Admission,6,18
815-71-9230,18/01/2024,7:39:00 am,E. Hollingby,Male,8,Asian,None,Not Admission,,21
355-78-2842,18/01/2024,10:04:00 pm,V. Van Salzberger,Male,66,Asian,Orthopedics,Admission,10,44
264-28-6782,18/01/2024,9:46:00 am,C. Widdowson,Male,42,Two or More Races,None,Admission,,57
784-41-9437,18/01/2024,10:17:00 am,G. Walker,Female,8,White,General Practice,Not Admission,,59
159-69-6815,17/12/2023,8:17:00 am,Q. Klich,Male,34,African American,General Practice,Admission,,32
879-28-3442,17/12/2023,3:11:00 pm,R. Chese,Female,69,Two or More Races,Gastroenterology,Not Admission,,44
223-07-9743,17/12/2023,9:06:00 pm,I. Muddle,Male,62,Asian,General Practice,Not Admission,,34
579-55-3515,17/12/2023,9:26:00 pm,X. Viveash,Male,62,Asian,None,Admission,1,27
384-24-4481,17/12/2023,2:09:00 am,B. Scobbie,Female,39,African American,None,Admission,,47
743-65-7031,17/12/2023,8:01:00 pm,E. Pontefract,Female,48,Native American/Alaska Native,None,Admission,,19
362-04-6227,17/12/2023,11:39:00 pm,B. Orrick,Female,49,African American,None,Not Admission,5,33
843-11-0945,17/12/2023,1:11:00 am,Z. Egdale,Male,64,African American,Orthopedics,Not Admission,,48
259-86-4387,17/12/2023,3:50:00 am,W. Hukins,Female,41,African American,None,Not Admission,8,32
731-63-7305,17/12/2023,11:08:00 am,P. Lago,Male,64,Pacific Islander,None,Not Admission,,36
353-33-5380,17/12/2023,10:54:00 am,A. Scatchar,Male,70,White,None,Not Admission,,58
776-31-7222,17/12/2023,9:37:00 am,A. Golley,Male,23,African American,None,Not Admission,3,34
875-62-3505,17/12/2023,8:04:00 pm,C. Renouf,Male,7,Native American/Alaska Native,None,Not Admission,,47
160-37-1828,17/12/2023,5:01:00 pm,X. Roney,Female,58,Pacific Islander,None,Admission,,18
802-59-5463,17/12/2023,6:30:00 am,R. Smythin,Female,24,African American,None,Admission,4,32
215-96-2986,17/12/2023,7:54:00 pm,D. Shapera,Male,5,Declined to Identify,Renal,Admission,,47
675-74-3483,17/12/2023,11:44:00 pm,C. Berge,Female,23,Pacific Islander,Orthopedics,Admission,,19
380-36-6893,17/12/2023,4:25:00 am,F. Yanson,Male,22,White,None,Admission,1,52
594-57-8538,17/11/2023,3:45:00 pm,J. Daynter,Male,36,Two or More Races,Orthopedics,Not Admission,,30
588-69-1358,17/11/2023,10:25:00 am,R. Seabridge,Female,1,Two or More Races,General Practice,Not Admission,4,29
779-02-5999,17/11/2023,12:08:00 pm,W. Piatek,Female,68,Native American/Alaska Native,Cardiology,Admission,9,38
779-40-6195,17/11/2023,11:51:00 am,F. Segrave,Male,22,Declined to Identify,None,Not Admission,,36
243-85-2527,17/11/2023,7:36:00 am,W. Grummitt,Male,12,White,None,Admission,10,41
583-91-6038,17/11/2023,7:19:00 am,W. Salmond,Male,76,African American,None,Not Admission,,30
529-82-7621,17/11/2023,10:27:00 pm,P. Kilian,Female,44,White,None,Not Admission,,52
149-06-7304,17/11/2023,10:34:00 pm,M. Legen,Male,19,Pacific Islander,General Practice,Not Admission,,32
720-24-3690,17/11/2023,10:42:00 am,O. Mifflin,Male,27,African American,Orthopedics,Not Admission,4,17
825-01-3965,17/11/2023,7:44:00 pm,Z. Rumke,Female,75,White,Orthopedics,Not Admission,,17
472-69-7533,17/11/2023,3:45:00 pm,M. Grimmett,Male,40,White,Orthopedics,Not Admission,,54
455-21-3671,17/11/2023,7:24:00 am,D. Coste,Femaleemale,11,Declined to Identify,None,Not Admission,4,30
896-83-0117,17/11/2023,1:52:00 am,M. Bolderson,Male,79,Declined to Identify,None,Admission,5,57
550-98-8214,17/11/2023,8:18:00 pm,C. Huddle,Male,66,Asian,None,Admission,9,52
888-26-4566,17/11/2023,12:23:00 am,X. Jerzyk,Male,37,White,Orthopedics,Admission,,16
840-62-1287,17/11/2023,10:17:00 pm,Q. Marrow,Female,72,Asian,Orthopedics,Not Admission,,55
625-47-1514,17/11/2023,7:08:00 am,T. Goodfellowe,Female,55,White,Orthopedics,Admission,0,51
385-81-2614,17/11/2023,8:59:00 am,H. Charpling,Female,37,Asian,General Practice,Admission,,58
693-79-1702,17/11/2023,6:51:00 pm,L. Peddersen,Female,9,Two or More Races,None,Admission,10,12
782-62-9612,17/11/2023,6:39:00 am,S. Frankcom,Male,51,White,Cardiology,Not Admission,,26
809-14-6629,17/11/2023,6:23:00 am,N. Kinmond,Male,51,African American,None,Not Admission,,33
290-84-6074,17/10/2024,2:38:00 am,H. Parradice,Male,79,White,Gastroenterology,Not Admission,,50
426-94-0569,17/10/2024,4:42:00 am,H. Siss,Female,35,White,Neurology,Not Admission,9,49
318-93-4219,17/10/2024,9:29:00 pm,D. Blaksland,Male,57,Pacific Islander,None,Not Admission,,13
439-45-1934,17/10/2024,5:57:00 am,Q. Repper,Male,5,White,None,Admission,,58
199-16-2312,17/10/2024,2:30:00 pm,L. Dohmer,Male,51,White,Physiotherapy,Admission,,18
333-86-8631,17/10/2024,11:47:00 pm,U. Alessandretti,Female,6,Two or More Races,General Practice,Admission,9,16
203-52-8599,17/10/2024,3:45:00 pm,Y. Fancutt,Female,37,Declined to Identify,None,Admission,,52
529-13-1674,17/10/2024,7:58:00 am,J. Agus,Female,58,Native American/Alaska Native,None,Not Admission,,55
341-94-2072,17/10/2024,8:55:00 pm,F. Fashion,Male,49,Pacific Islander,Orthopedics,Not Admission,0,30
647-24-1990,17/10/2024,2:16:00 pm,S. Bazoge,Female,39,Declined to Identify,None,Admission,,41
246-46-3354,17/10/2024,11:49:00 am,U. Fison,Male,46,Declined to Identify,General Practice,Admission,,20
887-49-6202,17/10/2024,4:29:00 pm,C. Dugan,Female,77,African American,None,Not Admission,,40
891-68-9213,17/10/2024,9:37:00 am,I. Collicott,Male,60,Asian,None,Admission,10,27
674-03-7037,17/10/2024,10:06:00 am,Y. Winchester,Female,30,Two or More Races,None,Not Admission,10,59
114-45-5732,17/10/2024,11:37:00 am,I. Isham,Female,43,White,Cardiology,Admission,,18
641-80-7935,17/10/2024,9:23:00 am,V. Mandy,Female,63,White,Cardiology,Not Admission,8,11
802-43-5672,17/10/2024,4:24:00 pm,D. Mattys,Female,21,Two or More Races,None,Admission,,18
205-92-6656,17/10/2023,11:37:00 am,B. Graine,Female,9,White,None,Admission,,54
691-78-7775,17/10/2023,11:01:00 am,F. Ennew,Male,8,Native American/Alaska Native,None,Not Admission,,32
174-96-9817,17/10/2023,5:09:00 am,D. Jerdein,Male,77,Declined to Identify,None,Admission,,29
241-21-0506,17/10/2023,2:00:00 am,M. Lorie,Female,42,Declined to Identify,None,Admission,3,54
157-29-3974,17/10/2023,6:19:00 am,N. Selliman,Male,78,Two or More Races,None,Not Admission,,43
636-90-6357,17/10/2023,1:28:00 pm,B. Lambarth,Male,57,White,General Practice,Admission,2,35
265-41-2620,17/10/2023,6:02:00 pm,O. Ruprechter,Female,76,White,Orthopedics,Admission,1,23
551-77-8367,17/10/2023,10:28:00 am,O. Dorkin,Male,33,Asian,Orthopedics,Not Admission,,50
112-04-3574,17/10/2023,10:23:00 am,X. Whyley,Female,56,African American,None,Admission,,25
111-90-3138,17/10/2023,9:29:00 pm,P. Claige,Male,1,African American,Orthopedics,Admission,9,10
322-92-9504,17/10/2023,3:55:00 pm,I. Riply,Male,16,Declined to Identify,None,Not Admission,10,10
439-47-1386,17/09/2024,1:23:00 am,P. Durtnell,Male,43,Asian,General Practice,Not Admission,,13
393-15-1888,17/09/2024,9:42:00 pm,K. Silveston,Male,40,African American,None,Not Admission,3,35
408-56-0055,17/09/2024,4:19:00 pm,W. MacMenamin,Female,55,Pacific Islander,Orthopedics,Admission,,14
860-93-7338,17/09/2024,10:39:00 pm,J. Bradmore,Male,74,Two or More Races,None,Admission,,55
880-71-5024,17/09/2024,3:43:00 pm,R. Roydon,Female,67,White,General Practice,Not Admission,,34
441-25-6841,17/09/2024,2:40:00 pm,U. Dummett,Male,9,White,None,Admission,,11
771-56-2704,17/09/2024,12:09:00 pm,O. Munns,Male,3,White,None,Not Admission,7,20
135-94-6945,17/09/2024,7:13:00 pm,T. Blazeby,Female,77,Two or More Races,None,Admission,,25
798-70-3323,17/09/2024,5:43:00 pm,A. Shillitoe,Female,9,African American,None,Admission,,60
754-56-4342,17/09/2024,2:32:00 pm,U. Leifer,Female,34,White,Physiotherapy,Admission,,49
315-63-4355,17/09/2024,8:42:00 am,L. Dilawey,Female,72,White,None,Not Admission,,29
586-91-2074,17/09/2024,5:53:00 am,D. Emmitt,Male,21,Declined to Identify,None,Admission,,22
299-88-9999,17/09/2024,7:08:00 am,Y. Lempke,Female,63,White,None,Not Admission,,22
171-53-9045,17/09/2024,9:56:00 pm,C. Dik,Female,36,Two or More Races,General Practice,Not Admission,7,43
393-79-0056,17/09/2024,4:26:00 pm,G. Murkin,Female,75,Declined to Identify,Orthopedics,Admission,,21
562-54-5073,17/09/2024,2:44:00 pm,G. Macy,Male,6,Two or More Races,None,Not Admission,,30
861-37-1476,17/09/2024,11:43:00 pm,P. Corlett,Female,26,Declined to Identify,None,Admission,,35
447-61-1044,17/09/2024,1:45:00 am,W. Abisetti,Male,49,White,None,Not Admission,,35
333-23-4575,17/09/2024,12:08:00 pm,F. Cabena,Male,19,Pacific Islander,None,Not Admission,,19
222-46-6969,17/09/2024,11:03:00 pm,Z. Livoir,Male,49,Declined to Identify,Orthopedics,Not Admission,,60
696-40-8856,17/09/2024,11:51:00 am,B. Blowing,Male,27,African American,Orthopedics,Admission,,27
158-66-6113,17/09/2024,11:08:00 am,S. Lemmanbie,Male,9,White,General Practice,Admission,10,42
512-19-6052,17/09/2023,5:21:00 pm,H. Penrith,Male,2,Two or More Races,None,Not Admission,6,55
100-74-3943,17/09/2023,1:31:00 am,M. Hallard,Female,3,White,None,Admission,3,14
345-82-9835,17/09/2023,6:42:00 pm,Q. Radish,Male,64,Declined to Identify,None,Not Admission,,26
319-53-7655,17/09/2023,1:31:00 pm,L. Burnsell,Female,9,Two or More Races,None,Admission,,52
251-46-0287,17/09/2023,8:43:00 pm,L. Birtwistle,Male,66,Two or More Races,None,Not Admission,,18
804-99-9395,17/09/2023,9:28:00 pm,R. Cragg,Male,67,White,None,Not Admission,,16
780-08-1040,17/09/2023,9:04:00 pm,T. Matevosian,Female,62,White,None,Admission,,49
341-90-9619,17/09/2023,8:28:00 pm,Y. Hopkyns,Male,59,African American,None,Not Admission,,48
844-11-6053,17/09/2023,9:50:00 pm,Z. Tribe,Female,47,African American,None,Not Admission,,19
635-27-4110,17/09/2023,3:09:00 am,J. Schruyer,Female,9,White,General Practice,Not Admission,3,32
112-29-0583,17/09/2023,7:06:00 am,K. Gynni,Male,5,Pacific Islander,General Practice,Not Admission,,59
201-35-2507,17/09/2023,12:35:00 am,C. Bes,Female,57,White,None,Not Admission,4,41
330-51-8943,17/09/2023,4:07:00 am,L. Yair,Male,58,White,Orthopedics,Not Admission,,13
693-16-4853,17/09/2023,6:22:00 pm,S. Braznell,Female,9,Native American/Alaska Native,None,Not Admission,,41
779-34-2105,17/09/2023,1:34:00 am,E. Tivnan,Female,54,White,None,Admission,10,12
883-57-0781,17/09/2023,11:46:00 am,I. Skill,Female,77,African American,None,Not Admission,,25
450-75-0223,17/08/2024,11:35:00 am,M. Benmore,Male,54,Two or More Races,None,Not Admission,,13
143-12-4621,17/08/2024,9:33:00 pm,V. Brindle,Female,66,African American,Orthopedics,Not Admission,,52
240-29-9184,17/08/2024,12:15:00 am,K. Tweed,Female,78,White,None,Admission,,42
245-14-4691,17/08/2024,1:13:00 am,J. De Michele,Male,63,Two or More Races,None,Not Admission,,41
672-14-9431,17/08/2024,11:48:00 pm,C. Kent,Male,5,White,None,Admission,2,33
190-91-2664,17/08/2024,11:53:00 am,C. Goullee,Female,14,Pacific Islander,None,Admission,,20
765-95-6521,17/08/2024,3:22:00 am,T. Le Clercq,Male,29,Pacific Islander,None,Admission,6,47
757-47-1680,17/08/2024,6:52:00 pm,X. Hawkyens,Male,54,White,None,Not Admission,,40
739-59-7499,17/08/2024,11:49:00 am,G. Edler,Female,12,Declined to Identify,None,Admission,,54
267-31-9051,17/08/2024,12:51:00 pm,A. Verrechia,Male,73,White,General Practice,Not Admission,6,53
639-96-5879,17/08/2024,9:37:00 am,H. Kehoe,Male,13,Asian,General Practice,Not Admission,,30
242-21-9349,17/08/2024,9:27:00 pm,V. Hayselden,Male,28,White,None,Not Admission,,34
532-65-0085,17/08/2024,8:58:00 am,M. Beadnell,Female,27,White,None,Admission,,35
282-74-9638,17/08/2024,12:21:00 pm,Y. Mc Caughen,Female,73,Declined to Identify,None,Not Admission,,37
403-23-4583,17/08/2024,10:27:00 am,N. Brumfitt,Male,11,African American,None,Not Admission,,34
851-76-2999,17/08/2024,7:38:00 pm,Z. Hammand,Female,62,African American,None,Admission,,32
727-81-2340,17/08/2024,6:33:00 am,P. Capron,Male,68,White,None,Admission,,20
322-65-2690,17/08/2024,11:24:00 am,I. Lawry,Male,47,White,None,Not Admission,,23
215-85-8962,17/08/2024,3:09:00 am,T. Cromly,Male,42,African American,General Practice,Admission,,25
346-20-4727,17/08/2024,12:26:00 am,Q. Ost,Male,18,White,None,Not Admission,,37
439-58-8398,17/08/2024,10:39:00 am,E. Wendover,Male,72,Native American/Alaska Native,Cardiology,Not Admission,6,58
531-96-7985,17/08/2024,6:32:00 am,Y. Fuggle,Male,13,White,None,Not Admission,,13
723-18-5369,17/08/2024,7:29:00 am,T. Vanyutin,Female,62,Two or More Races,None,Not Admission,,20
322-27-7439,17/08/2024,11:56:00 am,D. Johansen,Male,22,Two or More Races,None,Admission,,34
667-75-1707,17/08/2024,1:14:00 am,Q. Dufour,Female,68,Declined to Identify,None,Admission,,25
842-83-6859,17/08/2023,4:53:00 am,F. O'Brien,Female,17,White,None,Not Admission,8,29
768-10-9983,17/08/2023,9:09:00 am,U. Elsbury,Female,31,Asian,None,Not Admission,,45
723-21-0173,17/08/2023,5:15:00 pm,Z. Dudny,Male,26,Two or More Races,General Practice,Not Admission,,52
497-90-2670,17/08/2023,4:27:00 am,O. Wrightem,Male,17,White,Orthopedics,Not Admission,,30
479-68-0718,17/08/2023,10:05:00 pm,M. Giordano,Male,16,Asian,None,Admission,,47
882-58-2131,17/08/2023,9:37:00 pm,U. Richardin,Male,37,Declined to Identify,None,Not Admission,,30
546-76-3103,17/08/2023,10:35:00 am,S. Leathart,Male,13,African American,Orthopedics,Not Admission,1,45
465-11-1514,17/08/2023,9:45:00 am,F. Tame,Male,50,African American,None,Not Admission,,56
646-45-1783,17/08/2023,9:55:00 am,N. Redgrave,Male,74,Native American/Alaska Native,Orthopedics,Admission,,59
854-70-8374,17/08/2023,8:50:00 pm,M. Gumary,Male,13,Two or More Races,Orthopedics,Admission,,50
204-82-4893,17/08/2023,4:43:00 am,C. Hurn,Female,64,White,None,Admission,7,39
774-99-4361,17/08/2023,9:45:00 am,N. Meredyth,Female,29,Declined to Identify,None,Admission,,42
184-21-1948,17/07/2024,3:40:00 am,K. Guppey,Female,50,Two or More Races,General Practice,Admission,,46
123-91-6253,17/07/2024,12:56:00 am,D. Cornewall,Female,57,Declined to Identify,None,Not Admission,,26
260-36-3785,17/07/2024,8:46:00 am,F. Katte,Female,42,African American,None,Not Admission,,54
508-93-6274,17/07/2024,1:56:00 pm,U. Moorman,Female,65,Pacific Islander,Orthopedics,Not Admission,2,34
531-80-4313,17/07/2024,10:52:00 pm,T. Finnick,Female,44,Pacific Islander,Orthopedics,Not Admission,,47
828-32-9719,17/07/2024,10:32:00 am,G. Linch,Female,2,Declined to Identify,General Practice,Not Admission,7,17
309-43-8681,17/07/2024,4:58:00 am,G. Poveleye,Female,66,Declined to Identify,None,Admission,,23
224-04-4489,17/07/2024,11:25:00 am,G. Matignon,Female,39,White,None,Not Admission,2,11
102-78-5313,17/07/2024,8:16:00 pm,L. Glacken,Male,48,Declined to Identify,None,Admission,0,28
156-56-1378,17/07/2024,1:42:00 pm,T. Swidenbank,Female,54,Declined to Identify,None,Not Admission,,56
651-01-5357,17/07/2024,9:25:00 pm,L. Denyukhin,Male,36,Asian,None,Not Admission,,23
663-86-9324,17/07/2024,8:19:00 am,Q. Hawkshaw,Female,56,White,None,Admission,7,32
646-01-7174,17/07/2024,9:48:00 am,W. Grimster,Female,24,African American,None,Admission,0,47
853-37-7420,17/07/2024,5:04:00 am,P. Bramelt,Male,12,White,None,Admission,0,41
480-67-3848,17/07/2023,5:28:00 pm,H. Gauden,Male,59,White,None,Admission,,57
778-11-6117,17/07/2023,4:51:00 pm,I. Bulward,Male,70,Two or More Races,None,Admission,7,55
884-78-8447,17/07/2023,6:34:00 pm,Z. Falck,Male,21,White,General Practice,Admission,,24
141-51-5635,17/07/2023,3:23:00 pm,Y. Camerati,Male,63,White,General Practice,Not Admission,,31
478-70-3474,17/07/2023,3:03:00 pm,O. Winchcombe,Female,61,African American,None,Not Admission,,50
748-85-4467,17/07/2023,12:11:00 am,Q. Linkin,Female,12,African American,None,Admission,,20
882-89-0493,17/07/2023,7:09:00 pm,T. Sybry,Male,47,African American,General Practice,Not Admission,,43
480-08-1479,17/07/2023,9:24:00 am,H. Trimby,Female,23,Two or More Races,None,Admission,,47
692-25-6759,17/07/2023,12:36:00 am,Q. Freer,Male,38,African American,None,Not Admission,,23
761-43-2767,17/07/2023,5:36:00 am,M. Davydoch,Female,56,White,General Practice,Admission,,45
751-60-7992,17/07/2023,1:09:00 pm,M. Playdon,Male,48,White,None,Not Admission,,49
835-17-8259,17/07/2023,7:38:00 pm,X. Stangroom,Female,38,African American,None,Not Admission,,15
781-31-2173,17/07/2023,6:55:00 pm,N. Claque,Female,60,White,None,Not Admission,,20
873-95-7772,17/07/2023,8:11:00 am,A. Floyd,Female,36,White,None,Not Admission,,38
672-05-7311,17/07/2023,3:25:00 am,S. Jennens,Female,13,African American,General Practice,Not Admission,3,58
177-33-0238,17/07/2023,3:25:00 am,L. Francescotti,Male,50,African American,None,Not Admission,,27
671-07-3129,17/06/2024,5:57:00 pm,R. Dumbrill,Female,59,Native American/Alaska Native,Cardiology,Not Admission,,42
454-11-9188,17/06/2024,10:22:00 am,D. Ballin,Male,73,White,General Practice,Not Admission,,24
460-31-7684,17/06/2024,8:09:00 am,X. Stoffers,Male,73,Two or More Races,Physiotherapy,Not Admission,,29
409-49-9794,17/06/2024,11:44:00 pm,B. Humerstone,Female,26,Declined to Identify,Physiotherapy,Not Admission,,17
737-96-0035,17/06/2024,2:02:00 am,C. Britland,Male,54,Native American/Alaska Native,Orthopedics,Admission,,47
474-58-0047,17/06/2024,5:33:00 am,H. Ruste,Male,64,African American,None,Not Admission,10,22
496-88-7386,17/06/2024,12:29:00 pm,J. Metham,Male,53,Asian,None,Admission,,30
290-27-2255,17/06/2024,1:23:00 pm,F. Spink,Female,79,Pacific Islander,None,Not Admission,,14
504-30-7957,17/06/2024,7:15:00 pm,X. Cutbirth,Female,77,African American,Orthopedics,Admission,,23
215-50-7038,17/06/2024,2:49:00 am,R. Agney,Male,34,Native American/Alaska Native,General Practice,Not Admission,,59
848-30-3365,17/06/2024,4:16:00 am,T. Capnerhurst,Male,3,White,None,Not Admission,,50
199-43-4653,17/06/2024,11:04:00 pm,Y. Casley,Female,78,Declined to Identify,Gastroenterology,Not Admission,6,32
319-68-1866,17/06/2024,9:18:00 pm,F. Harriagn,Female,8,Asian,None,Not Admission,,23
801-07-7339,17/06/2024,2:06:00 pm,J. Schermick,Female,9,White,None,Not Admission,,44
883-57-5626,17/06/2024,4:05:00 pm,F. Roon,Female,41,Declined to Identify,None,Admission,4,22
273-01-8560,17/06/2024,4:20:00 pm,W. Fewless,Female,17,African American,General Practice,Admission,,43
615-29-6442,17/06/2024,10:49:00 pm,E. Statersfield,Male,8,Two or More Races,Orthopedics,Admission,,25
216-39-5937,17/06/2024,11:36:00 am,P. Dupre,Female,1,White,None,Not Admission,6,34
777-61-6593,17/06/2024,4:02:00 pm,W. Flemyng,Female,75,Two or More Races,None,Admission,5,54
149-68-8291,17/06/2024,8:36:00 pm,I. Greensall,Female,71,Two or More Races,General Practice,Not Admission,,18
344-89-8080,17/06/2024,4:06:00 pm,W. Dare,Male,62,Native American/Alaska Native,None,Admission,,43
635-32-3437,17/06/2024,8:44:00 pm,Q. Trowbridge,Female,54,Two or More Races,None,Not Admission,,58
576-33-2866,17/06/2023,2:19:00 am,U. Olenchikov,Female,37,Two or More Races,None,Not Admission,,30
740-85-5462,17/06/2023,11:52:00 pm,M. Mathonnet,Male,24,Two or More Races,None,Admission,,47
717-80-5643,17/06/2023,6:25:00 pm,O. Sculley,Male,29,White,None,Admission,,35
291-48-9297,17/06/2023,5:07:00 pm,T. Bennit,Female,61,African American,None,Not Admission,,56
242-22-7019,17/06/2023,12:51:00 am,Y. Lafayette,Male,20,Two or More Races,None,Not Admission,,25
169-34-3725,17/06/2023,2:29:00 pm,M. Smart,Female,62,White,None,Not Admission,2,21
761-34-5834,17/06/2023,12:20:00 am,X. Penddreth,Female,17,Two or More Races,Orthopedics,Not Admission,,15
517-10-4550,17/06/2023,10:43:00 am,J. Spearett,Female,47,Asian,Orthopedics,Admission,10,58
257-74-9742,17/06/2023,12:52:00 am,T. Olin,Female,19,African American,General Practice,Not Admission,,15
678-33-6326,17/06/2023,1:03:00 pm,H. O'Dowd,Female,59,White,Cardiology,Not Admission,8,14
678-92-7542,17/06/2023,2:55:00 am,Z. Lettuce,Female,79,Declined to Identify,None,Not Admission,5,27
143-73-5607,17/06/2023,12:51:00 am,T. Kender,Male,64,Declined to Identify,Neurology,Not Admission,9,45
102-47-6709,17/06/2023,10:05:00 am,L. Lovick,Male,66,White,None,Admission,,27
134-06-7868,17/06/2023,9:19:00 am,H. Ranson,Female,78,White,General Practice,Admission,,33
219-04-6134,17/06/2023,2:54:00 pm,R. Govier,Female,45,Asian,Orthopedics,Not Admission,,29
803-56-3133,17/05/2024,7:16:00 pm,E. Lynd,Female,22,White,None,Not Admission,9,43
172-61-8782,17/05/2024,7:19:00 am,F. Rochewell,Male,9,White,None,Admission,,50
668-79-5006,17/05/2024,3:53:00 am,Y. McMullen,Female,12,White,None,Admission,5,37
532-60-7967,17/05/2024,1:23:00 pm,I. Burberry,Female,63,African American,None,Not Admission,,40
659-31-7909,17/05/2024,9:34:00 am,K. Gaskarth,Female,75,Two or More Races,General Practice,Admission,,31
821-88-9428,17/05/2024,12:25:00 pm,R. Cockhill,Female,3,White,None,Not Admission,8,46
419-40-1713,17/05/2024,3:12:00 pm,P. Standring,Male,1,Declined to Identify,Neurology,Not Admission,0,52
490-35-6077,17/05/2024,1:22:00 am,E. Amer,Male,8,Pacific Islander,None,Admission,1,14
638-14-6670,17/05/2024,6:12:00 pm,T. Deegan,Female,50,White,None,Admission,,54
606-12-2990,17/05/2024,1:10:00 pm,H. Sandifer,Female,70,African American,None,Admission,,30
569-93-6173,17/05/2024,5:36:00 am,K. Hurl,Male,71,Two or More Races,General Practice,Admission,,16
706-08-0956,17/05/2024,6:28:00 am,V. Russam,Male,30,African American,None,Admission,,33
515-64-2739,17/05/2024,7:26:00 pm,U. Doggerell,Female,60,White,None,Not Admission,3,55
259-14-0334,17/05/2024,7:45:00 am,L. Walbrun,Male,37,Declined to Identify,None,Admission,,20
551-86-5733,17/05/2024,7:19:00 am,Y. Marklew,Female,40,African American,General Practice,Admission,,44
490-07-8452,17/05/2023,7:02:00 am,F. Fawthrop,Male,1,Two or More Races,None,Not Admission,10,48
578-05-4342,17/05/2023,6:06:00 pm,Z. Maber,Female,13,African American,None,Not Admission,6,50
371-76-0692,17/05/2023,12:54:00 pm,D. Osmint,Female,28,Two or More Races,None,Not Admission,7,10
160-66-2221,17/05/2023,1:52:00 am,Z. Gritten,Female,14,African American,None,Admission,,31
375-83-4770,17/05/2023,12:38:00 am,Y. Izakov,Female,47,Two or More Races,None,Not Admission,,25
333-35-9595,17/05/2023,9:20:00 pm,C. Scola,Female,27,White,General Practice,Not Admission,,40
591-83-7831,17/05/2023,10:22:00 am,Q. Bentick,Female,62,Native American/Alaska Native,None,Not Admission,8,21
758-01-9953,17/05/2023,3:29:00 am,P. Delafont,Female,33,Native American/Alaska Native,None,Not Admission,,14
863-21-0169,17/05/2023,2:57:00 am,Q. Corstorphine,Female,39,White,General Practice,Not Admission,10,19
811-45-8659,17/05/2023,9:42:00 am,Z. Fitkin,Female,32,Two or More Races,None,Not Admission,,18
373-60-4214,17/05/2023,4:15:00 am,W. Collister,Male,65,African American,Renal,Admission,,41
372-52-4048,17/05/2023,9:33:00 pm,R. Eede,Male,66,Declined to Identify,None,Not Admission,,35
129-48-0933,17/05/2023,10:15:00 am,I. Saiger,Male,21,African American,None,Not Admission,9,15
357-52-0985,17/05/2023,5:19:00 pm,W. Trippett,Male,6,White,None,Not Admission,8,29
707-25-6349,17/05/2023,12:37:00 am,Q. Corre,Male,40,White,General Practice,Not Admission,,49
488-19-5188,17/05/2023,4:11:00 pm,Z. Roland,Female,1,White,None,Admission,4,27
749-62-2279,17/04/2024,9:49:00 am,P. Gerhold,Female,10,African American,Orthopedics,Not Admission,2,30
851-59-7488,17/04/2024,2:12:00 pm,H. O'Corrin,Female,18,Declined to Identify,None,Admission,,52
274-30-2230,17/04/2024,12:16:00 pm,W. Bodham,Male,24,African American,None,Admission,,42
536-06-9507,17/04/2024,2:22:00 pm,K. Kezar,Female,4,Pacific Islander,None,Admission,1,48
568-87-7009,17/04/2024,9:10:00 am,K. Matusevich,Female,45,Two or More Races,None,Not Admission,2,59
200-16-4772,17/04/2024,6:29:00 am,I. Docket,Male,78,African American,General Practice,Admission,5,52
243-86-0385,17/04/2024,11:56:00 pm,F. Dowling,Female,25,White,None,Admission,,29
374-49-5410,17/04/2024,10:02:00 pm,X. Morgen,Male,49,White,Orthopedics,Not Admission,,21
799-44-2163,17/04/2024,10:17:00 am,Z. Taber,Female,7,White,Physiotherapy,Not Admission,,53
802-23-8575,17/04/2024,4:16:00 am,J. Leeburne,Female,66,Declined to Identify,General Practice,Not Admission,,36
312-87-8639,17/04/2023,5:35:00 pm,G. D'Acth,Female,16,African American,General Practice,Not Admission,,25
648-23-5753,17/04/2023,1:46:00 am,E. Spofforth,Female,14,African American,None,Admission,,47
201-10-9557,17/04/2023,9:53:00 pm,F. Relfe,Male,69,White,None,Not Admission,,36
805-27-2689,17/04/2023,8:15:00 pm,G. Point,Female,48,Two or More Races,General Practice,Not Admission,,15
597-41-0817,17/04/2023,8:03:00 am,T. Titman,Female,13,White,None,Admission,1,32
869-79-1999,17/04/2023,4:43:00 pm,Z. Headingham,Female,54,Native American/Alaska Native,Gastroenterology,Admission,,49
615-59-2575,17/04/2023,10:20:00 am,D. Haselhurst,Female,10,Two or More Races,General Practice,Not Admission,7,50
194-92-9947,17/04/2023,11:20:00 pm,C. Stother,Male,52,Native American/Alaska Native,General Practice,Admission,6,42
601-22-0464,17/04/2023,11:53:00 am,C. Blakeborough,Male,38,Asian,None,Not Admission,,33
292-45-8684,17/04/2023,11:37:00 am,K. Hilliam,Female,51,White,General Practice,Admission,6,25
412-75-8243,17/04/2023,9:17:00 pm,H. Mansour,Female,78,Declined to Identify,General Practice,Admission,,30
267-78-0835,17/04/2023,12:26:00 pm,D. Wellan,Female,51,White,Orthopedics,Not Admission,,11
732-12-0603,17/04/2023,10:50:00 pm,Z. Sarfatti,Male,18,White,General Practice,Not Admission,,48
622-88-2180,17/04/2023,7:54:00 am,H. Samper,Male,62,Asian,General Practice,Admission,,33
873-88-5082,17/04/2023,4:08:00 am,V. Lyfield,Female,19,Pacific Islander,Cardiology,Not Admission,,34
782-34-4167,17/04/2023,9:04:00 am,X. Osgarby,Female,36,White,General Practice,Admission,9,50
218-28-1324,17/03/2024,2:03:00 am,J. Saunton,Male,36,Pacific Islander,None,Not Admission,9,58
652-21-5930,17/03/2024,3:19:00 am,D. Roman,Male,49,Native American/Alaska Native,None,Admission,,53
278-40-9371,17/03/2024,2:47:00 am,Z. Rittmeyer,Male,8,White,None,Not Admission,4,27
364-07-8056,17/03/2024,4:05:00 pm,R. Sidsaff,Male,69,White,Orthopedics,Not Admission,,43
406-59-1240,17/03/2024,9:11:00 pm,E. Antoniou,Male,23,African American,None,Admission,,59
733-47-2290,17/03/2024,12:41:00 pm,I. Blackhurst,Female,21,Two or More Races,None,Admission,,18
341-94-7840,17/03/2024,10:03:00 am,K. Werrit,Male,38,African American,None,Not Admission,,42
307-11-6508,17/03/2024,9:07:00 am,Y. Gregore,Male,25,White,None,Not Admission,,49
438-69-9769,17/03/2024,10:46:00 pm,X. Redmayne,Male,64,Asian,General Practice,Not Admission,,47
106-89-2099,17/03/2024,11:56:00 pm,Y. Metcalf,Male,2,Declined to Identify,Orthopedics,Admission,,31
834-30-4050,17/03/2024,2:54:00 pm,B. Theis,Male,26,Declined to Identify,Orthopedics,Admission,,48
140-28-2291,17/03/2024,4:29:00 pm,Y. Neame,Male,3,African American,None,Admission,9,32
450-65-5946,17/02/2024,6:34:00 am,C. Duchart,Female,28,Two or More Races,None,Not Admission,,59
667-93-9784,17/02/2024,7:45:00 pm,P. Garlant,Female,9,White,None,Admission,5,13
827-97-4092,17/02/2024,12:38:00 am,O. Sibbering,Male,26,Asian,Physiotherapy,Admission,9,59
548-51-4965,17/02/2024,9:15:00 pm,T. Figura,Female,77,White,General Practice,Not Admission,,54
721-25-3053,17/02/2024,9:50:00 pm,O. Saffill,Male,31,White,Orthopedics,Admission,,49
209-88-4916,17/02/2024,2:17:00 pm,H. Bryer,Male,20,Two or More Races,None,Not Admission,,51
268-33-9590,17/02/2024,5:09:00 am,O. Wordington,Female,26,Two or More Races,General Practice,Not Admission,3,22
244-74-1250,17/02/2024,8:43:00 pm,E. Syrett,Male,37,White,None,Admission,,22
460-02-7369,17/02/2024,5:56:00 am,U. Lowrance,Male,35,African American,None,Admission,,45
764-74-1398,17/02/2024,2:47:00 pm,Z. Heyfield,Female,26,White,None,Admission,0,31
488-56-9052,17/02/2024,11:38:00 pm,B. Lowensohn,Male,41,African American,Neurology,Admission,,23
665-01-2413,17/02/2024,10:57:00 pm,Y. Yakob,Female,5,White,General Practice,Not Admission,2,36
157-96-7378,17/02/2024,6:42:00 am,L. Lilion,Female,47,White,None,Not Admission,,45
215-31-6186,17/02/2024,5:19:00 pm,H. Frape,Female,6,Asian,None,Not Admission,9,42
541-60-5377,17/02/2024,3:34:00 am,V. Quye,Male,5,Pacific Islander,None,Not Admission,3,28
280-44-0647,17/02/2024,6:16:00 am,R. Jendrassik,Female,34,Two or More Races,General Practice,Not Admission,,58
412-31-1320,17/02/2024,9:10:00 am,Y. Chesterfield,Female,14,Two or More Races,Cardiology,Not Admission,,53
100-21-9648,17/01/2024,6:53:00 pm,W. Marran,Female,39,Pacific Islander,None,Admission,8,22
452-70-6133,17/01/2024,5:37:00 pm,R. Seldner,Female,32,Pacific Islander,None,Not Admission,6,45
725-56-0226,17/01/2024,9:51:00 am,G. Zielinski,Male,47,White,General Practice,Not Admission,,35
102-60-4609,17/01/2024,11:35:00 am,Y. Rutt,Female,52,Declined to Identify,General Practice,Not Admission,,60
476-51-4466,17/01/2024,4:52:00 pm,S. Bullan,Female,69,Pacific Islander,None,Admission,,31
733-34-8942,17/01/2024,1:50:00 am,T. Ikins,Female,23,Two or More Races,None,Admission,1,34
743-09-6069,17/01/2024,8:04:00 pm,H. Slee,Female,49,Two or More Races,None,Admission,6,24
754-49-7731,17/01/2024,6:16:00 am,H. Tonbridge,Male,32,Two or More Races,None,Not Admission,6,28
130-80-6101,17/01/2024,4:22:00 pm,I. Barles,Male,51,Declined to Identify,None,Admission,,58
594-82-3015,17/01/2024,10:47:00 am,U. Fegan,Female,63,Declined to Identify,None,Not Admission,6,27
744-84-5269,17/01/2024,8:33:00 pm,D. Rainard,Female,49,White,None,Admission,,38
575-58-8181,17/01/2024,11:43:00 pm,J. Rimington,Male,55,Pacific Islander,General Practice,Not Admission,,42
313-36-3938,17/01/2024,12:41:00 pm,G. Heigold,Female,4,White,Orthopedics,Admission,,53
561-25-6133,17/01/2024,9:51:00 am,G. Bradlaugh,Male,71,Native American/Alaska Native,Cardiology,Admission,4,55
262-75-8796,17/01/2024,8:36:00 am,H. Redihalgh,Female,18,White,General Practice,Not Admission,3,22
229-98-0118,17/01/2024,7:25:00 am,R. Dugmore,Female,62,African American,Orthopedics,Admission,,33
182-88-7190,17/01/2024,5:08:00 pm,X. Favill,Female,47,Declined to Identify,None,Admission,0,52
590-21-6350,16/12/2023,11:53:00 am,Q. Dalliwater,Male,49,Two or More Races,None,Admission,,43
230-36-9342,16/12/2023,11:20:00 am,P. Romeo,Male,46,White,None,Admission,,28
572-52-8145,16/12/2023,2:55:00 pm,P. Durnin,Male,31,African American,None,Not Admission,,28
752-04-6939,16/12/2023,8:06:00 pm,P. Ballintyne,Male,64,Two or More Races,Orthopedics,Admission,8,11
471-56-8796,16/12/2023,4:22:00 am,O. Giovannardi,Male,46,White,None,Admission,7,49
846-18-6745,16/12/2023,7:33:00 pm,R. Sellman,Female,68,Declined to Identify,Neurology,Admission,,12
802-04-8013,16/12/2023,1:56:00 am,Z. Trainor,Male,21,Declined to Identify,Physiotherapy,Not Admission,8,46
721-80-1480,16/12/2023,1:41:00 pm,K. Golsby,Male,70,White,General Practice,Admission,,27
312-76-7073,16/12/2023,3:43:00 am,T. Karpenya,Female,24,Declined to Identify,General Practice,Admission,,44
593-35-9447,16/12/2023,11:14:00 pm,N. Gregson,Male,79,African American,None,Not Admission,,14
551-28-0390,16/12/2023,3:18:00 am,Y. Perone,Female,53,Two or More Races,None,Not Admission,,60
700-08-2429,16/12/2023,5:01:00 pm,C. Barthropp,Male,45,Native American/Alaska Native,None,Not Admission,,10
105-01-3380,16/12/2023,5:31:00 pm,K. Donwell,Female,19,Native American/Alaska Native,None,Admission,,36
427-86-0695,16/12/2023,5:04:00 am,D. Littlewood,Male,64,White,General Practice,Admission,,17
347-80-9765,16/12/2023,2:40:00 am,G. Such,Female,77,Pacific Islander,Gastroenterology,Admission,9,33
245-86-3689,16/12/2023,8:05:00 pm,A. Swane,Female,72,Asian,None,Admission,,55
482-14-6628,16/12/2023,3:02:00 pm,V. Trengove,Male,50,African American,None,Not Admission,,52
715-74-5338,16/12/2023,1:02:00 pm,J. Filkin,Male,22,Pacific Islander,General Practice,Not Admission,,25
260-96-0945,16/12/2023,4:32:00 am,G. Feehily,Female,37,White,Orthopedics,Not Admission,,49
869-19-5286,16/11/2023,5:56:00 pm,Z. Pratte,Female,4,African American,None,Not Admission,,59
123-40-8299,16/11/2023,7:35:00 pm,P. Hamal,Female,61,White,None,Admission,,35
189-23-4255,16/11/2023,9:18:00 pm,N. Reichelt,Male,59,White,None,Admission,,44
192-34-8866,16/11/2023,9:53:00 pm,T. Kluge,Female,63,White,None,Not Admission,,22
549-72-7509,16/11/2023,6:04:00 pm,F. Sansbury,Female,49,White,General Practice,Not Admission,9,28
456-13-3380,16/11/2023,6:28:00 pm,M. Simcoe,Male,29,Pacific Islander,General Practice,Admission,,19
544-69-9655,16/11/2023,8:06:00 am,G. Westcarr,Male,75,Asian,None,Not Admission,,48
884-07-5896,16/11/2023,6:13:00 pm,O. Stanyon,Female,43,African American,General Practice,Admission,5,46
699-98-1657,16/11/2023,3:03:00 pm,A. Wein,Male,41,Declined to Identify,General Practice,Admission,,39
485-05-6965,16/11/2023,11:25:00 am,F. Shawe,Male,62,Declined to Identify,None,Admission,,14
476-98-6877,16/11/2023,10:13:00 am,L. Gonsalvo,Male,20,White,Gastroenterology,Not Admission,,32
823-34-5523,16/11/2023,11:46:00 pm,F. Prendergast,Male,55,Asian,None,Admission,2,40
463-21-7365,16/11/2023,4:52:00 am,H. Starcks,Female,17,African American,General Practice,Admission,,45
633-13-0506,16/11/2023,2:05:00 pm,H. Harbidge,Female,12,Two or More Races,General Practice,Admission,,31
198-86-0248,16/11/2023,5:53:00 am,M. Fairhead,Female,43,African American,None,Not Admission,,32
388-44-6892,16/11/2023,8:48:00 pm,E. Burbury,Male,1,White,None,Admission,,24
309-31-4290,16/11/2023,9:17:00 am,D. Laible,Male,54,Pacific Islander,None,Not Admission,,48
389-37-7548,16/10/2024,7:12:00 pm,T. McGiffin,Female,2,Asian,Cardiology,Admission,,18
390-95-2404,16/10/2024,1:28:00 am,L. Gabe,Male,49,Declined to Identify,Orthopedics,Not Admission,,46
611-45-6001,16/10/2024,5:35:00 pm,R. Hawthorn,Female,58,White,None,Admission,,54
632-27-3299,16/10/2024,11:46:00 pm,I. Magenny,Male,56,White,None,Not Admission,6,27
228-69-8026,16/10/2024,9:47:00 am,D. Dives,Male,68,Two or More Races,Gastroenterology,Admission,,18
301-95-4341,16/10/2024,12:51:00 pm,R. Grandisson,Male,65,African American,None,Admission,,10
686-76-3824,16/10/2024,6:26:00 pm,I. Doudny,Female,51,White,None,Not Admission,,32
335-70-9921,16/10/2024,11:01:00 pm,B. Quinby,Female,76,White,Orthopedics,Not Admission,,56
734-77-3973,16/10/2024,10:15:00 am,O. Lawfull,Female,38,Two or More Races,None,Admission,,24
625-87-2048,16/10/2024,6:23:00 am,E. Eland,Female,52,Declined to Identify,None,Not Admission,4,20
775-45-1167,16/10/2024,1:26:00 am,G. Aveson,Female,28,White,General Practice,Not Admission,,16
684-12-2313,16/10/2024,8:14:00 pm,N. Abendroth,Female,11,White,None,Admission,9,41
492-80-1890,16/10/2023,8:04:00 pm,N. O'Teague,Male,47,Two or More Races,Orthopedics,Not Admission,8,15
736-49-0121,16/10/2023,2:36:00 am,Q. Bedborough,Male,19,White,General Practice,Admission,3,13
161-57-2312,16/10/2023,11:59:00 pm,C. Faltskog,Male,53,African American,None,Admission,7,54
507-03-0083,16/10/2023,5:57:00 pm,G. Eastcott,Male,79,White,None,Not Admission,,22
807-31-0304,16/10/2023,1:19:00 am,Z. Whillock,Male,13,Asian,None,Admission,,13
417-59-9693,16/10/2023,1:38:00 am,A. Gillani,Male,69,White,General Practice,Admission,,42
611-81-2120,16/10/2023,6:30:00 am,O. Labbet,Male,62,Declined to Identify,General Practice,Admission,,39
274-80-8104,16/10/2023,11:49:00 am,M. Hadigate,Male,44,African American,None,Not Admission,,12
277-68-8077,16/10/2023,3:13:00 pm,A. Markl,Female,71,White,None,Not Admission,7,18
732-87-8678,16/10/2023,12:37:00 pm,F. Clubb,Male,52,Two or More Races,General Practice,Admission,,12
767-68-1383,16/10/2023,8:38:00 pm,I. Axleby,Male,18,Asian,None,Not Admission,,54
188-79-4026,16/10/2023,5:23:00 am,T. Sange,Female,78,Pacific Islander,None,Admission,9,39
796-12-3706,16/10/2023,8:17:00 pm,C. Burr,Male,78,Pacific Islander,Orthopedics,Not Admission,,43
556-05-0837,16/10/2023,8:41:00 pm,T. Tooth,Male,68,Pacific Islander,None,Not Admission,,10
537-10-1540,16/09/2024,11:58:00 pm,B. Illesley,Male,43,African American,None,Admission,,24
664-02-2390,16/09/2024,4:47:00 pm,Q. Buddle,Female,62,White,Orthopedics,Not Admission,0,25
676-97-6820,16/09/2024,8:30:00 am,C. Brittle,Female,63,Declined to Identify,None,Admission,,11
484-79-5250,16/09/2024,11:57:00 am,S. Joslow,Male,31,White,None,Admission,7,35
763-76-2075,16/09/2024,12:14:00 pm,J. Reims,Female,48,Native American/Alaska Native,None,Not Admission,,24
618-82-3874,16/09/2024,3:12:00 am,P. Doley,Male,31,White,General Practice,Not Admission,,57
359-09-1937,16/09/2024,4:36:00 pm,A. Garioch,Female,60,African American,Neurology,Admission,,18
509-19-9192,16/09/2024,7:38:00 am,L. Whear,Female,44,Pacific Islander,None,Not Admission,0,34
894-90-9359,16/09/2024,7:33:00 pm,A. Kay,Female,66,Two or More Races,None,Admission,10,34
625-84-2319,16/09/2024,5:27:00 pm,L. Hamby,Female,77,African American,Renal,Not Admission,,43
392-21-9704,16/09/2024,6:27:00 pm,F. Kisting,Female,72,African American,None,Not Admission,,42
459-96-4708,16/09/2024,10:04:00 pm,M. Bairnsfather,Male,21,Asian,None,Not Admission,,36
721-46-0379,16/09/2024,1:53:00 am,N. Roots,Male,15,White,None,Admission,5,43
208-18-7645,16/09/2023,2:40:00 pm,J. Kopps,Male,47,Asian,None,Admission,2,33
220-05-7403,16/09/2023,5:00:00 am,V. Perocci,Male,52,African American,General Practice,Not Admission,,23
422-33-7212,16/09/2023,3:54:00 pm,G. Crease,Male,54,Declined to Identify,None,Admission,,23
824-35-1947,16/09/2023,6:00:00 am,Q. Moyles,Female,44,African American,None,Not Admission,,33
223-82-3503,16/09/2023,8:50:00 am,L. Toffaloni,Female,35,Declined to Identify,None,Admission,,12
132-56-4513,16/09/2023,5:02:00 am,U. Stronough,Male,59,African American,None,Not Admission,,39
845-71-7210,16/09/2023,10:41:00 pm,Y. Wherrit,Female,50,African American,None,Admission,10,45
697-55-1406,16/09/2023,12:23:00 am,O. Graddon,Male,23,African American,None,Not Admission,,42
435-18-2227,16/09/2023,11:21:00 am,B. Kreber,Female,28,Two or More Races,General Practice,Admission,,16
546-92-5814,16/09/2023,11:02:00 am,D. Dewsnap,Male,32,Two or More Races,None,Not Admission,,30
565-10-6614,16/09/2023,3:49:00 pm,P. Lacrouts,Female,53,Two or More Races,General Practice,Not Admission,,30
593-94-5715,16/09/2023,1:31:00 am,F. Trusty,Male,5,Asian,None,Admission,,58
162-97-8549,16/09/2023,5:53:00 am,D. Pointer,Female,50,White,General Practice,Not Admission,,25
743-91-6945,16/09/2023,9:40:00 pm,C. Filimore,Male,71,White,Orthopedics,Not Admission,,28
140-96-0148,16/09/2023,9:22:00 am,B. Solomon,Male,9,African American,General Practice,Admission,8,42
694-42-9885,16/09/2023,1:28:00 pm,G. Domengue,Female,42,African American,None,Admission,,12
718-37-9286,16/09/2023,9:01:00 am,Y. Tidswell,Female,46,Two or More Races,General Practice,Admission,,50
810-50-5131,16/09/2023,6:25:00 am,J. Batstone,Female,56,Declined to Identify,Physiotherapy,Not Admission,,55
514-50-5992,16/09/2023,1:45:00 pm,Q. Toffler,Male,9,Two or More Races,Orthopedics,Admission,10,41
466-15-0928,16/09/2023,12:28:00 pm,M. Kivell,Female,42,Two or More Races,None,Not Admission,3,29
896-83-7729,16/09/2023,12:32:00 am,O. Jee,Female,30,White,General Practice,Admission,,43
697-21-0978,16/09/2023,10:37:00 pm,X. Cicetti,Male,14,African American,None,Admission,,38
466-84-0336,16/08/2024,12:38:00 pm,X. Keynes,Female,52,Two or More Races,None,Not Admission,,11
704-52-9351,16/08/2024,2:11:00 am,R. Stoddart,Male,16,White,None,Admission,,20
401-54-5114,16/08/2024,12:23:00 pm,C. Fabler,Female,52,African American,Cardiology,Admission,,44
411-20-5425,16/08/2024,2:01:00 pm,I. Garlic,Male,37,White,None,Admission,,55
594-09-2240,16/08/2024,7:51:00 pm,C. Natwick,Male,21,Pacific Islander,General Practice,Admission,,58
237-84-8828,16/08/2024,7:55:00 pm,R. Whitehouse,Male,35,Native American/Alaska Native,None,Not Admission,6,53
428-45-4055,16/08/2024,9:18:00 pm,F. Dunkerley,Female,49,Declined to Identify,None,Admission,,39
399-83-2838,16/08/2024,9:17:00 am,V. Borrie,Female,11,African American,General Practice,Not Admission,,39
676-74-9268,16/08/2024,4:11:00 pm,C. Aspinwall,Male,64,Declined to Identify,Orthopedics,Admission,,51
811-37-2655,16/08/2024,4:29:00 pm,W. Stockford,Female,2,Declined to Identify,None,Not Admission,,33
373-56-3448,16/08/2024,7:20:00 am,W. Hrachovec,Female,29,Declined to Identify,Cardiology,Not Admission,,39
467-64-9058,16/08/2024,2:00:00 pm,U. Bradnocke,Female,40,Pacific Islander,None,Not Admission,9,50
309-39-3171,16/08/2024,8:37:00 pm,U. Landells,Male,54,Asian,General Practice,Admission,,13
495-30-3359,16/08/2024,4:34:00 pm,N. Leemans,Female,55,African American,None,Not Admission,,35
250-22-9666,16/08/2024,10:24:00 pm,X. Geeve,Female,35,African American,None,Admission,,32
878-03-2218,16/08/2023,9:46:00 pm,S. Hutton,Female,3,White,None,Not Admission,3,52
445-83-2204,16/08/2023,3:30:00 am,C. Broyd,Male,71,White,Orthopedics,Not Admission,,51
195-71-9241,16/08/2023,7:41:00 am,S. Parke,Male,67,White,Orthopedics,Admission,,17
162-52-5413,16/08/2023,8:18:00 pm,P. Wakley,Male,75,African American,Renal,Not Admission,,12
754-27-4650,16/08/2023,3:43:00 am,X. Birtonshaw,Female,48,Asian,None,Not Admission,,51
545-29-5086,16/08/2023,8:39:00 pm,D. Duxbury,Female,63,Two or More Races,Neurology,Not Admission,,27
323-52-6658,16/08/2023,2:20:00 pm,Z. Benoix,Female,58,Asian,None,Not Admission,,21
728-54-6250,16/08/2023,12:59:00 pm,W. Schimek,Male,65,Declined to Identify,None,Not Admission,,33
429-22-2933,16/08/2023,10:05:00 am,S. Halms,Female,45,White,Cardiology,Not Admission,,47
786-79-3778,16/08/2023,12:18:00 am,P. Medley,Female,69,White,None,Not Admission,,20
437-57-7623,16/08/2023,1:37:00 am,A. Pockey,Female,71,African American,None,Not Admission,,41
213-37-6807,16/08/2023,5:54:00 am,S. Douce,Male,79,White,Orthopedics,Not Admission,,48
157-86-8870,16/08/2023,10:48:00 am,F. Gotmann,Female,12,Asian,None,Admission,,37
253-17-6458,16/08/2023,10:14:00 am,Z. Touzey,Female,73,Declined to Identify,None,Admission,,34
205-33-7598,16/08/2023,12:05:00 pm,O. Penwright,Male,19,White,None,Admission,,15
489-93-0555,16/08/2023,7:07:00 am,V. Jouandet,Male,23,White,None,Not Admission,,23
886-46-5748,16/08/2023,10:54:00 pm,O. Conneely,Male,19,Two or More Races,Orthopedics,Admission,,45
712-65-0532,16/08/2023,4:27:00 am,Y. Emanuelov,Female,68,White,None,Not Admission,,42
588-72-2524,16/07/2024,10:26:00 am,Z. Skerm,Male,1,White,General Practice,Not Admission,,58
632-88-2956,16/07/2024,11:10:00 am,X. Laffranconi,Male,26,Asian,General Practice,Not Admission,,57
219-43-2280,16/07/2024,5:31:00 pm,L. Gyppes,Male,41,Two or More Races,None,Admission,,12
529-78-3762,16/07/2024,6:28:00 pm,T. Barnewelle,Male,61,Declined to Identify,General Practice,Not Admission,,15
628-35-4629,16/07/2024,4:53:00 am,R. Fibbens,Male,55,African American,None,Not Admission,,20
772-16-7370,16/07/2024,1:44:00 pm,P. Minette,Male,72,White,Renal,Admission,,40
812-09-5507,16/07/2024,11:09:00 am,E. Ferrini,Male,46,African American,None,Admission,,35
703-94-1485,16/07/2024,1:29:00 pm,D. Morey,Female,68,Asian,Orthopedics,Admission,,15
459-64-0919,16/07/2024,7:55:00 pm,G. Lorey,Male,49,Declined to Identify,None,Admission,,24
237-68-2124,16/07/2024,3:43:00 pm,M. Erik,Male,68,African American,None,Not Admission,4,23
126-41-1668,16/07/2024,12:39:00 pm,N. Godilington,Male,22,African American,None,Not Admission,3,59
763-35-7575,16/07/2024,2:15:00 am,V. Snarie,Female,78,Declined to Identify,Orthopedics,Not Admission,,51
186-48-7416,16/07/2024,3:12:00 am,K. Abbotson,Female,7,White,Orthopedics,Admission,3,24
696-65-5769,16/07/2024,12:58:00 am,E. Erangey,Female,41,African American,None,Admission,,20
774-12-1839,16/07/2024,5:20:00 am,E. Toplis,Male,74,Asian,Orthopedics,Admission,,56
103-67-8893,16/07/2024,1:41:00 pm,Q. Eddington,Male,36,Two or More Races,General Practice,Admission,,36
239-18-5713,16/07/2024,4:42:00 pm,S. Scorrer,Male,76,White,None,Admission,,50
639-32-1869,16/07/2024,6:58:00 am,U. Surby,Male,19,African American,None,Admission,,43
432-40-5889,16/07/2024,12:28:00 pm,A. Capenor,Male,19,White,None,Admission,,26
783-04-7667,16/07/2024,10:44:00 am,D. Fretson,Male,70,African American,Neurology,Admission,,10
567-70-5803,16/07/2023,1:45:00 pm,N. McCrackan,Male,9,Pacific Islander,None,Admission,9,14
762-53-4550,16/07/2023,12:12:00 am,Q. Farrens,Female,21,Native American/Alaska Native,General Practice,Not Admission,,14
125-73-3589,16/07/2023,12:41:00 pm,F. Killough,Female,49,Two or More Races,None,Not Admission,,31
831-91-9322,16/07/2023,9:34:00 am,C. Askaw,Female,37,White,None,Admission,,23
370-02-5695,16/07/2023,3:06:00 am,Y. Yurikov,Male,39,Declined to Identify,None,Not Admission,,31
524-28-5350,16/07/2023,6:54:00 pm,V. Shalcros,Male,51,African American,Cardiology,Not Admission,,60
563-74-9045,16/07/2023,1:43:00 am,K. Sambedge,Male,1,African American,None,Not Admission,,14
109-57-9083,16/07/2023,10:50:00 am,O. Gohn,Female,28,Pacific Islander,None,Not Admission,,12
337-38-8786,16/07/2023,6:27:00 pm,L. Boulde,Male,72,White,None,Not Admission,,60
233-08-7548,16/07/2023,8:12:00 pm,P. McKeever,Male,20,White,Orthopedics,Not Admission,,30
138-23-1611,16/07/2023,11:32:00 am,F. Bendle,Female,5,White,None,Not Admission,,48
620-46-0049,16/07/2023,4:35:00 am,N. Bodleigh,Male,79,Two or More Races,None,Not Admission,,34
502-99-1222,16/07/2023,12:49:00 am,F. Wenham,Female,42,White,None,Admission,,48
309-58-3156,16/07/2023,8:43:00 pm,C. Ibberson,Female,69,White,None,Not Admission,0,29
517-26-2449,16/06/2024,5:05:00 am,I. Verling,Male,48,Two or More Races,None,Admission,,29
299-01-6031,16/06/2024,5:48:00 am,W. Peplaw,Male,28,Declined to Identify,Gastroenterology,Not Admission,,37
867-51-1001,16/06/2024,12:32:00 am,Z. Kimbrough,Male,74,White,None,Not Admission,1,14
574-65-3712,16/06/2024,6:38:00 pm,J. Massow,Female,25,Two or More Races,None,Admission,,42
427-84-2175,16/06/2024,12:33:00 am,D. Palmar,Female,10,Declined to Identify,None,Not Admission,5,41
811-04-0657,16/06/2024,11:49:00 am,M. Loveland,Female,9,African American,None,Admission,,52
774-50-3865,16/06/2024,6:11:00 pm,C. Tilson,Male,7,White,Orthopedics,Not Admission,,22
608-77-1218,16/06/2024,5:23:00 am,E. Aggio,Female,60,African American,General Practice,Not Admission,,12
843-56-0384,16/06/2024,5:00:00 pm,I. Fairrie,Male,60,Asian,None,Admission,,41
715-51-6452,16/06/2024,6:15:00 am,B. Redmain,Male,45,Pacific Islander,None,Admission,,16
716-47-4061,16/06/2024,10:19:00 pm,Y. Fransinelli,Female,42,White,None,Not Admission,4,22
345-80-7681,16/06/2024,3:24:00 pm,O. Buddington,Male,24,African American,None,Not Admission,,46
509-77-5147,16/06/2024,7:05:00 pm,N. Longmire,Male,18,African American,None,Admission,,43
509-72-7679,16/06/2024,7:48:00 am,Q. Barras,Male,16,White,General Practice,Not Admission,,17
345-82-8537,16/06/2023,9:47:00 pm,G. Ridolfi,Female,9,Asian,None,Admission,,19
317-40-2697,16/06/2023,6:00:00 pm,U. Kells,Male,48,African American,None,Not Admission,,43
532-37-4005,16/06/2023,3:27:00 am,Y. Harly,Male,67,Pacific Islander,Physiotherapy,Not Admission,,29
469-38-1832,16/06/2023,9:08:00 am,M. Tutton,Female,32,Two or More Races,None,Admission,,51
295-70-8330,16/06/2023,9:10:00 pm,T. Batt,Female,58,White,None,Admission,,25
282-16-4480,16/06/2023,11:35:00 am,F. Vaughan-Hughes,Male,22,African American,Neurology,Admission,1,53
404-62-8402,16/06/2023,10:25:00 am,N. Ardern,Female,44,Native American/Alaska Native,None,Not Admission,,21
157-03-9970,16/06/2023,9:17:00 pm,G. Capelin,Female,60,African American,None,Not Admission,,40
568-65-2667,16/06/2023,6:55:00 pm,L. Mammatt,Male,64,Asian,None,Admission,,50
217-16-4283,16/06/2023,3:57:00 pm,G. Tewnion,Female,39,Pacific Islander,General Practice,Admission,2,46
432-31-1766,16/06/2023,1:21:00 pm,U. Freen,Female,62,African American,None,Admission,,33
724-24-4676,16/06/2023,11:58:00 am,G. Colpus,Female,8,Native American/Alaska Native,None,Not Admission,,16
221-17-3849,16/06/2023,11:41:00 pm,M. Brookton,Female,18,Pacific Islander,None,Not Admission,,14
412-85-3832,16/05/2024,5:06:00 pm,V. Riccardo,Male,14,Asian,None,Admission,,36
193-77-7514,16/05/2024,11:02:00 am,I. Trigwell,Female,26,White,General Practice,Not Admission,10,40
333-30-5642,16/05/2024,11:54:00 am,J. Roset,Male,20,Two or More Races,None,Admission,,10
525-26-1951,16/05/2024,12:16:00 pm,T. Colecrough,Female,2,White,None,Not Admission,,48
137-31-2631,16/05/2024,11:02:00 am,J. McCluin,Female,16,Two or More Races,Neurology,Admission,10,12
459-94-5715,16/05/2024,12:42:00 am,W. Lammerts,Male,5,Two or More Races,None,Not Admission,,55
730-47-9716,16/05/2024,6:31:00 am,T. Djurkovic,Female,37,Pacific Islander,None,Not Admission,,53
156-85-7175,16/05/2024,5:24:00 pm,S. Bumby,Male,41,Two or More Races,None,Admission,9,51
569-24-2406,16/05/2024,7:09:00 pm,Y. Whether,Male,48,Asian,None,Not Admission,,32
659-18-3600,16/05/2024,4:37:00 pm,U. Muzzollo,Female,40,Native American/Alaska Native,None,Not Admission,,52
393-52-8450,16/05/2024,2:16:00 pm,I. Lauritsen,Male,74,African American,Orthopedics,Not Admission,6,24
883-85-2880,16/05/2024,9:43:00 am,Q. Straniero,Male,53,White,None,Admission,,19
615-52-5411,16/05/2024,12:44:00 am,W. Casbolt,Female,30,White,Physiotherapy,Admission,,26
454-18-7910,16/05/2024,12:34:00 pm,S. Pawellek,Male,6,Asian,None,Not Admission,,37
176-69-3010,16/05/2024,10:09:00 pm,D. Winchester,Female,32,African American,General Practice,Not Admission,,42
335-79-7657,16/05/2024,2:05:00 am,E. Kleinber,Female,39,African American,None,Admission,,15
462-93-4459,16/05/2024,7:15:00 pm,Q. O'Henehan,Male,66,White,None,Admission,,28
600-21-0825,16/05/2024,9:18:00 pm,W. Slevin,Male,18,Declined to Identify,None,Not Admission,1,50
657-40-4330,16/05/2024,1:43:00 pm,N. Proswell,Male,46,African American,Orthopedics,Admission,,50
700-71-2541,16/05/2024,3:07:00 am,C. Dagon,Male,37,Asian,Gastroenterology,Not Admission,,15
274-32-2971,16/05/2023,8:15:00 am,E. Belison,Male,74,White,None,Not Admission,8,45
157-74-0353,16/05/2023,8:08:00 pm,E. Formie,Male,31,Two or More Races,None,Not Admission,,23
710-19-1756,16/05/2023,5:22:00 pm,Q. Hallas,Male,36,African American,Orthopedics,Not Admission,9,11
280-13-7317,16/05/2023,7:54:00 am,C. Woolveridge,Male,18,Declined to Identify,None,Admission,3,11
659-19-0626,16/05/2023,5:13:00 am,B. Deverose,Female,63,White,Renal,Not Admission,7,49
597-50-8124,16/05/2023,7:49:00 pm,O. Border,Male,32,Native American/Alaska Native,Orthopedics,Admission,6,10
589-89-7404,16/05/2023,11:38:00 am,Y. Infantino,Male,78,Pacific Islander,Cardiology,Admission,,48
120-38-6188,16/05/2023,12:01:00 am,Q. Downage,Female,37,Declined to Identify,Orthopedics,Admission,,23
645-47-4599,16/05/2023,6:18:00 am,Y. Barras,Female,8,Pacific Islander,Orthopedics,Not Admission,,18
350-64-3851,16/05/2023,4:52:00 am,G. Earl,Female,56,Two or More Races,General Practice,Admission,8,60
761-68-0469,16/05/2023,12:48:00 am,U. Davenhill,Male,51,Pacific Islander,General Practice,Admission,,31
313-42-4447,16/05/2023,1:29:00 pm,U. Kilduff,Female,60,Two or More Races,None,Admission,,20
426-66-7893,16/05/2023,8:44:00 pm,U. Luckings,Female,33,African American,None,Not Admission,8,28
508-01-3723,16/05/2023,9:59:00 am,T. Baudasso,Male,42,Two or More Races,Physiotherapy,Admission,,35
778-04-7220,16/05/2023,11:31:00 am,Y. Hutfield,Male,56,White,None,Admission,10,12
337-44-5677,16/05/2023,11:37:00 pm,M. Spellissy,Female,72,Declined to Identify,None,Admission,,31
171-05-8116,16/05/2023,1:14:00 pm,L. Pietzker,Female,12,Native American/Alaska Native,None,Admission,7,39
357-17-7158,16/05/2023,8:32:00 pm,Y. Keys,Female,79,Declined to Identify,None,Admission,1,45
341-50-7757,16/05/2023,7:52:00 am,T. Hartigan,Female,49,Two or More Races,None,Not Admission,,55
317-66-7650,16/05/2023,7:38:00 am,Y. Pettyfer,Female,70,Asian,Physiotherapy,Not Admission,,11
200-22-2878,16/05/2023,5:28:00 am,X. Schwier,Female,57,White,None,Not Admission,,49
197-06-5889,16/04/2024,5:58:00 pm,O. Stillert,Male,76,White,General Practice,Admission,2,10
668-82-6440,16/04/2024,6:15:00 am,E. Dallicott,Female,79,Two or More Races,General Practice,Not Admission,0,36
318-21-1279,16/04/2024,8:00:00 am,Q. Costley,Male,58,White,None,Admission,,26
490-10-7609,16/04/2024,2:07:00 pm,Z. Chaston,Female,18,Pacific Islander,None,Not Admission,6,14
469-64-8137,16/04/2024,7:40:00 am,Q. Eouzan,Female,55,Two or More Races,None,Admission,,17
441-49-3611,16/04/2024,12:36:00 pm,X. Brymner,Female,49,Native American/Alaska Native,General Practice,Admission,,14
625-37-2749,16/04/2024,4:51:00 am,N. Noel,Male,69,Native American/Alaska Native,None,Not Admission,,58
393-31-6473,16/04/2024,11:42:00 pm,N. McVee,Female,30,White,None,Not Admission,,16
845-69-9025,16/04/2024,8:07:00 pm,A. Duffield,Female,49,Asian,Orthopedics,Admission,,58
163-66-2295,16/04/2024,1:24:00 am,S. Pile,Female,14,Native American/Alaska Native,None,Not Admission,2,37
161-12-2015,16/04/2024,10:31:00 am,Z. De Bischof,Male,28,White,None,Not Admission,,51
658-43-3520,16/04/2024,3:15:00 am,D. Skehens,Male,62,Declined to Identify,General Practice,Not Admission,,52
421-39-9248,16/04/2024,5:11:00 am,H. Bogges,Male,13,White,Gastroenterology,Not Admission,8,33
804-28-9814,16/04/2024,9:16:00 pm,I. Reace,Male,33,African American,None,Admission,,53
551-55-2010,16/04/2024,3:18:00 pm,E. Hazell,Female,21,Asian,Physiotherapy,Not Admission,,47
177-20-9536,16/04/2024,5:47:00 am,P. Casford,Male,53,African American,None,Not Admission,,40
439-06-2525,16/04/2024,3:39:00 am,A. Nyssens,Female,64,Asian,None,Admission,7,10
693-79-5815,16/04/2023,7:37:00 pm,R. Hintze,Female,17,White,General Practice,Not Admission,,48
307-92-3400,16/04/2023,1:52:00 am,K. Caslett,Male,11,Pacific Islander,General Practice,Not Admission,,38
265-90-3593,16/04/2023,9:38:00 pm,Q. Madine,Male,40,Asian,General Practice,Admission,10,44
814-54-8172,16/04/2023,12:20:00 am,G. Younie,Female,31,Declined to Identify,None,Admission,8,20
509-79-4975,16/04/2023,7:32:00 pm,Y. Brennan,Male,19,Asian,Neurology,Not Admission,,52
326-64-7528,16/04/2023,1:38:00 pm,Q. Maskall,Male,40,White,General Practice,Admission,9,15
176-52-4519,16/04/2023,1:02:00 pm,N. Shilleto,Male,11,White,None,Admission,,11
389-24-7558,16/04/2023,6:07:00 pm,N. Strettell,Female,41,Two or More Races,None,Not Admission,3,31
203-45-3196,16/04/2023,10:51:00 am,V. Seivertsen,Male,27,Asian,None,Not Admission,,37
678-44-4772,16/04/2023,3:42:00 pm,E. Devons,Female,27,Native American/Alaska Native,None,Not Admission,,32
492-48-0459,16/04/2023,12:48:00 am,D. Brandom,Male,12,Two or More Races,None,Not Admission,3,15
867-05-4344,16/04/2023,2:26:00 am,S. Gimlet,Female,31,Asian,General Practice,Admission,1,27
418-23-0440,16/04/2023,3:35:00 pm,J. Clue,Female,52,Two or More Races,None,Admission,,29
429-32-3098,16/04/2023,8:13:00 pm,Z. Alldridge,Female,76,White,None,Admission,,13
273-87-9584,16/04/2023,7:04:00 pm,L. Storch,Male,3,Two or More Races,None,Not Admission,,57
302-12-2442,16/04/2023,4:38:00 am,Z. Punton,Female,14,Declined to Identify,None,Admission,,12
638-55-9588,16/04/2023,8:51:00 pm,E. Skures,Female,24,White,General Practice,Admission,,29
446-22-8407,16/03/2024,6:21:00 am,R. Draaisma,Male,39,African American,None,Not Admission,,57
695-66-1991,16/03/2024,5:47:00 am,V. Stiddard,Female,49,Native American/Alaska Native,None,Not Admission,,52
268-03-2892,16/03/2024,8:16:00 pm,B. Chapelhow,Male,68,Asian,None,Admission,9,58
696-01-6860,16/03/2024,10:19:00 pm,G. Pues,Male,35,African American,None,Admission,,19
194-99-7484,16/03/2024,3:34:00 am,A. Smyth,Male,42,White,None,Not Admission,3,36
111-62-1484,16/03/2024,10:09:00 pm,P. Payle,Male,20,White,None,Not Admission,,41
364-91-4564,16/03/2024,2:56:00 pm,V. Andrzejowski,Female,43,Pacific Islander,None,Not Admission,,43
277-99-9308,16/03/2024,4:16:00 pm,W. Ketcher,Female,67,White,None,Not Admission,1,43
380-28-2793,16/03/2024,7:43:00 pm,W. Itschakov,Female,76,Two or More Races,None,Not Admission,,55
293-25-5155,16/03/2024,5:02:00 am,K. Ivimey,Female,72,African American,None,Admission,,41
418-54-2363,16/03/2024,10:53:00 am,L. Badsworth,Male,41,Two or More Races,General Practice,Admission,,20
152-64-9915,16/03/2024,4:13:00 pm,Y. Brimm,Female,70,Asian,General Practice,Admission,7,57
377-24-0858,16/03/2024,10:07:00 am,X. Sayles,Male,78,African American,General Practice,Not Admission,0,57
399-11-0047,16/03/2024,1:53:00 pm,X. Gilvary,Male,39,Pacific Islander,Orthopedics,Admission,,47
470-13-8720,16/03/2024,6:26:00 am,T. Fido,Male,62,Two or More Races,General Practice,Not Admission,,18
504-30-1140,16/03/2024,4:30:00 pm,C. Halladey,Male,56,Asian,General Practice,Admission,,33
528-96-6459,16/03/2024,8:10:00 pm,G. Iwaszkiewicz,Male,49,Pacific Islander,None,Admission,,46
830-06-4916,16/03/2024,5:02:00 am,T. Colley,Male,67,Native American/Alaska Native,None,Not Admission,,54
875-34-4380,16/02/2024,5:06:00 am,J. Legging,Female,3,Two or More Races,Physiotherapy,Not Admission,2,14
400-21-4570,16/02/2024,10:59:00 pm,A. Gallegos,Male,73,Native American/Alaska Native,Physiotherapy,Not Admission,,45
518-94-0881,16/02/2024,3:30:00 am,P. Cromblehome,Male,61,White,None,Admission,,56
149-73-5025,16/02/2024,1:19:00 pm,D. Danet,Female,72,African American,None,Admission,,46
269-47-2004,16/02/2024,1:09:00 pm,C. Howton,Female,40,Two or More Races,None,Not Admission,,56
565-93-5453,16/02/2024,9:38:00 pm,J. Hellin,Male,67,Asian,None,Admission,,16
115-32-2532,16/02/2024,9:45:00 pm,P. Bowker,Male,31,White,Cardiology,Admission,,29
740-89-0160,16/02/2024,8:07:00 pm,Q. Pickaver,Female,28,Two or More Races,None,Admission,,19
270-86-7036,16/02/2024,10:54:00 pm,I. Francesco,Male,63,African American,General Practice,Admission,,47
613-18-7721,16/02/2024,5:10:00 am,E. Greeson,Female,46,African American,General Practice,Not Admission,8,51
692-52-8598,16/02/2024,4:09:00 pm,D. Cuniam,Female,30,Asian,None,Not Admission,,55
211-82-9691,16/02/2024,9:05:00 pm,E. Yerson,Male,19,White,None,Admission,,42
680-14-5223,16/02/2024,11:01:00 pm,X. Delgadillo,Male,68,African American,None,Not Admission,,19
589-25-9796,16/02/2024,5:06:00 am,C. Powling,Male,22,White,None,Admission,,23
374-26-1067,16/02/2024,3:38:00 pm,V. Maillard,Male,12,White,None,Not Admission,,40
320-85-0898,16/02/2024,8:05:00 am,G. Paull,Male,78,Native American/Alaska Native,Orthopedics,Admission,1,28
140-30-2555,16/02/2024,2:25:00 am,L. Vasilchenko,Female,19,White,Neurology,Not Admission,,58
600-62-3412,16/01/2024,8:05:00 pm,H. Ponting,Male,14,Two or More Races,None,Admission,,52
618-74-2955,16/01/2024,6:19:00 pm,U. Daubney,Male,7,African American,None,Not Admission,10,14
828-96-6456,16/01/2024,2:06:00 am,J. Rosenstein,Female,61,White,General Practice,Admission,,25
628-86-1438,16/01/2024,4:46:00 pm,Z. Witherup,Female,37,White,Renal,Admission,6,56
429-16-7013,16/01/2024,4:09:00 pm,Q. Chalk,Male,79,Two or More Races,General Practice,Admission,,11
697-73-4767,16/01/2024,1:56:00 pm,B. Clewes,Female,57,White,General Practice,Not Admission,,32
617-03-1693,16/01/2024,11:48:00 am,I. Sampson,Female,6,Two or More Races,None,Admission,1,58
372-65-4950,16/01/2024,11:26:00 am,S. Morrill,Male,75,Asian,None,Not Admission,3,29
610-20-5197,16/01/2024,5:52:00 am,G. McCotter,Male,54,African American,None,Not Admission,,30
672-66-3624,16/01/2024,5:55:00 am,E. Battista,Female,1,African American,General Practice,Not Admission,,47
507-81-5352,16/01/2024,6:44:00 am,J. Battson,Male,7,White,None,Not Admission,,10
516-65-1574,16/01/2024,10:54:00 am,F. Colwell,Female,50,Declined to Identify,None,Admission,7,35
261-41-3006,16/01/2024,3:09:00 pm,D. Slocum,Male,50,White,None,Not Admission,,47
145-60-1945,16/01/2024,11:26:00 pm,A. Leedal,Male,76,Two or More Races,General Practice,Not Admission,8,53
589-78-2886,15/12/2023,2:53:00 am,R. Spafford,Male,69,Two or More Races,None,Admission,6,41
422-64-5062,15/12/2023,2:46:00 pm,T. Deveraux,Male,71,Two or More Races,None,Not Admission,7,15
669-11-4236,15/12/2023,12:38:00 am,V. Dach,Male,21,Declined to Identify,Neurology,Admission,,36
386-17-3826,15/12/2023,6:08:00 am,Z. Eiler,Female,21,White,General Practice,Not Admission,,27
628-60-2471,15/12/2023,11:39:00 am,S. Nardi,Male,13,African American,Gastroenterology,Admission,,41
460-64-4936,15/12/2023,5:38:00 am,I. Danhel,Female,8,African American,None,Not Admission,10,42
851-87-0017,15/12/2023,12:16:00 am,N. Coward,Female,75,African American,None,Admission,,24
782-24-4159,15/12/2023,7:36:00 pm,X. Jaffra,Male,50,White,General Practice,Admission,3,11
748-73-6404,15/12/2023,10:49:00 pm,A. Dennitts,Female,63,White,None,Not Admission,,40
604-22-1946,15/12/2023,3:33:00 pm,G. McTavish,Male,28,Asian,General Practice,Not Admission,5,55
507-25-2094,15/12/2023,11:02:00 am,O. Ruusa,Female,63,Native American/Alaska Native,Neurology,Admission,,45
385-83-1799,15/12/2023,12:48:00 pm,T. Golding,Female,73,White,None,Admission,1,17
247-51-7300,15/12/2023,9:02:00 pm,W. Cohrs,Male,9,African American,None,Admission,,11
873-58-0383,15/12/2023,11:08:00 am,O. Hiley,Male,57,White,Orthopedics,Admission,,23
386-99-7261,15/12/2023,12:02:00 pm,P. MacTrustrie,Male,60,White,Orthopedics,Not Admission,1,31
852-91-2788,15/12/2023,12:17:00 am,M. Abele,Female,66,African American,General Practice,Admission,,60
819-96-9508,15/12/2023,2:28:00 pm,G. Goldson,Male,71,White,None,Not Admission,,40
838-44-7406,15/12/2023,1:10:00 am,U. Hulk,Male,9,Asian,Cardiology,Admission,4,30
532-77-3729,15/12/2023,3:01:00 pm,E. Grimsdith,Male,28,African American,None,Admission,,49
689-18-3885,15/12/2023,5:28:00 am,H. Timperley,Male,59,White,General Practice,Admission,,57
883-69-9750,15/12/2023,7:51:00 pm,N. Perren,Female,44,Two or More Races,None,Admission,,42
808-33-7052,15/12/2023,1:00:00 am,Z. Byllam,Female,77,Pacific Islander,None,Not Admission,2,24
783-39-5247,15/12/2023,1:03:00 pm,B. Everingham,Female,60,African American,Neurology,Admission,,17
607-39-9421,15/12/2023,11:40:00 am,T. Ourtic,Female,46,White,None,Not Admission,7,16
300-01-5940,15/12/2023,1:13:00 pm,L. Calvert,Female,65,Two or More Races,General Practice,Admission,,11
138-92-0390,15/12/2023,6:56:00 am,G. Izon,Male,44,Declined to Identify,None,Admission,,56
488-56-1587,15/12/2023,11:46:00 am,M. Schellig,Female,42,Asian,None,Not Admission,,52
818-40-2922,15/11/2023,12:11:00 pm,P. Queen,Male,20,Two or More Races,None,Not Admission,6,31
275-15-5173,15/11/2023,10:32:00 pm,Q. Sharpus,Male,45,African American,Neurology,Admission,0,17
730-77-8624,15/11/2023,8:18:00 am,R. Bridgstock,Female,30,White,None,Admission,,53
742-84-8134,15/11/2023,4:52:00 am,D. Beale,Male,50,Native American/Alaska Native,None,Not Admission,,24
272-14-3969,15/11/2023,7:05:00 am,M. Bleby,Female,32,Asian,General Practice,Admission,,11
899-59-5585,15/11/2023,12:59:00 am,R. Osmond,Male,60,Declined to Identify,Orthopedics,Admission,,57
424-98-4798,15/11/2023,7:44:00 pm,P. Longshaw,Female,15,Asian,General Practice,Admission,,48
503-41-0754,15/11/2023,2:02:00 am,U. Devote,Male,15,White,None,Not Admission,0,51
132-37-7813,15/11/2023,1:33:00 am,P. Ugo,Female,2,Declined to Identify,None,Admission,,16
732-60-5902,15/11/2023,10:05:00 pm,Y. Ackers,Male,2,African American,None,Admission,1,45
869-03-4231,15/11/2023,3:17:00 am,N. Barnhill,Female,28,White,None,Not Admission,7,58
818-44-0174,15/11/2023,8:35:00 pm,G. McPeice,Female,38,Native American/Alaska Native,General Practice,Not Admission,,25
157-57-9919,15/11/2023,9:50:00 am,J. Wrightham,Male,65,White,None,Admission,,16
684-15-6213,15/11/2023,8:17:00 pm,O. Tilzey,Male,75,African American,Cardiology,Admission,,50
732-13-8882,15/11/2023,5:29:00 am,N. Jeanet,Male,28,White,None,Not Admission,,58
288-06-8475,15/11/2023,6:18:00 am,Z. Barnewall,Male,60,Native American/Alaska Native,Neurology,Admission,8,37
495-10-9893,15/10/2024,9:20:00 am,X. Suddell,Male,77,Pacific Islander,None,Admission,8,42
655-60-3958,15/10/2024,4:49:00 pm,I. Frear,Female,64,Two or More Races,Neurology,Admission,1,14
282-30-8388,15/10/2024,11:18:00 pm,E. Ulyat,Male,56,White,General Practice,Admission,9,44
259-60-8993,15/10/2024,8:24:00 am,K. Snuggs,Male,16,Declined to Identify,Gastroenterology,Not Admission,,54
471-71-2313,15/10/2024,7:57:00 pm,V. Annear,Female,6,Pacific Islander,None,Not Admission,9,51
698-93-1765,15/10/2024,1:38:00 am,H. Doumer,Female,31,Two or More Races,None,Admission,,34
747-67-5371,15/10/2024,12:17:00 pm,L. Dracey,Female,2,Asian,None,Admission,9,54
454-05-8913,15/10/2024,11:56:00 pm,I. Carcass,Male,42,African American,None,Admission,,60
887-12-8505,15/10/2024,11:29:00 pm,J. Blais,Female,41,Asian,Neurology,Admission,1,58
794-74-3955,15/10/2024,10:41:00 am,E. Cunningham,Male,15,Declined to Identify,None,Admission,,57
178-86-9071,15/10/2024,12:07:00 am,I. Basezzi,Female,2,Two or More Races,General Practice,Not Admission,,12
404-47-0411,15/10/2024,11:32:00 pm,H. Favey,Male,73,Two or More Races,None,Not Admission,,40
829-92-4746,15/10/2024,1:34:00 pm,E. Cratchley,Male,47,African American,Orthopedics,Admission,5,53
775-28-0288,15/10/2024,9:44:00 pm,K. Blasli,Female,76,Two or More Races,General Practice,Not Admission,8,42
367-01-0029,15/10/2024,5:31:00 pm,I. Basili,Female,10,African American,General Practice,Admission,,40
615-61-7861,15/10/2023,5:01:00 am,Z. Skace,Male,5,Pacific Islander,Renal,Admission,,47
498-71-1583,15/10/2023,8:06:00 pm,U. Haken,Male,18,White,General Practice,Admission,,13
492-27-5140,15/10/2023,10:25:00 am,J. Franschini,Female,78,African American,None,Not Admission,,30
723-73-7614,15/10/2023,5:29:00 pm,I. Kennedy,Male,28,African American,General Practice,Not Admission,,32
781-05-2472,15/10/2023,9:18:00 pm,Q. Baird,Male,32,Two or More Races,None,Not Admission,1,41
242-14-9128,15/10/2023,4:20:00 pm,S. Samuel,Male,25,African American,Neurology,Not Admission,,11
197-34-8117,15/10/2023,7:02:00 pm,P. Gelland,Male,25,Declined to Identify,None,Not Admission,7,27
660-42-0591,15/10/2023,7:04:00 am,E. Michelotti,Female,68,White,General Practice,Not Admission,7,33
231-02-7602,15/10/2023,2:44:00 pm,R. Spelling,Male,22,White,Orthopedics,Not Admission,,32
164-06-4233,15/10/2023,9:26:00 pm,E. Bome,Female,59,Pacific Islander,Orthopedics,Admission,,43
544-11-1795,15/09/2024,8:21:00 pm,S. Forge,Male,7,Two or More Races,None,Not Admission,,52
647-42-9843,15/09/2024,9:49:00 pm,M. Learmond,Male,12,African American,None,Not Admission,,55
852-89-5200,15/09/2024,3:37:00 am,G. Lope,Female,7,African American,General Practice,Admission,,43
846-43-9311,15/09/2024,12:42:00 pm,V. McIlwrath,Female,16,Pacific Islander,None,Admission,,16
571-03-9350,15/09/2024,4:41:00 am,O. Dounbare,Male,66,Two or More Races,Gastroenterology,Not Admission,,37
290-95-7276,15/09/2024,12:37:00 am,Q. Heselwood,Female,26,African American,None,Not Admission,,49
611-46-9532,15/09/2024,5:18:00 pm,T. Comini,Female,37,Declined to Identify,None,Admission,1,35
350-37-2223,15/09/2024,12:02:00 pm,Z. Jervois,Male,57,African American,None,Not Admission,,45
541-39-5821,15/09/2024,10:59:00 am,Z. Motten,Female,75,Two or More Races,None,Admission,,45
153-84-0990,15/09/2024,8:39:00 am,A. Iwanczyk,Female,39,White,General Practice,Admission,,25
855-28-4521,15/09/2024,4:48:00 pm,L. Saltmarshe,Male,12,Two or More Races,None,Not Admission,,26
685-44-8957,15/09/2024,2:28:00 pm,F. Walesa,Female,26,Two or More Races,None,Admission,4,17
735-92-5480,15/09/2024,5:50:00 am,S. Cradey,Male,70,Two or More Races,None,Admission,,60
409-71-7005,15/09/2024,7:06:00 am,E. Lamp,Female,18,Declined to Identify,General Practice,Not Admission,,56
368-43-0999,15/09/2024,7:34:00 am,X. Brass,Female,21,White,None,Not Admission,7,40
713-44-5163,15/09/2024,11:49:00 pm,X. Dobrowolny,Male,55,Asian,Gastroenterology,Not Admission,8,36
654-47-3643,15/09/2024,6:07:00 am,E. Heberden,Female,54,African American,None,Admission,,18
793-16-8190,15/09/2024,1:29:00 am,N. Gamblin,Male,7,African American,General Practice,Admission,,28
596-88-7560,15/09/2023,9:50:00 pm,C. Nowakowska,Male,20,Declined to Identify,None,Not Admission,7,37
644-58-3446,15/09/2023,7:18:00 am,G. Felton,Female,3,Native American/Alaska Native,None,Admission,7,36
685-76-7563,15/09/2023,1:30:00 pm,H. Thorius,Male,60,Pacific Islander,General Practice,Admission,,35
343-40-4924,15/09/2023,12:42:00 pm,L. Almack,Male,29,Two or More Races,Cardiology,Not Admission,,51
258-22-8476,15/09/2023,8:00:00 am,L. Yetton,Male,34,African American,None,Admission,7,60
467-42-9708,15/09/2023,4:42:00 am,U. Cluff,Male,24,White,None,Not Admission,,57
548-59-5269,15/09/2023,4:31:00 pm,M. Orange,Female,9,Two or More Races,General Practice,Not Admission,,54
331-48-0116,15/09/2023,11:10:00 pm,T. Arnao,Female,54,White,None,Admission,,31
534-62-6569,15/09/2023,5:04:00 am,K. Gaudon,Male,13,Two or More Races,Orthopedics,Admission,,24
644-76-1186,15/09/2023,10:16:00 am,L. Wasmuth,Female,47,Asian,None,Not Admission,6,11
221-36-4287,15/09/2023,2:08:00 pm,N. Egar,Male,58,African American,None,Admission,,53
337-21-5947,15/09/2023,1:39:00 pm,N. Atwood,Male,38,African American,General Practice,Not Admission,,52
881-51-4957,15/09/2023,6:43:00 am,K. Denniss,Male,27,African American,None,Admission,,17
103-87-1157,15/09/2023,4:56:00 pm,Y. Pashby,Female,51,African American,None,Admission,,46
281-67-7646,15/09/2023,4:02:00 pm,L. Stood,Female,12,Asian,None,Not Admission,0,45
531-14-5503,15/09/2023,8:51:00 pm,S. Janeway,Male,11,Declined to Identify,General Practice,Not Admission,1,55
530-22-6924,15/09/2023,10:42:00 pm,W. McFadin,Female,61,Pacific Islander,General Practice,Admission,,42
865-12-7904,15/09/2023,3:01:00 am,F. Tooting,Female,4,Two or More Races,General Practice,Not Admission,,14
298-10-7060,15/09/2023,1:09:00 pm,O. Martygin,Female,34,African American,Orthopedics,Admission,,15
501-24-3434,15/09/2023,7:24:00 pm,K. Nelane,Female,60,Declined to Identify,Orthopedics,Admission,2,28
843-20-8997,15/09/2023,6:09:00 pm,S. Stockow,Female,51,Asian,None,Not Admission,3,26
798-37-9426,15/09/2023,4:33:00 am,U. Wisdish,Female,78,White,None,Admission,,59
568-87-8772,15/09/2023,12:03:00 am,C. Fedoronko,Female,66,White,None,Not Admission,,31
723-76-5413,15/09/2023,1:54:00 pm,T. Skrines,Male,3,African American,Orthopedics,Not Admission,,34
407-21-4291,15/09/2023,11:14:00 pm,A. MacMechan,Male,55,African American,None,Admission,4,40
515-44-8748,15/09/2023,7:05:00 pm,J. Creak,Male,13,Declined to Identify,None,Admission,,19
478-97-4429,15/08/2024,11:15:00 pm,F. Dooland,Female,61,Two or More Races,None,Admission,,59
576-10-9140,15/08/2024,6:34:00 pm,Y. Ewles,Female,19,African American,General Practice,Not Admission,,38
736-88-1861,15/08/2024,8:01:00 pm,F. Casperri,Male,61,Two or More Races,None,Not Admission,,38
368-31-2124,15/08/2024,5:41:00 am,I. Sealeaf,Female,69,Asian,Orthopedics,Not Admission,,45
845-51-5919,15/08/2024,6:19:00 pm,L. Hercock,Male,7,White,General Practice,Admission,,35
773-38-3470,15/08/2024,12:15:00 am,P. Littlefair,Female,75,Two or More Races,General Practice,Admission,,26
199-68-5630,15/08/2024,10:43:00 am,L. McIlharga,Male,60,Two or More Races,None,Admission,6,42
892-25-8683,15/08/2024,7:01:00 am,G. Colliard,Male,14,African American,General Practice,Not Admission,7,60
131-97-5369,15/08/2024,7:04:00 am,S. De Bischof,Male,58,Two or More Races,None,Admission,,40
171-10-8865,15/08/2024,10:19:00 pm,E. Dugue,Male,73,White,Orthopedics,Admission,,38
171-47-7261,15/08/2024,8:43:00 am,L. Sallows,Male,78,Two or More Races,None,Not Admission,,55
866-26-1903,15/08/2024,1:07:00 pm,Q. Jerson,Male,8,Asian,Orthopedics,Not Admission,3,24
181-46-3780,15/08/2024,10:03:00 am,N. Trinke,Male,13,Declined to Identify,None,Admission,,50
449-53-3671,15/08/2024,6:11:00 am,L. Goeff,Male,3,Declined to Identify,None,Not Admission,,43
251-44-9574,15/08/2024,10:13:00 pm,E. Sprake,Male,44,Two or More Races,None,Not Admission,6,33
567-64-8503,15/08/2024,12:05:00 am,A. Knight,Male,28,Two or More Races,Physiotherapy,Not Admission,,58
107-19-6298,15/08/2024,5:50:00 pm,K. Clendennen,Male,28,Asian,Orthopedics,Not Admission,,10
188-08-8982,15/08/2024,1:57:00 pm,L. Smitton,Male,45,Two or More Races,None,Not Admission,,21
569-39-0856,15/08/2023,3:29:00 am,K. Rontsch,Male,63,White,None,Not Admission,4,26
263-48-3682,15/08/2023,8:51:00 pm,A. Toseland,Male,18,White,None,Not Admission,,37
351-52-7426,15/08/2023,7:37:00 am,I. Timpany,Male,22,Two or More Races,None,Admission,,33
475-24-2587,15/08/2023,8:44:00 am,Z. Easterbrook,Female,8,Two or More Races,None,Admission,1,27
325-70-7368,15/08/2023,1:46:00 am,I. Bucknill,Male,25,African American,None,Not Admission,,24
601-12-5225,15/08/2023,9:47:00 pm,W. O'Flaverty,Male,54,Declined to Identify,None,Admission,,35
429-49-7880,15/08/2023,9:47:00 am,V. Mowsdell,Female,2,Asian,None,Not Admission,8,24
169-94-6100,15/08/2023,9:10:00 pm,A. Cristofaro,Female,37,White,None,Admission,7,12
196-80-7773,15/08/2023,6:55:00 am,G. Whimper,Female,74,African American,Orthopedics,Not Admission,,13
648-27-9691,15/08/2023,6:56:00 am,J. Casini,Male,27,Asian,None,Not Admission,,53
814-07-4421,15/08/2023,11:58:00 pm,H. Maith,Male,44,Native American/Alaska Native,General Practice,Admission,,54
880-75-5124,15/08/2023,11:23:00 am,B. von Hagt,Female,59,Two or More Races,Orthopedics,Not Admission,,47
359-97-6728,15/08/2023,2:09:00 am,W. Boch,Female,54,Two or More Races,None,Not Admission,,16
119-60-5805,15/08/2023,2:27:00 pm,A. Windas,Male,18,White,None,Admission,,48
792-87-9816,15/07/2024,4:44:00 am,B. Ianni,Female,74,Two or More Races,None,Admission,,59
837-73-8994,15/07/2024,9:38:00 pm,X. McGhee,Female,70,White,None,Admission,2,20
343-83-6300,15/07/2024,12:59:00 pm,Z. Hofton,Male,22,African American,None,Admission,,55
429-49-3591,15/07/2024,4:49:00 pm,N. Polon,Female,6,African American,Orthopedics,Not Admission,,44
464-32-0501,15/07/2024,9:14:00 pm,D. Venners,Female,15,Asian,General Practice,Admission,,41
683-47-8284,15/07/2024,10:18:00 am,I. Todhunter,Male,79,African American,General Practice,Not Admission,,31
852-85-0197,15/07/2024,8:54:00 am,D. Shephard,Male,12,Pacific Islander,Renal,Admission,3,41
398-45-7125,15/07/2024,9:07:00 pm,G. Butler,Female,11,African American,Orthopedics,Admission,,11
437-17-7171,15/07/2024,10:58:00 pm,S. Adamiak,Male,45,White,None,Not Admission,,33
886-77-9729,15/07/2024,8:29:00 am,A. Halliday,Male,54,African American,None,Admission,,17
896-75-9958,15/07/2024,9:34:00 am,F. Patria,Male,59,Asian,None,Not Admission,,22
278-44-6183,15/07/2024,11:35:00 pm,F. Boscott,Female,7,White,None,Admission,,18
754-13-2622,15/07/2024,8:22:00 pm,E. McNutt,Female,61,White,None,Not Admission,8,42
270-81-6460,15/07/2024,12:14:00 am,G. Blessed,Male,12,Declined to Identify,Orthopedics,Admission,,38
308-24-5685,15/07/2023,3:21:00 am,F. Wastall,Male,6,African American,None,Not Admission,,35
194-07-9452,15/07/2023,9:54:00 pm,U. Kasman,Female,23,Two or More Races,General Practice,Admission,,56
157-79-9833,15/07/2023,11:06:00 am,X. Daubeny,Female,68,Declined to Identify,General Practice,Admission,10,22
410-07-3685,15/07/2023,4:35:00 pm,D. Paragreen,Female,57,White,None,Not Admission,,19
599-99-7003,15/07/2023,6:50:00 pm,S. Simonard,Female,63,White,Orthopedics,Not Admission,7,24
498-27-3065,15/07/2023,8:43:00 pm,L. Harrod,Female,73,Asian,None,Admission,,13
775-99-4535,15/07/2023,9:59:00 am,B. Croome,Male,45,Declined to Identify,None,Admission,,23
663-84-5771,15/07/2023,3:06:00 pm,W. Bucktrout,Male,61,Native American/Alaska Native,General Practice,Not Admission,,44
471-66-4521,15/07/2023,3:09:00 pm,X. Leabeater,Male,8,Declined to Identify,None,Not Admission,,10
562-15-6437,15/07/2023,8:02:00 am,P. Pietrusiak,Male,70,Declined to Identify,General Practice,Not Admission,,21
315-54-7384,15/07/2023,9:34:00 pm,X. Merrifield,Male,18,Declined to Identify,None,Admission,,49
431-80-8333,15/07/2023,3:46:00 am,J. Izzard,Female,16,White,None,Admission,,26
865-43-3940,15/07/2023,10:03:00 am,H. Hallitt,Female,71,Asian,Physiotherapy,Admission,8,42
273-92-4143,15/07/2023,12:25:00 pm,Z. Todd,Female,76,Asian,None,Admission,,25
318-02-7729,15/07/2023,5:51:00 pm,Z. Clears,Male,20,Declined to Identify,None,Not Admission,,20
215-81-1749,15/06/2024,4:32:00 am,N. Pidgeon,Female,18,Declined to Identify,General Practice,Admission,7,57
532-08-2723,15/06/2024,12:40:00 am,J. Batt,Male,63,Asian,None,Not Admission,,49
316-34-3057,15/06/2024,11:29:00 am,X. Methuen,Male,4,Native American/Alaska Native,None,Admission,,27
122-46-5252,15/06/2024,10:21:00 pm,G. Klosa,Female,63,White,None,Admission,1,20
699-42-8804,15/06/2024,8:04:00 pm,I. Jiricka,Male,49,White,None,Not Admission,,49
199-30-9296,15/06/2024,8:36:00 am,N. Banane,Female,41,Declined to Identify,None,Admission,,58
500-49-4724,15/06/2024,11:16:00 pm,X. Lipprose,Male,49,Two or More Races,None,Admission,6,24
180-76-2943,15/06/2024,7:14:00 pm,X. Zarfai,Female,1,White,None,Not Admission,,29
296-03-8130,15/06/2024,6:04:00 pm,K. Curteis,Male,12,Asian,Orthopedics,Admission,,52
363-63-8730,15/06/2024,3:32:00 pm,K. Gillbey,Male,69,African American,None,Admission,,47
185-06-7426,15/06/2024,1:52:00 am,P. Tooke,Female,41,Native American/Alaska Native,None,Not Admission,,22
124-08-6381,15/06/2024,1:21:00 am,W. Keyworth,Male,67,Declined to Identify,Cardiology,Admission,7,29
871-94-3138,15/06/2024,7:40:00 pm,Q. Duckers,Male,48,White,None,Not Admission,0,37
255-19-6333,15/06/2024,10:56:00 pm,W. Daldan,Female,38,Two or More Races,None,Not Admission,,37
593-36-2410,15/06/2024,11:51:00 am,G. Wrightson,Female,23,Asian,Gastroenterology,Admission,8,23
247-79-7253,15/06/2024,4:41:00 am,R. Richardin,Male,25,African American,None,Not Admission,7,12
652-33-9813,15/06/2024,3:46:00 am,D. Hovie,Female,71,Two or More Races,None,Admission,,51
206-25-4281,15/06/2024,1:40:00 pm,D. Yarrington,Femaleemale,72,Declined to Identify,None,Admission,7,33
260-54-7458,15/06/2024,10:40:00 am,O. Chesnay,Female,29,Asian,General Practice,Not Admission,,50
284-11-1573,15/06/2024,7:32:00 pm,K. Franzman,Female,28,African American,General Practice,Admission,,50
497-25-0031,15/06/2024,4:06:00 am,T. Grindall,Male,29,Asian,Cardiology,Not Admission,,57
547-37-9917,15/06/2024,2:00:00 pm,Y. Dayborne,Female,13,Asian,General Practice,Admission,,37
831-28-9145,15/06/2024,2:58:00 pm,M. Strange,Female,54,White,None,Admission,,45
422-91-8230,15/06/2023,5:24:00 am,M. Fullylove,Male,1,Declined to Identify,None,Not Admission,,39
299-19-3267,15/06/2023,12:03:00 am,Z. Ragless,Female,26,African American,General Practice,Not Admission,,43
256-95-4828,15/06/2023,3:28:00 am,R. Kimmings,Female,28,White,None,Not Admission,9,37
756-52-7604,15/06/2023,9:58:00 pm,Y. Abbett,Female,32,Asian,None,Admission,,25
137-63-3880,15/06/2023,6:28:00 am,P. Ivie,Male,26,Pacific Islander,None,Not Admission,,21
330-31-6300,15/06/2023,3:59:00 am,W. Neads,Female,7,Native American/Alaska Native,None,Not Admission,,29
438-20-3934,15/06/2023,9:14:00 am,G. Hablet,Male,47,White,General Practice,Admission,,51
531-03-0405,15/06/2023,3:43:00 am,Y. Como,Male,38,Asian,None,Admission,,10
133-70-2188,15/06/2023,4:26:00 am,L. Bisley,Male,61,Declined to Identify,None,Admission,,44
831-70-8489,15/06/2023,4:11:00 am,O. Wilmot,Female,43,Pacific Islander,General Practice,Admission,,26
477-47-0020,15/06/2023,3:36:00 pm,J. Coey,Female,19,Asian,Orthopedics,Not Admission,,39
629-68-4241,15/06/2023,8:30:00 am,W. Roach,Male,49,White,General Practice,Not Admission,,13
368-74-4482,15/06/2023,12:56:00 pm,S. Blunsen,Male,4,Asian,None,Admission,,33
465-15-3314,15/06/2023,10:38:00 pm,B. Grigorescu,Male,13,White,None,Admission,,45
155-29-2929,15/06/2023,5:45:00 pm,I. Mowbray,Female,55,African American,None,Admission,,19
649-23-2850,15/05/2024,9:57:00 am,B. Alvarado,Male,32,African American,Neurology,Admission,,44
298-46-8494,15/05/2024,7:41:00 am,G. Vasile,Male,17,Pacific Islander,None,Admission,,23
454-34-9403,15/05/2024,1:27:00 pm,E. Presidey,Male,65,African American,None,Not Admission,,36
270-12-6526,15/05/2024,10:36:00 pm,L. Krystek,Male,38,Asian,None,Not Admission,,48
763-25-3640,15/05/2024,8:43:00 am,K. Agget,Female,57,Two or More Races,None,Not Admission,,43
710-24-2270,15/05/2024,4:56:00 pm,O. Dobbings,Male,63,Pacific Islander,None,Not Admission,,33
252-05-5600,15/05/2024,5:46:00 am,N. Deaton,Female,12,White,None,Not Admission,5,25
674-28-0052,15/05/2024,9:27:00 pm,U. Mackriell,Female,26,Two or More Races,General Practice,Admission,0,30
512-45-8835,15/05/2024,7:54:00 am,E. Titley,Female,26,Declined to Identify,None,Admission,,49
698-41-1781,15/05/2024,10:12:00 pm,T. Horrigan,Female,35,Declined to Identify,None,Not Admission,,38
479-37-5258,15/05/2024,7:56:00 am,L. Hurdedge,Female,3,Pacific Islander,None,Not Admission,,49
451-55-0085,15/05/2024,2:55:00 am,U. Izard,Male,72,Pacific Islander,None,Not Admission,10,29
225-69-0800,15/05/2024,12:21:00 pm,R. Wooles,Male,56,African American,None,Not Admission,,41
759-61-0298,15/05/2024,8:42:00 pm,W. Houtby,Male,22,Asian,None,Admission,2,28
407-45-1728,15/05/2024,9:10:00 pm,L. Bourcq,Male,45,Asian,None,Not Admission,,37
680-95-1949,15/05/2024,10:51:00 pm,Y. Wessel,Male,67,African American,None,Admission,4,19
148-56-7389,15/05/2023,8:16:00 am,B. Coping,Male,75,Declined to Identify,None,Admission,,20
520-29-9827,15/05/2023,7:11:00 pm,E. Keepin,Male,21,White,None,Admission,,23
123-01-6587,15/05/2023,9:49:00 pm,B. Billingham,Female,59,White,None,Not Admission,,59
655-60-5604,15/05/2023,4:55:00 am,X. Southway,Female,54,African American,General Practice,Not Admission,,46
352-81-8511,15/05/2023,9:41:00 am,Y. Heibl,Female,73,White,General Practice,Admission,,10
447-09-9471,15/05/2023,3:26:00 pm,I. Tucker,Female,70,Two or More Races,None,Admission,,26
481-55-5602,15/05/2023,4:11:00 am,V. Hassett,Male,53,Declined to Identify,General Practice,Not Admission,,39
798-16-6239,15/04/2024,7:39:00 pm,T. Geggus,Male,49,White,None,Admission,,10
111-36-1435,15/04/2024,12:27:00 pm,V. Giorgietto,Male,6,Two or More Races,Physiotherapy,Not Admission,4,41
397-69-1401,15/04/2024,7:17:00 pm,M. Reggiani,Male,3,White,None,Admission,,35
186-18-2336,15/04/2024,2:20:00 pm,L. Ryal,Male,79,Two or More Races,None,Not Admission,,53
892-85-4985,15/04/2024,4:58:00 am,G. Poppy,Male,36,White,None,Admission,,51
782-54-1080,15/04/2024,3:21:00 pm,Y. Royall,Male,56,White,None,Not Admission,2,38
620-03-2957,15/04/2024,8:44:00 pm,X. Rickaby,Male,17,African American,Renal,Not Admission,,53
821-46-1915,15/04/2024,12:42:00 pm,V. Howett,Male,61,African American,General Practice,Not Admission,,46
271-74-6084,15/04/2024,1:32:00 am,W. Wycliff,Female,62,African American,Physiotherapy,Not Admission,,56
615-62-0241,15/04/2024,3:23:00 pm,B. Evill,Female,44,White,General Practice,Admission,,17
412-11-8092,15/04/2024,5:04:00 am,S. Reid,Male,41,White,None,Admission,6,51
549-91-5573,15/04/2024,2:23:00 am,M. Schaffel,Female,47,African American,General Practice,Admission,8,30
196-16-6364,15/04/2024,12:16:00 pm,K. Gartland,Male,74,African American,General Practice,Admission,,39
771-83-1882,15/04/2024,3:55:00 am,B. Salazar,Female,79,Pacific Islander,General Practice,Admission,,49
352-67-4305,15/04/2024,7:12:00 am,K. Eyer,Male,71,African American,None,Admission,,37
744-31-9326,15/04/2024,2:12:00 pm,E. Pettyfer,Female,16,White,General Practice,Not Admission,,23
413-62-4921,15/04/2024,5:26:00 am,R. Walsham,Male,57,White,None,Admission,,56
569-21-9609,15/04/2024,8:35:00 pm,M. Eger,Male,16,African American,None,Admission,,56
198-32-9920,15/04/2024,2:36:00 pm,R. Codeman,Female,64,African American,None,Admission,,28
730-80-4986,15/04/2024,4:02:00 pm,Q. Spackman,Female,56,Asian,None,Not Admission,,16
132-48-1247,15/04/2023,6:40:00 pm,G. Eastabrook,Female,58,Asian,None,Not Admission,,50
473-15-4074,15/04/2023,3:28:00 am,M. Brimfield,Male,78,Pacific Islander,None,Not Admission,,54
186-99-6396,15/04/2023,10:05:00 am,T. Szepe,Male,78,Native American/Alaska Native,None,Not Admission,,48
153-06-0149,15/04/2023,6:28:00 pm,I. Thominga,Female,4,White,None,Not Admission,,22
453-74-7317,15/04/2023,9:33:00 pm,P. Bielfelt,Female,35,Pacific Islander,Gastroenterology,Admission,1,52
749-39-3053,15/04/2023,3:22:00 am,Y. Minchella,Male,7,Declined to Identify,None,Admission,,56
526-81-5714,15/04/2023,11:11:00 pm,F. Congrave,Male,4,White,Cardiology,Admission,,12
427-82-7478,15/04/2023,4:38:00 pm,O. Greenstead,Male,53,White,None,Not Admission,,39
105-08-6438,15/04/2023,9:44:00 am,J. Baumer,Male,2,African American,None,Not Admission,,27
624-52-0442,15/04/2023,6:22:00 pm,N. Stansby,Female,52,African American,General Practice,Admission,8,58
661-65-1950,15/04/2023,11:38:00 pm,X. Belin,Female,44,Native American/Alaska Native,Cardiology,Not Admission,,18
560-68-4267,15/04/2023,11:41:00 pm,O. Dinwoodie,Male,20,Declined to Identify,None,Admission,8,47
536-56-4427,15/03/2024,1:23:00 am,M. Skeldon,Female,38,Asian,None,Not Admission,,11
518-17-5917,15/03/2024,2:48:00 pm,Y. Leathes,Male,75,White,General Practice,Admission,3,43
140-54-0216,15/03/2024,1:35:00 pm,A. Zettoi,Female,59,Two or More Races,None,Admission,,58
546-27-1400,15/03/2024,1:02:00 pm,K. Setford,Female,39,White,General Practice,Admission,,11
452-49-7738,15/03/2024,5:11:00 pm,G. Esson,Male,67,Declined to Identify,None,Admission,,51
535-53-1709,15/03/2024,7:54:00 pm,H. Corneil,Male,26,White,None,Not Admission,2,27
667-17-4571,15/03/2024,1:34:00 pm,X. Lantoph,Male,69,Two or More Races,General Practice,Not Admission,7,11
371-39-0855,15/03/2024,5:48:00 am,V. McCreedy,Female,15,White,None,Not Admission,,51
201-34-2154,15/03/2024,8:28:00 pm,A. Chill,Male,70,Asian,None,Not Admission,5,37
337-32-9874,15/03/2024,5:55:00 pm,C. Caccavella,Male,26,Two or More Races,None,Not Admission,,57
870-17-7578,15/03/2024,7:13:00 pm,Q. Alvy,Male,54,White,None,Not Admission,,29
826-05-1245,15/03/2024,10:11:00 pm,E. Shyres,Male,67,White,None,Not Admission,,23
382-93-4355,15/03/2024,9:43:00 am,L. Beechcraft,Female,62,Native American/Alaska Native,Cardiology,Not Admission,,32
423-95-8777,15/02/2024,1:39:00 pm,X. Doogan,Female,28,African American,General Practice,Admission,,52
119-06-4805,15/02/2024,8:56:00 am,Q. Franzen,Male,75,Asian,General Practice,Admission,,10
673-14-9836,15/02/2024,9:03:00 pm,R. Hause,Male,11,African American,General Practice,Admission,,22
355-62-4781,15/02/2024,2:34:00 pm,R. Bwy,Female,71,Native American/Alaska Native,None,Admission,,42
636-85-3446,15/02/2024,3:05:00 pm,Y. McAne,Female,33,White,General Practice,Admission,,55
146-77-1591,15/02/2024,10:04:00 pm,K. Dorian,Male,46,White,General Practice,Not Admission,1,31
312-08-6219,15/02/2024,9:39:00 am,I. Kaaskooper,Female,47,Asian,None,Admission,,27
636-48-7628,15/02/2024,2:53:00 am,O. Stables,Female,58,White,None,Admission,4,59
374-27-4733,15/02/2024,9:33:00 am,H. Gaudon,Female,47,Asian,Orthopedics,Not Admission,0,24
695-94-7928,15/02/2024,3:03:00 pm,G. Harmeston,Male,28,White,None,Not Admission,1,35
475-98-9744,15/02/2024,3:06:00 am,H. Melwall,Male,66,African American,None,Admission,,18
202-31-8321,15/02/2024,1:40:00 pm,Q. Goose,Female,51,White,None,Not Admission,,23
560-75-3252,15/02/2024,1:54:00 pm,J. Rathbourne,Male,35,African American,None,Admission,,55
117-05-8303,15/02/2024,12:50:00 am,P. Fidele,Male,45,Two or More Races,None,Not Admission,,50
226-68-1759,15/01/2024,7:21:00 am,U. Lacroix,Male,6,Pacific Islander,None,Admission,7,24
790-27-9833,15/01/2024,11:10:00 am,C. McClory,Female,29,African American,None,Not Admission,,14
809-85-4177,15/01/2024,8:53:00 pm,J. Deluca,Male,65,Declined to Identify,General Practice,Not Admission,1,33
236-71-7697,15/01/2024,9:16:00 am,Y. Battabee,Female,36,Native American/Alaska Native,Orthopedics,Admission,,34
728-66-8875,15/01/2024,1:10:00 pm,X. Burness,Female,68,Asian,General Practice,Admission,,36
269-56-0676,15/01/2024,10:57:00 pm,R. Tooth,Male,77,White,None,Admission,2,59
886-68-2597,15/01/2024,2:38:00 pm,O. Crowter,Female,51,Asian,None,Admission,,38
157-49-9764,15/01/2024,2:55:00 pm,R. Hundley,Female,41,White,None,Admission,9,27
705-87-4667,15/01/2024,11:20:00 am,H. Woolnough,Female,50,White,None,Admission,0,31
287-36-4022,15/01/2024,4:48:00 am,E. Fisbburne,Female,12,Declined to Identify,None,Not Admission,,43
639-41-9990,15/01/2024,9:39:00 pm,Q. Baudy,Female,18,African American,None,Admission,5,60
620-56-8307,15/01/2024,6:55:00 am,B. Groomebridge,Female,33,White,None,Admission,,15
187-39-7367,15/01/2024,2:56:00 am,G. Hankard,Female,10,Asian,Physiotherapy,Not Admission,,48
348-60-4130,15/01/2024,5:18:00 pm,Y. Curtin,Female,3,White,Cardiology,Admission,9,11
247-10-0203,15/01/2024,3:16:00 am,F. Elmhirst,Male,7,White,General Practice,Admission,5,23
671-01-8634,15/01/2024,5:30:00 am,G. Corneille,Female,49,Native American/Alaska Native,General Practice,Admission,1,11
310-63-1799,15/01/2024,3:31:00 pm,E. Castanos,Female,39,African American,None,Not Admission,5,28
471-34-5753,15/01/2024,9:23:00 pm,B. Connock,Female,76,White,None,Not Admission,,55
639-44-3444,15/01/2024,10:54:00 pm,S. Hillatt,Male,78,White,None,Not Admission,,44
475-41-1345,15/01/2024,10:43:00 am,S. Pankhurst.,Female,74,Two or More Races,None,Not Admission,,17
730-96-4311,14/12/2023,6:12:00 pm,F. Fowlston,Male,78,Declined to Identify,None,Not Admission,,31
384-70-5840,14/12/2023,9:22:00 pm,B. Drinkeld,Male,25,African American,None,Not Admission,,10
207-42-8643,14/12/2023,10:50:00 am,J. Hattigan,Female,6,Native American/Alaska Native,None,Not Admission,,47
454-65-2158,14/12/2023,11:27:00 pm,B. Roberts,Female,9,Pacific Islander,None,Admission,6,55
220-02-8548,14/12/2023,5:09:00 pm,E. Mattiazzo,Male,50,White,None,Not Admission,,10
674-99-3177,14/12/2023,6:09:00 am,H. Cowlin,Female,31,Asian,None,Not Admission,,38
681-60-5890,14/12/2023,5:34:00 pm,Z. Burfoot,Female,18,White,None,Not Admission,,27
636-33-2409,14/12/2023,12:00:00 am,D. Budik,Female,57,Declined to Identify,General Practice,Not Admission,,41
140-51-8841,14/12/2023,1:27:00 am,S. Novelli,Female,16,White,None,Not Admission,,34
616-88-3087,14/12/2023,8:10:00 pm,R. Hagan,Female,43,Two or More Races,Orthopedics,Not Admission,,49
559-03-2977,14/12/2023,7:04:00 pm,I. Rosel,Male,30,Asian,None,Not Admission,,57
585-22-2532,14/12/2023,6:03:00 am,E. Ottewill,Male,29,Declined to Identify,General Practice,Admission,,50
635-66-3678,14/12/2023,12:43:00 pm,X. Tussaine,Female,49,White,General Practice,Admission,,12
275-25-6839,14/11/2023,8:40:00 am,X. Bennough,Female,29,White,None,Admission,,27
715-98-5017,14/11/2023,8:58:00 am,L. Handrock,Female,43,Declined to Identify,None,Admission,,22
371-37-0742,14/11/2023,1:48:00 am,L. Whayman,Male,42,Asian,None,Not Admission,,51
192-16-2936,14/11/2023,12:46:00 am,H. Childerley,Female,61,White,None,Admission,,16
329-16-8015,14/11/2023,12:00:00 am,C. Epps,Female,74,African American,General Practice,Not Admission,,33
318-48-2808,14/11/2023,5:09:00 pm,N. Freddi,Female,16,Pacific Islander,None,Not Admission,,57
153-49-3323,14/11/2023,2:08:00 am,C. Gajownik,Female,58,Two or More Races,General Practice,Not Admission,,25
753-27-7246,14/11/2023,4:08:00 am,V. Duce,Female,37,White,None,Admission,,47
451-17-9647,14/11/2023,4:15:00 am,I. Lethbury,Male,1,Declined to Identify,Orthopedics,Not Admission,,36
813-69-5454,14/11/2023,12:17:00 am,M. Matisoff,Female,47,African American,None,Admission,,11
708-77-3192,14/11/2023,7:27:00 am,G. Coite,Female,23,African American,Orthopedics,Not Admission,,30
351-73-4682,14/11/2023,12:41:00 pm,E. Ghilardi,Male,10,African American,General Practice,Admission,6,18
808-52-4133,14/11/2023,7:23:00 pm,A. Janak,Female,54,Two or More Races,None,Not Admission,,51
729-48-0999,14/11/2023,12:14:00 am,H. Tompkinson,Male,32,African American,None,Admission,,23
520-83-1270,14/11/2023,1:21:00 am,H. Thicking,Female,49,Asian,None,Not Admission,,13
389-57-3830,14/11/2023,1:59:00 pm,Z. Kunzler,Male,26,Pacific Islander,General Practice,Not Admission,,50
849-21-8932,14/11/2023,1:13:00 pm,A. Guido,Female,32,Declined to Identify,Orthopedics,Admission,,17
864-15-2003,14/10/2024,12:57:00 am,X. Exley,Male,53,White,General Practice,Admission,9,44
282-35-0843,14/10/2024,12:52:00 pm,C. MacCaughey,Female,69,Pacific Islander,None,Not Admission,,25
103-16-8002,14/10/2024,9:51:00 pm,R. Avon,Female,27,Two or More Races,None,Admission,,14
266-12-6783,14/10/2024,6:01:00 am,U. Henlon,Male,26,African American,General Practice,Not Admission,,42
544-31-7500,14/10/2024,9:24:00 am,C. Dockreay,Male,14,African American,None,Admission,,28
411-87-1178,14/10/2024,1:27:00 am,I. Maleham,Female,33,Asian,None,Admission,2,33
278-05-0695,14/10/2024,12:56:00 pm,I. Dunklee,Female,51,Two or More Races,None,Not Admission,,47
343-93-8086,14/10/2024,8:16:00 am,J. Ughi,Female,21,Two or More Races,None,Not Admission,,54
226-60-5768,14/10/2024,1:51:00 am,T. Brewer,Female,20,Declined to Identify,None,Admission,,36
705-68-8729,14/10/2024,12:55:00 am,V. Isoldi,Male,15,White,None,Admission,3,28
547-80-7704,14/10/2024,5:02:00 am,M. Walster,Female,17,African American,None,Admission,5,47
334-39-4208,14/10/2024,5:37:00 pm,M. Hargitt,Male,36,Asian,None,Not Admission,2,39
870-19-2489,14/10/2024,8:42:00 pm,H. Vinecombe,Female,58,White,None,Admission,,17
700-49-7461,14/10/2024,11:51:00 am,Y. Liff,Male,61,Asian,None,Admission,7,27
186-28-5457,14/10/2024,6:03:00 am,L. Downing,Female,24,Two or More Races,General Practice,Admission,,11
820-08-8919,14/10/2024,10:20:00 am,U. Phettiplace,Male,18,African American,None,Not Admission,0,36
575-30-5215,14/10/2024,7:04:00 pm,L. Pimerick,Female,38,African American,General Practice,Not Admission,10,47
769-72-8314,14/10/2024,12:22:00 pm,W. Lambarton,Male,43,White,General Practice,Not Admission,,36
164-59-0295,14/10/2024,2:04:00 am,U. Paddefield,Male,30,White,None,Not Admission,,23
571-43-2792,14/10/2024,8:21:00 am,V. Brogini,Female,46,White,General Practice,Admission,8,11
160-60-1177,14/10/2023,12:50:00 am,E. Baiss,Female,66,African American,General Practice,Not Admission,9,21
123-27-5720,14/10/2023,3:14:00 am,P. Gilardengo,Female,55,African American,Orthopedics,Not Admission,,11
411-72-1989,14/10/2023,11:31:00 am,P. Andrichuk,Female,47,African American,None,Not Admission,,44
563-73-7538,14/10/2023,12:03:00 pm,N. Mowson,Male,77,Asian,None,Admission,6,56
821-39-6737,14/10/2023,1:39:00 pm,F. Yockney,Female,44,White,None,Not Admission,,48
242-79-8906,14/10/2023,5:31:00 pm,J. Gavozzi,Female,64,White,General Practice,Not Admission,,60
539-79-7693,14/10/2023,5:07:00 am,Z. Burtenshaw,Female,32,Asian,None,Admission,0,32
723-69-3853,14/10/2023,9:32:00 am,L. Dungate,Male,28,White,None,Admission,10,59
519-39-3056,14/10/2023,2:47:00 pm,X. Barrow,Female,52,African American,None,Not Admission,,17
729-61-6333,14/10/2023,12:21:00 am,A. Posse,Female,4,White,None,Admission,,12
134-05-7615,14/10/2023,2:34:00 pm,W. Guyot,Male,40,Declined to Identify,Orthopedics,Not Admission,,60
698-73-6142,14/09/2024,9:45:00 am,R. Lamberteschi,Male,30,Two or More Races,None,Admission,,45
603-37-2279,14/09/2024,7:43:00 pm,E. Barrack,Female,59,Pacific Islander,None,Not Admission,9,19
514-37-1729,14/09/2024,5:03:00 am,Z. Howling,Female,17,Two or More Races,None,Not Admission,,30
156-79-3301,14/09/2024,6:45:00 pm,I. Leadbitter,Male,33,White,Gastroenterology,Not Admission,1,14
142-87-7640,14/09/2024,5:00:00 am,P. Shallcross,Female,41,Asian,Cardiology,Not Admission,,20
758-16-8254,14/09/2024,2:43:00 pm,G. Angove,Male,5,Two or More Races,None,Not Admission,4,44
237-06-2675,14/09/2024,7:33:00 am,G. Kristof,Female,75,Declined to Identify,None,Not Admission,,44
391-41-7192,14/09/2024,11:43:00 pm,B. Roistone,Male,16,African American,General Practice,Not Admission,,43
236-86-6006,14/09/2024,12:45:00 pm,N. Body,Male,43,African American,None,Not Admission,,43
444-75-2039,14/09/2024,1:25:00 pm,B. Cheves,Male,44,White,None,Not Admission,9,39
108-70-2706,14/09/2024,10:04:00 am,D. Demer,Female,15,Declined to Identify,General Practice,Not Admission,,40
814-60-0292,14/09/2024,10:47:00 am,Z. Gobourn,Male,16,African American,None,Admission,,11
321-32-7223,14/09/2024,11:34:00 am,B. Gibling,Female,11,Two or More Races,None,Admission,,33
724-81-2611,14/09/2024,9:23:00 am,R. Ollcott,Male,66,White,General Practice,Admission,,25
167-90-9984,14/09/2024,8:33:00 pm,J. Clohissy,Male,41,White,None,Admission,4,51
654-95-2156,14/09/2023,11:31:00 am,G. Haliday,Male,59,White,None,Not Admission,,57
602-75-0217,14/09/2023,7:01:00 pm,U. Palek,Male,72,Two or More Races,None,Not Admission,,28
633-85-2019,14/09/2023,7:14:00 pm,R. Mandal,Male,76,Declined to Identify,None,Admission,,47
869-21-9278,14/09/2023,7:39:00 pm,E. Karlolczak,Female,20,White,None,Not Admission,,19
617-41-0266,14/09/2023,10:42:00 am,S. Dabourne,Female,33,African American,Orthopedics,Admission,,43
595-96-0100,14/09/2023,2:12:00 pm,P. Dacey,Female,39,Pacific Islander,Physiotherapy,Admission,5,41
747-74-1599,14/09/2023,9:24:00 pm,N. Ricciardi,Female,23,Declined to Identify,None,Admission,,34
485-50-9095,14/09/2023,8:39:00 am,O. Rogers,Male,54,Asian,General Practice,Admission,,33
106-76-7225,14/09/2023,1:58:00 am,A. Gipson,Female,17,African American,None,Admission,,44
697-60-2495,14/09/2023,1:19:00 pm,A. Downe,Male,70,Declined to Identify,General Practice,Not Admission,,53
347-03-3021,14/09/2023,6:36:00 pm,I. Featherby,Female,74,African American,Cardiology,Not Admission,,27
618-74-5857,14/09/2023,7:18:00 pm,T. Crannell,Male,21,Declined to Identify,General Practice,Not Admission,8,11
400-30-8680,14/09/2023,5:19:00 pm,B. Mayoral,Male,39,African American,None,Admission,,52
588-56-7026,14/08/2024,9:09:00 am,J. Bernet,Female,72,Two or More Races,None,Not Admission,,51
771-62-4236,14/08/2024,7:58:00 pm,D. Turbill,Female,1,African American,General Practice,Not Admission,,35
458-19-1191,14/08/2024,4:49:00 am,O. Scargill,Male,42,Pacific Islander,None,Admission,,32
642-21-0802,14/08/2024,8:53:00 am,J. Dawney,Male,24,Declined to Identify,General Practice,Admission,9,15
407-35-0875,14/08/2024,12:21:00 pm,U. Saines,Male,44,Two or More Races,None,Admission,,41
586-32-2671,14/08/2024,6:02:00 am,C. McGucken,Female,41,White,None,Not Admission,6,30
490-05-6824,14/08/2024,7:05:00 pm,O. Chasle,Male,68,African American,Orthopedics,Admission,,28
241-31-1101,14/08/2024,7:40:00 am,Z. O'Hartnett,Male,25,White,General Practice,Admission,,12
825-27-0713,14/08/2024,5:58:00 am,E. Doumer,Female,59,Native American/Alaska Native,Orthopedics,Not Admission,,35
102-21-5953,14/08/2024,6:20:00 am,O. Annett,Female,49,White,Orthopedics,Not Admission,,11
757-58-2588,14/08/2024,2:24:00 pm,T. Stubbeley,Female,19,Two or More Races,General Practice,Not Admission,,14
640-26-9278,14/08/2024,11:30:00 am,F. Arnot,Male,13,Asian,Physiotherapy,Not Admission,,59
193-39-9512,14/08/2023,5:46:00 am,I. Hiscocks,Female,66,Asian,Gastroenterology,Not Admission,,49
465-33-5924,14/08/2023,12:32:00 am,E. Lavallin,Male,2,Two or More Races,None,Not Admission,,24
281-46-2340,14/08/2023,8:53:00 pm,F. Patel,Female,39,African American,None,Not Admission,,51
803-80-1729,14/08/2023,11:17:00 pm,S. Jukes,Male,36,White,None,Admission,,51
370-99-9209,14/08/2023,9:27:00 pm,G. Tuckey,Male,67,African American,None,Not Admission,,14
884-62-8043,14/08/2023,4:19:00 am,U. Nunson,Female,43,Two or More Races,None,Not Admission,5,55
115-73-0605,14/08/2023,7:00:00 pm,F. Oliver-Paull,Female,28,Declined to Identify,None,Not Admission,,57
614-91-8822,14/08/2023,11:11:00 pm,H. Penas,Female,59,Asian,None,Not Admission,,30
678-53-3815,14/08/2023,11:57:00 am,O. Pikesley,Male,46,Pacific Islander,Gastroenterology,Admission,,28
621-97-5594,14/08/2023,8:02:00 pm,A. Cordes,Female,57,African American,None,Not Admission,4,58
299-35-4987,14/08/2023,7:35:00 am,X. Middlemiss,Female,58,White,Physiotherapy,Not Admission,8,49
179-82-2740,14/08/2023,9:18:00 pm,C. Mollin,Male,44,African American,None,Admission,,29
417-42-2318,14/08/2023,3:39:00 pm,S. Hellmore,Male,32,White,None,Not Admission,,50
498-99-8689,14/08/2023,11:22:00 am,J. McAmish,Male,49,Pacific Islander,None,Admission,,18
262-44-2199,14/08/2023,3:37:00 am,X. Breche,Female,6,White,General Practice,Not Admission,,54
122-20-7063,14/07/2024,7:51:00 pm,X. Poller,Female,11,African American,None,Admission,,45
404-78-8737,14/07/2024,1:28:00 am,A. O'Fallowne,Male,75,Declined to Identify,None,Admission,,25
803-38-7077,14/07/2024,9:21:00 am,B. Atton,Female,18,African American,General Practice,Admission,,24
393-70-5356,14/07/2024,11:53:00 pm,Q. Buzzing,Male,70,Two or More Races,General Practice,Admission,,42
854-24-5978,14/07/2024,1:31:00 pm,X. Danes,Male,16,Native American/Alaska Native,None,Admission,,60
732-27-6608,14/07/2024,9:58:00 pm,N. Guirard,Male,32,Pacific Islander,None,Not Admission,,17
811-57-3786,14/07/2024,11:07:00 am,X. Symington,Female,9,White,None,Admission,,44
547-84-9622,14/07/2024,10:58:00 am,F. Torrance,Female,10,African American,Neurology,Admission,,15
649-49-0692,14/07/2024,7:14:00 am,G. Merrall,Male,46,Two or More Races,General Practice,Admission,1,25
481-16-9198,14/07/2024,8:49:00 pm,B. Reina,Male,74,Declined to Identify,None,Admission,,41
776-83-0168,14/07/2024,11:59:00 pm,S. Bridgnell,Female,24,African American,None,Admission,4,28
861-79-7549,14/07/2024,12:51:00 pm,H. MacHarg,Male,71,Two or More Races,None,Not Admission,4,58
649-31-1998,14/07/2024,9:05:00 pm,M. Strowger,Female,63,White,None,Not Admission,,26
784-97-6948,14/07/2024,3:44:00 am,V. Butteris,Female,61,Asian,None,Not Admission,1,48
342-04-5123,14/07/2024,10:37:00 pm,M. Aronowitz,Female,55,African American,None,Admission,5,55
740-40-8810,14/07/2023,10:33:00 am,B. Sillick,Female,43,White,None,Not Admission,,21
767-96-1062,14/07/2023,6:53:00 pm,M. Navarijo,Male,27,White,None,Admission,2,55
216-06-1190,14/07/2023,10:10:00 pm,S. Bland,Male,15,Native American/Alaska Native,None,Not Admission,,37
645-05-4509,14/07/2023,12:12:00 am,S. Moseley,Male,4,White,None,Not Admission,7,56
627-25-0591,14/07/2023,11:06:00 am,D. Moutray Read,Male,54,White,None,Not Admission,,23
137-38-3833,14/07/2023,5:24:00 pm,C. Faley,Female,6,Declined to Identify,None,Not Admission,,35
588-38-4885,14/07/2023,11:56:00 pm,V. Dinnis,Male,53,Pacific Islander,Orthopedics,Admission,,30
852-80-8003,14/07/2023,6:41:00 am,X. Moneypenny,Female,69,Two or More Races,Physiotherapy,Not Admission,2,48
807-47-2097,14/07/2023,7:26:00 pm,A. Abarough,Female,7,Two or More Races,None,Not Admission,,51
616-52-5618,14/07/2023,9:48:00 pm,M. Stoner,Male,72,White,None,Not Admission,,30
774-96-3514,14/07/2023,6:42:00 pm,E. Sarfass,Female,53,African American,Cardiology,Admission,,44
733-13-6784,14/07/2023,12:45:00 pm,J. Eglese,Female,22,Asian,Physiotherapy,Not Admission,,14
519-49-3038,14/07/2023,7:42:00 am,N. Henrionot,Female,50,African American,General Practice,Admission,3,13
828-43-3401,14/07/2023,4:43:00 pm,D. Ruckman,Male,49,Declined to Identify,None,Admission,,18
409-67-0369,14/07/2023,4:51:00 pm,E. ducarme,Female,78,African American,None,Admission,,40
728-26-6726,14/06/2024,7:31:00 pm,Y. Buten,Male,66,White,General Practice,Not Admission,,21
824-26-7312,14/06/2024,9:46:00 am,N. Siuda,Female,16,White,Orthopedics,Not Admission,,48
181-84-9858,14/06/2024,11:28:00 am,T. Lindenberg,Female,10,Two or More Races,General Practice,Not Admission,,55
528-14-7644,14/06/2024,4:56:00 am,Z. Huntingdon,Female,79,African American,Physiotherapy,Admission,10,43
813-12-6381,14/06/2024,3:34:00 pm,T. Wardel,Male,35,White,None,Not Admission,,11
571-38-8943,14/06/2024,12:29:00 am,Q. Rickell,Female,40,Two or More Races,Neurology,Not Admission,,57
470-65-1385,14/06/2024,6:44:00 pm,T. Davidowsky,Female,56,Asian,Orthopedics,Not Admission,3,45
856-72-6362,14/06/2024,10:48:00 pm,U. Wartnaby,Male,23,Two or More Races,None,Not Admission,,52
436-57-3978,14/06/2024,3:35:00 pm,H. Caesar,Female,69,Two or More Races,None,Admission,5,39
257-61-2650,14/06/2024,10:07:00 pm,T. Strond,Female,54,White,None,Admission,5,54
345-80-7659,14/06/2024,3:43:00 am,C. Goggins,Male,34,African American,None,Admission,4,59
882-03-1099,14/06/2023,3:56:00 pm,D. Seager,Male,65,White,None,Admission,,19
291-20-2190,14/06/2023,2:57:00 am,T. Kaindl,Male,31,Declined to Identify,General Practice,Not Admission,5,13
674-39-3958,14/06/2023,10:10:00 pm,L. Corradino,Female,63,White,None,Admission,0,46
524-07-1664,14/06/2023,8:10:00 pm,K. Galland,Male,16,Asian,General Practice,Admission,,33
564-43-2650,14/06/2023,12:07:00 pm,I. Gooding,Female,63,White,General Practice,Not Admission,,14
448-35-2141,14/06/2023,8:33:00 am,C. Tamlett,Male,56,African American,None,Not Admission,3,15
620-57-1837,14/06/2023,2:36:00 am,F. Habbert,Female,60,Two or More Races,General Practice,Admission,4,56
886-73-9148,14/06/2023,10:54:00 pm,N. MacAnulty,Male,45,African American,None,Admission,7,55
222-73-0701,14/06/2023,7:18:00 am,V. Siss,Male,29,African American,General Practice,Admission,,59
118-21-1408,14/06/2023,5:21:00 pm,X. Orpin,Female,61,African American,None,Admission,,35
374-88-8638,14/06/2023,8:37:00 am,U. Dy,Male,61,White,None,Not Admission,,56
345-46-3519,14/06/2023,2:35:00 pm,X. O'Fergus,Male,37,White,Orthopedics,Not Admission,9,27
311-29-1521,14/06/2023,5:30:00 am,Q. Turfs,Female,76,African American,None,Not Admission,,60
305-51-3246,14/06/2023,12:16:00 am,O. Grayshon,Male,27,Two or More Races,General Practice,Admission,,16
460-51-5878,14/05/2024,1:25:00 pm,B. Gilchrest,Male,58,Two or More Races,None,Not Admission,7,10
535-01-7739,14/05/2024,10:45:00 pm,N. Slessor,Female,7,African American,General Practice,Not Admission,2,31
368-23-5365,14/05/2024,2:12:00 am,W. Wimpenny,Female,17,Asian,None,Admission,,59
632-20-4911,14/05/2024,11:40:00 pm,Q. Penwright,Male,25,African American,None,Admission,0,35
202-59-1460,14/05/2024,11:13:00 am,O. Eastlake,Female,3,White,None,Admission,9,23
708-91-2439,14/05/2024,11:43:00 pm,S. Renals,Male,73,Declined to Identify,General Practice,Admission,1,38
881-09-5666,14/05/2024,11:32:00 pm,S. Elrick,Male,39,Declined to Identify,None,Admission,,20
166-68-1920,14/05/2024,3:24:00 am,U. Bonder,Male,64,Declined to Identify,None,Admission,10,44
674-47-7074,14/05/2024,2:16:00 pm,D. Jirzik,Male,78,Declined to Identify,Cardiology,Not Admission,4,13
600-56-6481,14/05/2024,9:51:00 am,O. Malbon,Male,67,Asian,Orthopedics,Not Admission,,33
150-06-3104,14/05/2024,5:00:00 pm,W. Melland,Female,20,Asian,General Practice,Admission,,10
400-43-2749,14/05/2023,4:01:00 pm,R. Jagoe,Female,34,Asian,General Practice,Not Admission,0,50
521-83-9058,14/05/2023,5:35:00 pm,U. Ors,Male,32,African American,Orthopedics,Not Admission,,17
383-96-0966,14/05/2023,2:21:00 am,Q. Archbutt,Male,19,White,Orthopedics,Admission,,34
281-64-1818,14/05/2023,6:45:00 pm,V. Studman,Female,10,White,None,Admission,4,44
260-38-5070,14/05/2023,2:58:00 pm,A. Hay,Male,14,Asian,None,Not Admission,,25
241-34-9948,14/05/2023,1:04:00 am,W. Tabor,Female,10,White,None,Admission,,51
404-25-9280,14/05/2023,5:23:00 pm,B. Knowler,Female,31,Two or More Races,Renal,Not Admission,,27
268-96-2123,14/05/2023,8:48:00 pm,M. Bikker,Male,6,Declined to Identify,None,Admission,,58
302-11-3266,14/05/2023,6:54:00 pm,L. Toal,Female,24,White,General Practice,Not Admission,,30
584-57-3044,14/05/2023,5:49:00 am,G. Chiplin,Male,35,African American,None,Not Admission,,17
602-78-5992,14/05/2023,4:20:00 pm,M. Pickford,Male,50,Asian,Orthopedics,Admission,,22
747-62-2379,14/05/2023,2:52:00 am,Z. Poltone,Male,1,Asian,None,Not Admission,6,12
374-87-4141,14/05/2023,3:44:00 pm,O. Womack,Female,56,White,None,Admission,,34
191-59-7336,14/05/2023,4:41:00 am,Z. Donovin,Female,21,Two or More Races,None,Not Admission,,27
618-09-7943,14/04/2024,1:14:00 pm,R. Hanmer,Male,24,African American,None,Admission,7,52
770-53-0226,14/04/2024,8:35:00 am,A. Yaneev,Male,57,Two or More Races,General Practice,Not Admission,10,25
788-05-7233,14/04/2024,10:53:00 pm,W. Rosensaft,Male,52,White,General Practice,Not Admission,,35
212-94-9148,14/04/2024,8:01:00 pm,F. Buey,Female,79,White,General Practice,Admission,,51
534-53-9446,14/04/2024,10:02:00 pm,Z. de Quincey,Female,51,White,None,Admission,,47
706-06-7749,14/04/2024,10:38:00 pm,E. Campelli,Female,40,Asian,Orthopedics,Admission,6,13
178-58-4180,14/04/2024,2:28:00 pm,I. Ingold,Female,23,White,None,Admission,8,48
341-75-1961,14/04/2024,2:31:00 pm,M. Birkenshaw,Female,31,White,None,Admission,5,58
140-55-0292,14/04/2024,3:04:00 am,L. Reaper,Male,30,African American,General Practice,Admission,5,27
691-25-6809,14/04/2024,4:56:00 am,K. Merington,Male,17,Asian,Neurology,Not Admission,10,12
283-65-9905,14/04/2024,8:50:00 pm,R. Guillond,Female,24,Pacific Islander,None,Not Admission,6,30
282-26-7682,14/04/2024,1:08:00 pm,X. Asker,Male,73,African American,Physiotherapy,Not Admission,5,42
392-38-0122,14/04/2024,5:39:00 am,O. Grigoriev,Female,64,White,None,Not Admission,,47
858-17-6292,14/04/2023,12:55:00 pm,I. Beacon,Female,71,African American,None,Admission,,14
430-78-4586,14/04/2023,1:00:00 pm,Q. Lamputt,Male,3,White,General Practice,Not Admission,6,54
410-70-9311,14/04/2023,6:21:00 pm,Z. Mundee,Male,12,Native American/Alaska Native,None,Not Admission,5,33
611-20-6971,14/04/2023,4:33:00 pm,Z. Gonnel,Female,12,African American,Orthopedics,Not Admission,,12
507-46-3167,14/04/2023,10:49:00 am,N. Fackrell,Male,70,Declined to Identify,None,Not Admission,,19
891-56-9495,14/04/2023,6:17:00 am,I. Eyres,Female,17,White,General Practice,Not Admission,,40
687-92-4881,14/04/2023,11:53:00 am,O. Morant,Female,6,Two or More Races,None,Not Admission,,49
724-58-8259,14/04/2023,4:39:00 am,W. Briars,Male,56,Native American/Alaska Native,General Practice,Admission,8,41
477-84-3629,14/04/2023,2:31:00 pm,Z. Body,Female,28,Asian,Orthopedics,Admission,,55
178-31-9644,14/04/2023,8:15:00 am,E. Illwell,Male,25,Asian,General Practice,Admission,,59
663-19-4215,14/04/2023,7:05:00 pm,X. Hardwin,Female,10,Native American/Alaska Native,None,Not Admission,10,22
439-17-0103,14/04/2023,1:26:00 am,F. Cuseick,Male,78,Two or More Races,Orthopedics,Not Admission,6,10
586-36-0979,14/04/2023,8:47:00 pm,W. Brugmann,Male,61,African American,None,Not Admission,,44
552-08-9390,14/04/2023,3:43:00 am,Y. Stobbie,Female,66,African American,General Practice,Admission,,41
332-89-8975,14/04/2023,2:00:00 am,F. Dregan,Female,56,Two or More Races,General Practice,Admission,,15
417-96-2766,14/04/2023,3:52:00 pm,E. Heyward,Female,22,Asian,None,Not Admission,4,20
461-70-5641,14/04/2023,3:12:00 am,I. Glasscoo,Female,72,White,Orthopedics,Admission,,31
265-01-7218,14/04/2023,6:19:00 am,K. MacAdam,Male,5,African American,Orthopedics,Not Admission,,34
735-20-6750,14/04/2023,12:25:00 am,D. Sheehan,Male,62,African American,None,Admission,,10
775-19-3289,14/04/2023,8:17:00 am,N. Brettle,Male,33,Declined to Identify,None,Admission,,20
294-30-6567,14/04/2023,8:19:00 pm,E. Winterborne,Male,21,Two or More Races,None,Admission,,42
414-58-8930,14/03/2024,12:18:00 pm,U. Grissett,Female,2,African American,None,Admission,,25
208-53-9719,14/03/2024,11:46:00 am,C. Moyes,Female,29,Two or More Races,None,Not Admission,,22
632-29-3120,14/03/2024,10:57:00 am,Y. Bubeer,Male,57,Pacific Islander,None,Admission,,11
223-84-4462,14/03/2024,4:31:00 am,Q. Cosely,Male,35,Asian,Orthopedics,Not Admission,,51
508-22-7761,14/03/2024,5:55:00 am,V. Brabbins,Male,14,Declined to Identify,Orthopedics,Admission,3,50
685-40-5409,14/03/2024,2:46:00 am,A. Cancott,Male,33,Declined to Identify,Orthopedics,Admission,,46
460-05-1165,14/03/2024,9:23:00 pm,D. Winfrey,Male,68,Two or More Races,None,Admission,,27
860-64-2420,14/03/2024,6:50:00 am,X. Brandham,Male,76,African American,None,Not Admission,,54
759-33-6592,14/03/2024,2:18:00 pm,I. Kochs,Male,56,Declined to Identify,None,Admission,,32
442-39-1463,14/03/2024,12:22:00 am,L. Blazic,Male,48,African American,None,Admission,,45
163-06-7174,14/03/2024,5:07:00 am,A. Yerborn,Female,8,Pacific Islander,None,Not Admission,,34
620-29-6632,14/03/2024,4:01:00 am,Y. Jellis,Female,79,White,None,Not Admission,7,53
256-03-6469,14/03/2024,8:16:00 pm,E. Plummer,Female,30,African American,General Practice,Not Admission,,11
306-67-0343,14/03/2024,9:48:00 am,J. Senechell,Female,7,White,None,Admission,,16
480-89-1845,14/02/2024,5:28:00 am,O. Purcer,Male,77,Two or More Races,None,Admission,1,12
256-38-2449,14/02/2024,1:07:00 pm,Q. Copplestone,Male,23,White,None,Not Admission,10,21
534-24-2222,14/02/2024,11:55:00 am,R. Everall,Female,61,Two or More Races,None,Admission,1,53
652-35-9074,14/02/2024,8:30:00 am,K. Mahaffey,Female,18,White,General Practice,Admission,0,10
864-13-4043,14/02/2024,2:15:00 pm,Q. Lyngsted,Male,37,African American,General Practice,Not Admission,9,43
559-31-6017,14/02/2024,11:47:00 pm,A. Heggman,Female,25,White,Orthopedics,Admission,,20
365-99-9238,14/02/2024,11:02:00 pm,N. Delbergue,Male,42,White,Physiotherapy,Admission,4,39
653-94-5107,14/02/2024,11:16:00 pm,G. Oury,Female,48,Two or More Races,None,Admission,2,21
412-29-3776,14/02/2024,2:05:00 am,V. Duffield,Female,78,Two or More Races,General Practice,Not Admission,,14
299-88-9041,14/02/2024,12:57:00 pm,M. Franzel,Female,29,Asian,None,Admission,4,43
541-08-9900,14/02/2024,9:38:00 am,Q. Brassill,Male,50,African American,None,Not Admission,,34
417-28-9047,14/02/2024,7:40:00 pm,T. Gillopp,Male,51,Asian,None,Not Admission,0,31
734-15-2159,14/02/2024,7:36:00 pm,K. Cockroft,Female,2,Asian,None,Admission,,20
662-44-4990,14/02/2024,1:40:00 am,W. Riddlesden,Male,42,White,None,Not Admission,,27
539-97-0120,14/02/2024,8:22:00 am,R. Ducker,Female,25,Asian,Orthopedics,Not Admission,,52
632-33-1275,14/02/2024,12:06:00 am,L. Grindley,Female,78,Asian,None,Not Admission,,20
873-71-0439,14/02/2024,4:32:00 am,C. Littefair,Male,1,White,General Practice,Not Admission,,54
150-49-5439,14/02/2024,10:45:00 am,C. Swalough,Male,57,White,None,Admission,,58
243-37-3437,14/02/2024,12:38:00 am,R. Godart,Male,26,Asian,None,Not Admission,,17
330-29-6460,14/01/2024,1:16:00 am,E. Pennrington,Male,45,African American,Orthopedics,Not Admission,0,41
701-10-0774,14/01/2024,9:34:00 am,Y. De Maine,Male,2,African American,None,Not Admission,,41
205-08-4156,14/01/2024,8:29:00 am,Q. Tschirasche,Male,20,White,Cardiology,Admission,,30
804-44-8560,14/01/2024,9:59:00 pm,L. Capitano,Female,74,Asian,Orthopedics,Not Admission,,59
571-52-7559,14/01/2024,11:05:00 pm,V. Farthin,Male,22,White,General Practice,Not Admission,6,32
502-54-3350,14/01/2024,3:13:00 pm,Z. Row,Female,42,African American,None,Not Admission,,55
848-51-5434,14/01/2024,11:35:00 am,F. Skilton,Male,62,Two or More Races,Orthopedics,Not Admission,,50
202-14-5092,14/01/2024,4:05:00 am,M. Daout,Male,48,White,None,Admission,,33
203-87-1234,14/01/2024,8:56:00 am,P. Abrahart,Female,77,African American,None,Not Admission,,34
126-18-1278,14/01/2024,4:30:00 pm,C. Auger,Male,70,Native American/Alaska Native,None,Not Admission,0,22
271-54-8655,14/01/2024,3:15:00 pm,L. MacGahy,Male,43,Two or More Races,General Practice,Admission,,49
880-92-3850,14/01/2024,5:56:00 am,A. Lyne,Male,38,Two or More Races,None,Admission,1,37
558-62-7213,14/01/2024,6:09:00 pm,U. McAneny,Female,41,Two or More Races,Orthopedics,Admission,,23
588-82-3045,14/01/2024,9:34:00 am,F. Hastin,Female,44,African American,None,Admission,10,21
503-41-1563,14/01/2024,4:06:00 am,H. Sims,Female,34,Native American/Alaska Native,None,Admission,2,20
100-70-0071,14/01/2024,1:43:00 am,R. Downham,Male,38,African American,None,Not Admission,,57
187-53-7163,14/01/2024,5:54:00 am,T. Menis,Female,52,Two or More Races,None,Admission,,39
100-17-5081,14/01/2024,7:20:00 pm,V. Flicker,Male,67,African American,None,Not Admission,,60
785-38-6543,14/01/2024,10:58:00 am,M. Constanza,Female,28,Two or More Races,General Practice,Not Admission,6,11
451-68-1953,14/01/2024,5:55:00 am,U. Ainley,Female,36,White,Physiotherapy,Admission,3,33
291-97-4031,14/01/2024,2:48:00 am,D. Churches,Female,75,African American,None,Admission,3,26
481-99-0791,14/01/2024,6:07:00 am,Y. Silveston,Femaleemale,15,White,None,Admission,7,12
155-01-1799,14/01/2024,10:55:00 am,K. Grew,Male,74,Pacific Islander,Orthopedics,Admission,,15
860-91-3089,14/01/2024,1:04:00 am,C. Pascho,Male,71,White,None,Not Admission,,60
106-06-0564,14/01/2024,2:42:00 am,Q. Mountlow,Male,16,Declined to Identify,Orthopedics,Admission,0,22
776-23-1137,13/12/2023,5:24:00 pm,P. Delahunty,Female,37,Two or More Races,General Practice,Admission,8,14
836-11-8759,13/12/2023,7:25:00 am,D. Sommer,Female,32,Declined to Identify,None,Not Admission,,27
267-22-3909,13/12/2023,2:31:00 pm,G. Giannotti,Male,65,Two or More Races,None,Admission,,15
484-25-1477,13/12/2023,8:24:00 am,E. Dando,Female,28,Asian,None,Admission,,44
877-12-7269,13/12/2023,7:45:00 am,G. Churchill,Male,33,White,General Practice,Admission,7,17
595-99-4674,13/12/2023,2:44:00 am,Q. Medlen,Male,31,Declined to Identify,Renal,Not Admission,9,14
698-29-3153,13/12/2023,12:30:00 am,S. Cutill,Female,5,Two or More Races,None,Not Admission,,59
740-44-2216,13/12/2023,6:10:00 pm,W. Giovannacci,Female,21,White,Orthopedics,Not Admission,,34
356-20-1445,13/12/2023,4:51:00 am,T. O' Hern,Female,56,Asian,General Practice,Admission,5,10
338-22-6325,13/12/2023,1:45:00 am,T. Garric,Female,30,Pacific Islander,Physiotherapy,Not Admission,,16
170-42-6194,13/11/2023,2:46:00 am,N. Huntriss,Female,1,White,Orthopedics,Not Admission,,29
772-14-1187,13/11/2023,6:58:00 am,B. Riccelli,Male,54,African American,None,Not Admission,,11
321-64-6408,13/11/2023,9:45:00 pm,B. Prestage,Male,11,African American,General Practice,Admission,,31
419-51-8905,13/11/2023,12:15:00 am,B. Correa,Female,10,Declined to Identify,Physiotherapy,Admission,,49
158-99-3168,13/11/2023,4:21:00 am,D. Benjamin,Female,73,African American,General Practice,Admission,,36
663-65-5691,13/11/2023,6:32:00 pm,H. Baumann,Female,19,Asian,Physiotherapy,Not Admission,,20
833-71-2313,13/11/2023,12:42:00 pm,O. Lawden,Male,72,African American,Physiotherapy,Not Admission,,22
250-95-9552,13/11/2023,1:38:00 pm,H. Archambault,Male,72,Two or More Races,Gastroenterology,Admission,8,27
614-41-8501,13/11/2023,12:35:00 am,Q. Hamilton,Female,57,White,None,Admission,,38
519-80-6343,13/10/2024,5:22:00 pm,F. Howsego,Male,27,Declined to Identify,None,Admission,,33
730-22-5135,13/10/2024,11:15:00 pm,H. Trubshaw,Female,43,Native American/Alaska Native,None,Not Admission,,53
197-38-3949,13/10/2024,12:58:00 am,W. Sertin,Female,6,Declined to Identify,None,Not Admission,,38
871-02-5581,13/10/2024,7:50:00 am,Q. Dodding,Female,11,African American,None,Admission,,20
438-37-8380,13/10/2024,6:07:00 pm,K. Grotty,Female,15,Native American/Alaska Native,Physiotherapy,Admission,2,31
324-61-3810,13/10/2024,6:56:00 pm,F. Leivers,Female,51,White,General Practice,Not Admission,,40
482-97-1193,13/10/2024,4:19:00 pm,G. Renfrew,Male,39,African American,None,Admission,4,20
204-51-5061,13/10/2024,2:23:00 am,I. Thys,Female,64,Native American/Alaska Native,Orthopedics,Not Admission,2,50
475-86-8257,13/10/2024,8:33:00 am,Y. Annwyl,Male,12,Two or More Races,None,Admission,,47
427-34-8170,13/10/2024,3:10:00 pm,E. Braybrookes,Female,79,Asian,General Practice,Not Admission,,21
583-68-4800,13/10/2024,7:36:00 am,Q. Way,Male,15,Two or More Races,Cardiology,Not Admission,,51
258-49-2581,13/10/2024,8:40:00 pm,G. Muslim,Female,53,White,None,Admission,,19
814-22-4537,13/10/2024,11:48:00 pm,F. Shorto,Female,64,Native American/Alaska Native,None,Not Admission,,34
657-69-7469,13/10/2024,11:40:00 pm,B. Kidd,Male,60,Native American/Alaska Native,General Practice,Not Admission,,17
886-10-5724,13/10/2023,5:58:00 am,O. Wittering,Male,13,Two or More Races,Orthopedics,Not Admission,4,24
808-12-1573,13/10/2023,1:18:00 pm,U. Pressdee,Male,62,Pacific Islander,None,Admission,,59
250-43-2257,13/10/2023,12:53:00 pm,H. McBlain,Male,27,White,None,Admission,5,12
561-92-4547,13/10/2023,5:36:00 pm,V. Godridge,Male,7,White,None,Admission,,57
188-56-6640,13/10/2023,2:15:00 am,H. Kohn,Male,19,Asian,General Practice,Not Admission,,27
427-80-9934,13/10/2023,12:27:00 pm,J. Howcroft,Male,50,White,General Practice,Not Admission,,58
522-18-4466,13/10/2023,11:40:00 am,O. Dickerson,Male,31,White,None,Not Admission,,60
450-76-1418,13/10/2023,1:08:00 pm,H. Staff,Female,27,African American,Orthopedics,Admission,,13
648-84-0803,13/10/2023,4:23:00 am,E. Haxbie,Female,34,African American,None,Admission,,16
651-53-5303,13/10/2023,9:54:00 am,Y. Deary,Male,65,Two or More Races,Orthopedics,Admission,5,25
219-49-2542,13/10/2023,7:07:00 pm,Q. Johann,Male,2,African American,None,Admission,,22
739-19-5155,13/10/2023,10:23:00 am,A. Baudichon,Female,73,Declined to Identify,General Practice,Admission,0,30
604-86-5324,13/10/2023,8:22:00 am,N. Perche,Female,35,White,None,Admission,6,50
509-10-8255,13/10/2023,2:04:00 pm,Z. Skipsey,Female,68,Two or More Races,None,Not Admission,,52
101-50-7359,13/10/2023,1:44:00 pm,D. Sabey,Female,50,White,None,Admission,,56
336-20-9942,13/10/2023,5:45:00 am,K. Petrillo,Male,52,African American,None,Admission,7,34
575-74-8288,13/10/2023,8:19:00 pm,J. Sharpless,Female,26,Two or More Races,None,Admission,,36
263-26-6831,13/10/2023,3:05:00 pm,H. Thurlborn,Female,60,Pacific Islander,None,Not Admission,,35
274-31-4793,13/10/2023,4:35:00 pm,J. Lockney,Male,18,Declined to Identify,None,Admission,,40
828-16-0841,13/10/2023,6:35:00 am,Z. Eake,Female,36,Native American/Alaska Native,None,Admission,,33
624-24-6189,13/09/2024,6:07:00 pm,Y. Jennemann,Male,41,White,General Practice,Not Admission,,27
170-62-0653,13/09/2024,6:47:00 pm,S. Trevain,Female,44,White,None,Admission,5,42
123-43-4428,13/09/2024,2:47:00 pm,U. MacDowall,Female,69,Declined to Identify,None,Not Admission,,33
293-62-8125,13/09/2024,10:26:00 pm,A. Jordon,Male,47,African American,Neurology,Not Admission,,59
425-25-7574,13/09/2024,6:29:00 am,J. Lishmund,Female,68,Two or More Races,Physiotherapy,Admission,,53
154-20-9417,13/09/2024,5:45:00 pm,A. Roberti,Male,79,Asian,Gastroenterology,Not Admission,1,36
848-91-8634,13/09/2024,7:38:00 am,R. O'Noland,Male,8,White,None,Admission,,58
232-09-9829,13/09/2024,1:37:00 pm,V. Kinzel,Male,12,White,General Practice,Admission,,16
645-59-5135,13/09/2024,1:16:00 am,A. Pund,Female,22,Native American/Alaska Native,None,Not Admission,7,28
270-42-2156,13/09/2024,4:19:00 am,Z. Chrippes,Male,32,White,Gastroenterology,Admission,1,24
550-61-7079,13/09/2024,6:54:00 pm,Q. Shark,Female,4,African American,General Practice,Admission,,14
537-66-5031,13/09/2024,6:21:00 am,A. McLaren,Male,51,Two or More Races,None,Admission,,59
176-46-1817,13/09/2023,2:35:00 pm,M. Eadmeades,Male,38,Pacific Islander,Physiotherapy,Admission,,47
236-90-6692,13/09/2023,8:52:00 pm,I. Stentiford,Female,62,Native American/Alaska Native,Orthopedics,Admission,,29
169-95-8829,13/09/2023,3:51:00 am,I. Viggars,Female,49,Pacific Islander,General Practice,Admission,,25
178-03-0288,13/09/2023,5:11:00 am,F. Kunz,Female,73,Two or More Races,Physiotherapy,Not Admission,,25
281-92-5130,13/09/2023,9:10:00 am,I. Bendix,Male,53,White,Gastroenterology,Admission,,27
507-70-6534,13/09/2023,12:51:00 pm,U. Perch,Female,48,African American,None,Admission,5,52
288-65-1997,13/09/2023,7:18:00 am,Y. Geater,Female,50,African American,General Practice,Not Admission,,20
120-58-8955,13/09/2023,5:30:00 am,N. Grayling,Male,69,White,None,Admission,5,10
621-31-9795,13/09/2023,4:01:00 am,L. Velten,Male,75,White,None,Not Admission,,38
705-01-2168,13/09/2023,8:55:00 pm,S. Jowitt,Femaleemale,70,African American,General Practice,Admission,,55
332-58-2941,13/09/2023,7:14:00 am,F. Helm,Female,49,African American,Orthopedics,Admission,,25
376-36-9792,13/09/2023,11:19:00 am,M. Ilyinykh,Female,63,Asian,None,Admission,,31
681-56-5046,13/08/2024,11:13:00 pm,Z. Gliddon,Female,65,Two or More Races,None,Admission,10,45
722-82-4175,13/08/2024,6:59:00 am,H. Guess,Male,49,White,Neurology,Admission,,16
157-86-4961,13/08/2024,4:18:00 pm,P. Stodd,Female,19,Declined to Identify,None,Not Admission,,27
472-80-8183,13/08/2024,3:57:00 am,E. Simner,Male,19,White,Orthopedics,Not Admission,1,52
296-96-3525,13/08/2024,12:10:00 am,N. Bertelmot,Male,41,White,None,Admission,,50
739-67-4991,13/08/2024,5:29:00 pm,X. Varnes,Female,50,Native American/Alaska Native,None,Admission,,42
765-76-0326,13/08/2024,7:52:00 am,N. MacAlpyne,Female,3,Two or More Races,General Practice,Admission,,40
814-54-8042,13/08/2024,2:04:00 am,M. Surr,Female,2,African American,None,Not Admission,,59
543-38-8768,13/08/2024,7:05:00 am,K. Dumbell,Male,40,African American,General Practice,Admission,,40
810-25-2434,13/08/2024,5:32:00 am,I. Lippatt,Male,78,African American,General Practice,Admission,,10
373-24-7267,13/08/2024,7:24:00 pm,J. Oswal,Female,37,White,General Practice,Admission,,37
365-07-5242,13/08/2024,6:33:00 am,P. Dooley,Female,58,White,None,Admission,,51
332-36-0246,13/08/2024,11:02:00 pm,C. Durnford,Male,60,Native American/Alaska Native,Neurology,Admission,,60
100-74-5636,13/08/2024,6:07:00 am,A. Warwicker,Female,47,Declined to Identify,None,Not Admission,1,25
719-63-6159,13/08/2023,1:57:00 pm,O. Reuven,Female,54,Two or More Races,None,Admission,,46
873-70-9664,13/08/2023,1:31:00 am,F. Cleynman,Female,45,Two or More Races,None,Admission,,30
525-87-3056,13/08/2023,3:38:00 pm,F. Scholtis,Male,4,Two or More Races,None,Admission,,16
850-22-3610,13/08/2023,10:04:00 pm,R. Brandassi,Male,53,Two or More Races,None,Not Admission,,43
662-10-0142,13/08/2023,5:29:00 pm,Q. Bolstridge,Male,19,Declined to Identify,None,Admission,,42
184-04-9740,13/08/2023,5:35:00 pm,P. Brendeke,Male,2,Declined to Identify,Orthopedics,Admission,,54
148-47-0490,13/08/2023,10:16:00 pm,T. Friberg,Male,64,Native American/Alaska Native,General Practice,Admission,,42
778-08-9654,13/08/2023,12:08:00 pm,N. Uvedale,Female,12,Two or More Races,None,Not Admission,,25
858-67-1649,13/08/2023,3:39:00 am,F. Stansfield,Male,65,Two or More Races,None,Not Admission,,44
153-26-1570,13/08/2023,2:52:00 pm,Q. Mulvany,Male,62,White,Orthopedics,Not Admission,,16
348-55-5182,13/08/2023,1:32:00 pm,F. Waker,Male,56,African American,None,Admission,,27
404-31-6220,13/08/2023,10:03:00 am,O. Wisson,Male,30,Asian,None,Admission,,45
738-27-0084,13/08/2023,1:56:00 am,N. Proom,Female,37,Declined to Identify,General Practice,Admission,,51
335-35-2752,13/08/2023,2:17:00 am,S. Grigoriscu,Male,6,Asian,None,Not Admission,,32
302-53-5575,13/08/2023,11:54:00 pm,J. Eves,Female,22,White,General Practice,Admission,10,58
775-92-7178,13/08/2023,3:31:00 am,J. Dietzler,Female,17,White,None,Not Admission,,10
494-59-8595,13/07/2024,8:34:00 am,F. Yakuntsov,Female,29,Pacific Islander,None,Admission,,52
730-86-9301,13/07/2024,9:14:00 pm,C. Heaysman,Female,77,Two or More Races,None,Admission,,33
162-06-9717,13/07/2024,5:03:00 pm,V. Brabon,Male,18,White,None,Admission,,31
264-44-0744,13/07/2024,8:51:00 am,J. Whyteman,Female,55,Two or More Races,None,Admission,8,19
647-52-7688,13/07/2024,9:49:00 am,H. Worham,Male,32,White,Orthopedics,Not Admission,4,51
513-71-9675,13/07/2024,3:02:00 pm,T. Stading,Female,43,Native American/Alaska Native,None,Not Admission,,36
506-68-8909,13/07/2024,3:24:00 pm,F. Hundall,Male,21,White,None,Admission,,35
854-88-8632,13/07/2024,2:40:00 am,L. Fassan,Male,59,African American,Orthopedics,Admission,,36
805-74-2795,13/07/2024,5:26:00 am,T. Mizzi,Male,25,Native American/Alaska Native,None,Admission,,59
867-51-9350,13/07/2024,11:38:00 pm,E. Congdon,Male,60,Two or More Races,None,Not Admission,,49
416-85-7059,13/07/2024,2:57:00 am,Q. Rees,Female,17,African American,None,Not Admission,,56
884-03-2208,13/07/2024,3:43:00 pm,Z. Effemy,Male,31,African American,None,Admission,1,38
557-05-5863,13/07/2024,6:12:00 am,L. Gillford,Male,64,Two or More Races,Orthopedics,Not Admission,,29
442-88-1387,13/07/2024,2:41:00 am,P. Harnott,Female,75,Two or More Races,None,Admission,,35
204-52-5423,13/07/2024,3:30:00 pm,W. Lobe,Female,11,White,Orthopedics,Not Admission,,55
734-01-2423,13/07/2024,7:48:00 pm,W. Oleshunin,Female,1,African American,Orthopedics,Admission,,40
372-20-5389,13/07/2024,11:24:00 pm,A. Aleksich,Female,5,Asian,None,Not Admission,,58
306-59-8935,13/07/2024,4:50:00 am,O. Urpeth,Male,44,Native American/Alaska Native,Cardiology,Admission,,39
574-89-9696,13/07/2024,8:13:00 am,P. Michiel,Male,2,African American,None,Admission,,39
694-36-7479,13/07/2023,12:19:00 am,Z. Souch,Male,75,Two or More Races,None,Admission,,55
565-67-5654,13/07/2023,3:41:00 pm,L. Pates,Male,50,Declined to Identify,None,Admission,10,56
891-94-6941,13/07/2023,4:44:00 am,Y. Sanpher,Female,25,Declined to Identify,None,Admission,1,20
776-52-1013,13/07/2023,12:17:00 am,Y. Sindell,Female,44,Two or More Races,General Practice,Admission,1,13
145-63-3518,13/07/2023,2:26:00 am,H. Devonald,Female,78,Declined to Identify,None,Admission,8,38
224-77-1408,13/07/2023,7:20:00 pm,I. Jukubczak,Male,63,Asian,None,Admission,,30
353-18-1225,13/07/2023,8:24:00 am,R. Elam,Female,11,White,Orthopedics,Admission,3,31
755-45-9567,13/07/2023,3:11:00 pm,F. Chainey,Male,48,White,General Practice,Admission,,26
484-40-6279,13/07/2023,4:07:00 pm,B. Doman,Male,29,Declined to Identify,General Practice,Not Admission,8,19
880-66-0659,13/07/2023,2:06:00 pm,O. Gioani,Male,60,Asian,General Practice,Admission,,26
240-41-3530,13/07/2023,7:13:00 pm,H. Griffitt,Female,48,Two or More Races,None,Not Admission,,19
521-26-2024,13/07/2023,4:24:00 pm,G. Coats,Female,30,Two or More Races,Orthopedics,Admission,,34
530-04-1554,13/07/2023,4:41:00 pm,S. Bielfelt,Female,31,African American,None,Admission,,19
572-74-8397,13/07/2023,5:22:00 am,E. Segeswoeth,Female,2,Asian,None,Not Admission,,48
151-94-5863,13/07/2023,5:19:00 am,T. Union,Female,34,White,None,Admission,,43
830-19-4776,13/07/2023,11:05:00 pm,U. Spray,Male,77,Two or More Races,None,Not Admission,7,29
705-01-0507,13/07/2023,2:59:00 am,L. Arthurs,Male,5,White,Cardiology,Admission,,58
122-17-9496,13/07/2023,11:38:00 am,F. MacNally,Male,33,Asian,Orthopedics,Not Admission,,11
738-41-4181,13/07/2023,7:51:00 am,Y. Ellison,Male,54,Asian,None,Admission,,21
257-10-3017,13/07/2023,2:45:00 pm,R. Bedow,Male,16,African American,None,Not Admission,4,26
850-66-6683,13/06/2024,8:12:00 pm,Z. MacKenny,Female,29,Asian,None,Admission,,30
308-38-1759,13/06/2024,8:52:00 pm,I. Oliveira,Male,79,Two or More Races,General Practice,Not Admission,,18
899-98-2466,13/06/2024,6:09:00 pm,V. Rodinger,Male,65,African American,Neurology,Not Admission,,32
557-63-9631,13/06/2024,4:34:00 am,G. Chadbourne,Male,55,White,None,Not Admission,,51
457-33-9645,13/06/2024,9:06:00 am,K. Paliser,Male,11,Two or More Races,None,Not Admission,0,21
708-38-2408,13/06/2024,8:24:00 pm,W. Bust,Male,75,White,General Practice,Admission,,52
826-13-7323,13/06/2024,11:24:00 pm,H. Knagges,Male,60,African American,Orthopedics,Not Admission,7,26
106-25-8604,13/06/2024,6:21:00 am,J. Ebbins,Female,35,White,None,Admission,,59
179-75-0561,13/06/2024,9:29:00 am,Q. Pedler,Female,27,Native American/Alaska Native,Orthopedics,Admission,7,52
304-72-3326,13/06/2024,8:15:00 pm,O. Brito,Female,73,Asian,Gastroenterology,Not Admission,0,10
524-01-4528,13/06/2024,7:17:00 am,R. Born,Male,76,Declined to Identify,Renal,Not Admission,,54
362-55-7521,13/06/2024,6:16:00 pm,F. Jenoure,Male,77,White,None,Not Admission,,50
334-62-9552,13/06/2024,4:50:00 pm,X. Butterick,Female,54,White,Orthopedics,Not Admission,,25
735-26-5245,13/06/2024,6:31:00 pm,I. Kach,Female,6,Pacific Islander,None,Admission,,28
443-92-1671,13/06/2024,3:12:00 am,W. Fatharly,Female,72,Asian,General Practice,Not Admission,,43
693-24-9026,13/06/2024,6:18:00 pm,Q. Sayers,Male,27,Native American/Alaska Native,General Practice,Not Admission,,32
321-43-2333,13/06/2024,11:03:00 am,P. Cayford,Female,31,White,None,Admission,,11
311-14-5921,13/06/2023,8:23:00 am,W. Canas,Female,9,White,None,Not Admission,4,19
547-78-9010,13/06/2023,7:45:00 pm,J. Trippett,Female,34,Pacific Islander,None,Admission,6,24
758-91-1303,13/06/2023,1:22:00 am,H. Bailie,Female,77,Declined to Identify,Orthopedics,Admission,,54
402-25-4023,13/06/2023,5:10:00 am,H. Aspinall,Male,5,African American,None,Admission,,44
575-80-8828,13/06/2023,1:49:00 am,U. Shawcross,Male,59,African American,None,Not Admission,,37
556-75-8409,13/06/2023,8:07:00 pm,K. Stellino,Female,10,Asian,General Practice,Not Admission,,56
524-47-8147,13/06/2023,8:57:00 pm,E. Tonn,Female,33,Pacific Islander,Orthopedics,Admission,,23
872-27-3342,13/06/2023,2:42:00 am,P. Lotte,Female,6,Two or More Races,General Practice,Not Admission,,56
620-60-9423,13/06/2023,1:36:00 pm,P. Dennes,Male,39,African American,None,Not Admission,,37
100-84-7203,13/06/2023,9:33:00 pm,K. Ybarra,Female,37,White,None,Not Admission,3,55
481-74-8563,13/06/2023,4:14:00 am,R. Poytheras,Male,30,White,None,Admission,,38
181-14-8158,13/06/2023,11:38:00 am,N. Buxy,Male,52,Declined to Identify,None,Admission,,33
691-30-6115,13/06/2023,7:34:00 pm,X. Swinley,Male,38,African American,Orthopedics,Not Admission,5,39
846-12-5816,13/05/2024,12:25:00 pm,B. Robiot,Female,47,African American,None,Admission,,51
278-50-0744,13/05/2024,2:58:00 pm,V. McNellis,Male,48,White,General Practice,Admission,4,12
311-54-5268,13/05/2024,2:30:00 pm,T. Ware,Male,45,Two or More Races,Cardiology,Not Admission,8,30
526-88-1708,13/05/2024,2:37:00 am,V. Vakhlov,Male,51,Two or More Races,Renal,Admission,,33
285-87-9578,13/05/2024,11:08:00 am,N. Croney,Female,24,White,None,Admission,,58
835-53-2620,13/05/2024,9:36:00 am,Z. Beatson,Female,44,Asian,General Practice,Admission,,11
220-44-5880,13/05/2024,10:51:00 pm,N. Harkin,Male,55,Asian,None,Admission,,23
386-86-0028,13/05/2024,5:15:00 am,L. Rebeiro,Male,71,Two or More Races,None,Not Admission,,47
346-95-1105,13/05/2024,5:44:00 pm,K. Fairfoul,Male,40,Declined to Identify,Neurology,Admission,,34
603-14-9459,13/05/2024,2:35:00 pm,A. Milier,Male,69,White,General Practice,Not Admission,,55
100-34-6753,13/05/2024,2:03:00 pm,B. Paulus,Male,43,Pacific Islander,General Practice,Admission,,25
761-63-9036,13/05/2024,4:00:00 pm,Z. Gouldthorpe,Male,6,Two or More Races,None,Admission,,51
275-12-2439,13/05/2023,4:54:00 am,N. Stimson,Male,1,African American,General Practice,Not Admission,,39
414-09-9485,13/05/2023,11:15:00 pm,T. MacVagh,Female,75,Asian,None,Admission,,28
375-27-5578,13/05/2023,2:14:00 am,D. Grimston,Male,45,White,None,Admission,,48
581-09-2517,13/05/2023,3:26:00 pm,B. McCaughan,Male,27,Asian,None,Admission,,55
754-36-2288,13/05/2023,4:43:00 am,T. Marchment,Male,30,White,Neurology,Admission,4,60
471-32-5168,13/05/2023,10:33:00 am,X. Poile,Female,46,Declined to Identify,None,Admission,,27
131-03-6212,13/05/2023,1:14:00 am,U. Banfield,Male,73,Two or More Races,None,Not Admission,,59
825-35-0948,13/05/2023,2:42:00 am,H. Plante,Male,18,Declined to Identify,Physiotherapy,Admission,5,13
638-04-9364,13/05/2023,2:11:00 am,G. Maps,Female,14,Asian,Physiotherapy,Admission,,24
198-02-0384,13/05/2023,8:12:00 pm,I. Cline,Male,40,White,None,Admission,,48
145-46-1321,13/05/2023,8:12:00 am,Z. Fursland,Female,38,White,None,Admission,9,17
185-53-6571,13/05/2023,7:26:00 am,Q. McGuigan,Male,24,Two or More Races,None,Not Admission,,48
535-83-6651,13/05/2023,2:01:00 pm,G. Ariss,Male,59,African American,Cardiology,Not Admission,,54
767-81-4954,13/04/2024,5:40:00 am,N. Hurtic,Male,17,Declined to Identify,None,Not Admission,,10
523-97-7326,13/04/2024,4:23:00 pm,Y. Touzey,Female,41,Two or More Races,None,Not Admission,,26
649-96-4440,13/04/2024,7:45:00 am,D. Dagnan,Female,36,African American,None,Not Admission,4,15
170-06-8817,13/04/2024,9:06:00 am,E. Robb,Female,18,White,None,Not Admission,,27
838-47-2404,13/04/2024,4:31:00 am,J. Palphreyman,Female,77,African American,None,Admission,4,23
347-72-5118,13/04/2024,8:30:00 am,N. Fraczkiewicz,Male,59,Asian,None,Admission,,37
545-72-4306,13/04/2024,8:13:00 am,M. Skaid,Female,2,White,None,Not Admission,,25
385-04-3640,13/04/2024,2:24:00 pm,V. Deamer,Male,63,Asian,None,Admission,1,60
476-34-0359,13/04/2024,11:10:00 pm,L. Wilshaw,Female,6,White,General Practice,Admission,2,44
137-63-6654,13/04/2024,9:23:00 am,Q. Logue,Male,33,White,General Practice,Admission,,12
752-94-8310,13/04/2024,12:14:00 pm,V. Soar,Female,47,Two or More Races,General Practice,Not Admission,,27
229-03-5195,13/04/2024,2:09:00 am,V. Iacovazzi,Female,17,African American,None,Admission,,18
752-27-1468,13/04/2023,10:43:00 pm,D. Dedon,Female,68,African American,None,Admission,3,53
509-21-3427,13/04/2023,4:09:00 pm,C. Croy,Female,23,White,General Practice,Admission,,24
702-47-3618,13/04/2023,5:21:00 am,W. Keppie,Male,9,African American,Physiotherapy,Not Admission,9,56
821-50-7505,13/04/2023,10:21:00 pm,T. Rawlin,Female,38,Two or More Races,None,Admission,,23
139-14-2557,13/04/2023,12:12:00 pm,Y. Janks,Male,24,Native American/Alaska Native,Cardiology,Admission,2,18
115-96-2596,13/04/2023,1:49:00 pm,R. Dmitrovic,Female,16,Native American/Alaska Native,Orthopedics,Not Admission,,39
583-85-8092,13/04/2023,9:04:00 pm,V. Nickerson,Male,36,Two or More Races,General Practice,Not Admission,,54
342-84-9323,13/04/2023,6:04:00 pm,B. Thorold,Female,29,White,General Practice,Admission,8,17
408-31-6363,13/04/2023,11:14:00 pm,A. Stowe,Male,42,Two or More Races,Physiotherapy,Admission,6,20
880-96-2037,13/04/2023,6:46:00 pm,H. Jasper,Female,15,White,Orthopedics,Admission,,24
261-65-5742,13/04/2023,1:48:00 pm,X. Mugford,Female,77,White,None,Not Admission,,10
241-68-6242,13/04/2023,5:35:00 am,J. Spargo,Female,26,Asian,None,Admission,,37
745-60-8922,13/04/2023,1:32:00 am,O. Jacson,Male,31,Two or More Races,None,Not Admission,,14
879-42-2067,13/03/2024,9:42:00 am,E. Ridpath,Female,45,Declined to Identify,None,Not Admission,,26
569-26-4982,13/03/2024,10:01:00 pm,V. Collman,Male,18,African American,None,Admission,,26
284-23-4071,13/03/2024,4:29:00 pm,W. Keasley,Female,33,White,Orthopedics,Admission,,43
527-55-8690,13/03/2024,10:11:00 am,N. Chazier,Female,27,Declined to Identify,None,Admission,5,48
818-92-9253,13/03/2024,5:22:00 pm,J. Bastide,Male,68,Two or More Races,None,Admission,,36
381-28-4275,13/03/2024,1:05:00 pm,I. Portlock,Female,52,Two or More Races,None,Admission,,60
537-34-6004,13/03/2024,2:14:00 am,Z. Amey,Male,36,Asian,Cardiology,Admission,,54
367-49-7229,13/03/2024,4:45:00 am,N. Maynell,Female,30,Native American/Alaska Native,Orthopedics,Not Admission,,36
553-16-6005,13/03/2024,12:52:00 am,L. Roches,Female,76,African American,None,Admission,,47
578-88-8378,13/03/2024,12:41:00 am,F. McFall,Female,14,White,General Practice,Admission,,12
483-12-3614,13/03/2024,5:14:00 am,D. Duggen,Female,55,Native American/Alaska Native,None,Not Admission,,47
861-48-5444,13/03/2024,12:35:00 pm,K. Minero,Male,13,African American,None,Not Admission,9,57
620-22-0920,13/03/2024,6:28:00 am,T. Hursey,Male,38,Two or More Races,None,Admission,,34
791-12-6278,13/02/2024,1:49:00 pm,W. Sharvell,Female,35,Native American/Alaska Native,General Practice,Not Admission,,33
181-02-4908,13/02/2024,12:35:00 pm,O. Wakelin,Male,74,African American,General Practice,Not Admission,8,53
799-98-8144,13/02/2024,9:37:00 am,Q. Aronov,Female,43,Two or More Races,None,Admission,,19
171-47-9048,13/02/2024,7:01:00 pm,V. Fiennes,Female,67,White,None,Not Admission,1,17
809-24-5383,13/02/2024,5:03:00 am,B. Beney,Female,26,Two or More Races,General Practice,Admission,,55
372-95-8455,13/02/2024,12:30:00 pm,M. Kirsop,Male,70,African American,None,Admission,,52
193-87-0591,13/02/2024,12:34:00 am,H. Batchan,Male,78,African American,None,Not Admission,9,42
167-15-7518,13/02/2024,5:36:00 pm,H. Coppenhall,Male,73,Pacific Islander,None,Not Admission,5,55
514-92-4822,13/02/2024,8:36:00 pm,A. Lichfield,Male,70,Declined to Identify,Renal,Not Admission,,23
333-16-9345,13/01/2024,12:27:00 am,C. Hayball,Male,62,African American,General Practice,Not Admission,,50
631-92-2982,13/01/2024,4:07:00 pm,E. Diament,Male,44,Declined to Identify,Physiotherapy,Admission,,25
664-85-2224,13/01/2024,1:28:00 am,A. Shovell,Female,5,Declined to Identify,Orthopedics,Not Admission,,30
302-68-9742,13/01/2024,11:39:00 am,L. Penylton,Male,33,White,Orthopedics,Admission,,32
109-15-0945,13/01/2024,9:44:00 pm,Z. Keddle,Female,63,Declined to Identify,General Practice,Not Admission,3,13
543-66-8030,13/01/2024,2:24:00 am,J. Harte,Male,8,African American,None,Admission,1,57
384-25-8158,13/01/2024,11:00:00 am,F. Camblin,Female,71,Asian,None,Not Admission,6,42
464-52-3680,13/01/2024,8:38:00 am,M. Dary,Female,66,Pacific Islander,General Practice,Not Admission,3,44
424-07-7939,13/01/2024,8:15:00 am,K. Glyn,Male,28,Declined to Identify,None,Admission,9,55
364-20-0981,13/01/2024,9:28:00 am,R. Exton,Female,40,Two or More Races,None,Admission,,40
405-04-7699,13/01/2024,5:29:00 pm,L. Petrie,Male,24,Asian,None,Admission,,51
729-44-7586,13/01/2024,10:55:00 pm,D. Ornillos,Female,32,Asian,Cardiology,Not Admission,,35
388-69-8923,13/01/2024,7:05:00 pm,G. Tanby,Female,72,White,None,Admission,,33
392-48-9061,13/01/2024,7:38:00 am,P. Akeherst,Male,4,White,None,Admission,,41
102-73-6494,13/01/2024,10:49:00 pm,M. Wogdon,Male,65,Two or More Races,None,Not Admission,,59
296-35-4605,13/01/2024,12:46:00 am,Q. Kenset,Male,3,African American,None,Not Admission,,50
290-32-8209,13/01/2024,12:47:00 am,F. Cubuzzi,Male,66,Two or More Races,None,Admission,,15
574-90-3887,13/01/2024,7:35:00 am,Z. Shakelade,Female,15,Two or More Races,None,Not Admission,,33
292-29-7969,13/01/2024,8:59:00 am,P. Shayes,Male,65,Pacific Islander,None,Not Admission,,37
402-85-5587,13/01/2024,4:08:00 am,P. Biggen,Male,26,Two or More Races,Orthopedics,Admission,,42
624-34-1229,12/09/2024,6:25:00 pm,W. Carlon,Female,50,Declined to Identify,None,Not Admission,,41
181-37-8210,12/09/2024,3:16:00 am,A. Lie,Male,7,Declined to Identify,Orthopedics,Admission,,54
294-98-4120,12/09/2024,8:51:00 am,O. Cultcheth,Female,28,Declined to Identify,None,Not Admission,7,43
236-48-3172,12/09/2024,10:16:00 pm,I. Rubica,Male,39,Pacific Islander,None,Not Admission,7,35
723-91-6052,12/09/2024,8:50:00 am,V. Alday,Female,43,African American,Orthopedics,Admission,,25
676-90-4688,12/09/2024,5:18:00 pm,U. Reame,Female,29,Pacific Islander,None,Not Admission,,18
345-14-4829,12/09/2024,12:50:00 am,Z. Petersen,Male,41,African American,None,Admission,,41
688-25-2615,12/09/2024,10:47:00 am,A. Birbeck,Male,44,White,General Practice,Not Admission,,33
171-54-7134,12/09/2024,3:14:00 am,X. Rouby,Female,64,Native American/Alaska Native,None,Not Admission,,36
747-72-7002,12/09/2024,8:06:00 pm,T. Dyball,Male,31,Native American/Alaska Native,None,Admission,,28
789-52-9572,12/09/2024,12:47:00 pm,Q. Wartonby,Female,32,Declined to Identify,None,Admission,10,42
381-26-3402,12/09/2024,8:49:00 am,N. Ockendon,Female,73,White,None,Admission,,32
142-36-2760,12/09/2024,4:39:00 am,C. Patty,Female,24,White,None,Admission,,44
237-94-9372,12/09/2024,7:36:00 pm,G. McSparran,Female,41,Two or More Races,None,Not Admission,2,51
715-29-1423,12/09/2024,1:23:00 pm,U. Clemenzo,Male,30,Declined to Identify,None,Not Admission,,16
871-63-8322,12/09/2024,9:12:00 pm,C. Lawlie,Male,74,White,General Practice,Not Admission,,10
576-52-5777,12/09/2024,12:53:00 am,C. Carratt,Male,41,African American,Orthopedics,Admission,,28
271-50-1988,12/09/2024,1:20:00 pm,W. Du Plantier,Female,65,Declined to Identify,Gastroenterology,Not Admission,,11
337-49-3637,12/09/2024,6:52:00 pm,Z. Dimitriades,Male,39,African American,None,Not Admission,,19
316-10-9824,12/09/2023,8:35:00 am,Z. Pinnegar,Female,55,Pacific Islander,Orthopedics,Admission,,13
689-37-4544,12/09/2023,12:23:00 pm,B. Rudsdale,Female,65,Asian,General Practice,Not Admission,,15
271-63-4659,12/09/2023,4:47:00 pm,G. Wilshere,Female,13,Declined to Identify,Renal,Admission,,40
518-20-7295,12/09/2023,12:39:00 am,I. Birkin,Male,78,Asian,None,Admission,,53
125-27-8454,12/09/2023,1:18:00 pm,N. Seeney,Female,48,White,General Practice,Not Admission,,53
408-93-7396,12/09/2023,6:36:00 pm,R. Gunney,Male,72,Pacific Islander,General Practice,Not Admission,3,44
512-93-5850,12/09/2023,10:16:00 pm,I. Nutton,Male,38,Asian,General Practice,Not Admission,,48
403-55-3894,12/09/2023,3:05:00 pm,G. Lowey,Male,20,African American,None,Admission,0,27
560-91-9380,12/09/2023,10:52:00 pm,G. Caroli,Male,70,Declined to Identify,None,Not Admission,,29
251-49-2826,12/09/2023,10:39:00 am,Y. Corkell,Male,14,African American,None,Admission,,30
453-75-8232,12/08/2024,4:22:00 am,R. Ransbury,Male,72,African American,General Practice,Admission,,54
394-14-4149,12/08/2024,5:09:00 pm,K. Older,Female,33,Native American/Alaska Native,None,Not Admission,,46
377-52-6375,12/08/2024,1:13:00 am,Z. Gabe,Female,78,Asian,General Practice,Admission,,38
111-47-3660,12/08/2024,6:52:00 pm,U. Fasham,Female,63,Declined to Identify,General Practice,Not Admission,,26
850-07-0244,12/08/2024,12:40:00 pm,B. Rudinger,Male,59,Native American/Alaska Native,None,Not Admission,0,22
641-35-5949,12/08/2024,3:13:00 am,Q. Tuffey,Male,53,White,None,Admission,1,38
612-63-4048,12/08/2024,6:04:00 am,F. Stodart,Male,24,African American,Orthopedics,Not Admission,10,58
175-69-9432,12/08/2024,9:55:00 am,M. Coultass,Male,78,African American,Neurology,Not Admission,,41
830-11-9359,12/08/2024,8:32:00 pm,W. Stoad,Female,71,Declined to Identify,None,Admission,,20
700-43-4239,12/08/2024,8:31:00 am,F. Spencelayh,Male,78,White,None,Admission,,52
324-36-5374,12/08/2024,10:03:00 pm,T. Pamphilon,Female,44,Asian,None,Not Admission,,15
822-41-7734,12/08/2024,2:46:00 pm,J. Dowall,Female,27,Two or More Races,Orthopedics,Not Admission,,52
395-80-7937,12/08/2024,7:57:00 am,A. Knagges,Male,24,White,Orthopedics,Not Admission,,46
264-79-9377,12/08/2024,4:13:00 am,H. Fullegar,Male,46,Asian,None,Admission,,45
543-30-7171,12/08/2024,8:26:00 am,F. Canty,Male,12,White,Orthopedics,Not Admission,,60
887-70-0249,12/08/2024,7:45:00 pm,O. Milward,Female,56,African American,General Practice,Not Admission,,35
646-67-2143,12/08/2023,2:20:00 am,K. Halkyard,Male,25,Two or More Races,None,Not Admission,,59
314-07-4648,12/08/2023,12:09:00 am,H. Cursey,Male,68,White,None,Not Admission,,18
680-23-3462,12/08/2023,7:48:00 pm,L. Loseby,Female,76,African American,None,Admission,3,29
517-04-2663,12/08/2023,9:13:00 am,Z. Clingoe,Female,16,White,None,Admission,,19
230-64-7688,12/08/2023,9:30:00 pm,K. Espinheira,Male,74,Pacific Islander,Cardiology,Not Admission,,18
718-29-3433,12/08/2023,2:04:00 am,B. Tremberth,Female,76,Two or More Races,General Practice,Not Admission,,13
570-69-8864,12/08/2023,5:29:00 am,F. Kettles,Male,39,White,General Practice,Not Admission,8,29
178-24-4407,12/08/2023,10:20:00 pm,Q. Sweeney,Female,71,Two or More Races,None,Not Admission,7,45
829-10-5536,12/08/2023,12:46:00 pm,M. Gori,Female,27,Two or More Races,None,Not Admission,7,12
713-78-6571,12/08/2023,1:02:00 am,U. Antonellini,Male,33,Declined to Identify,None,Admission,,27
743-66-1685,12/08/2023,1:34:00 am,L. Giron,Male,11,African American,None,Admission,,40
631-06-7500,12/08/2023,9:19:00 pm,W. Sutcliffe,Male,51,Declined to Identify,None,Not Admission,0,56
461-42-4480,12/08/2023,2:11:00 am,T. Jimmes,Male,68,Two or More Races,General Practice,Not Admission,,17
796-69-6311,12/08/2023,3:48:00 pm,B. Heffer,Male,62,Two or More Races,General Practice,Not Admission,,44
717-75-6312,12/08/2023,2:40:00 pm,Z. Spohrmann,Male,55,African American,Neurology,Not Admission,2,45
875-16-4799,12/08/2023,5:53:00 pm,L. Byart,Female,73,Declined to Identify,Neurology,Not Admission,,16
770-80-9495,12/08/2023,7:33:00 am,V. Danick,Male,37,White,General Practice,Not Admission,,42
888-68-1783,12/08/2023,12:19:00 am,D. Heskey,Male,43,African American,None,Not Admission,,39
261-16-1672,12/08/2023,4:53:00 am,T. Brixham,Female,55,White,None,Not Admission,,26
446-49-0800,12/08/2023,1:25:00 pm,D. Thomazin,Female,65,Declined to Identify,None,Admission,6,56
300-57-0346,12/08/2023,4:56:00 pm,D. Blampey,Male,17,White,None,Not Admission,,29
831-25-4717,12/07/2024,9:35:00 am,X. McGriffin,Male,31,White,Orthopedics,Admission,,58
475-34-5223,12/07/2024,8:19:00 am,A. Bagnal,Male,53,Asian,None,Not Admission,,20
808-01-8111,12/07/2024,7:23:00 pm,Y. Craine,Male,14,African American,None,Admission,,30
285-41-0221,12/07/2024,1:12:00 pm,N. Aggiss,Male,39,Two or More Races,Orthopedics,Not Admission,,52
816-61-0800,12/07/2024,1:45:00 pm,F. Dumbell,Female,59,African American,Neurology,Not Admission,,58
304-56-9824,12/07/2024,8:24:00 am,R. Tanfield,Male,34,White,None,Admission,,54
506-64-0596,12/07/2024,2:58:00 am,F. Mussen,Male,18,White,General Practice,Not Admission,,48
687-07-1230,12/07/2024,7:30:00 am,Z. Ashwin,Female,12,White,None,Admission,0,58
292-38-8567,12/07/2024,6:29:00 am,K. Gianilli,Female,59,Declined to Identify,None,Admission,8,32
444-57-9644,12/07/2024,12:31:00 pm,P. Bangs,Female,74,White,None,Admission,,30
135-46-0133,12/07/2024,11:51:00 pm,Q. Murtimer,Female,59,White,None,Admission,,58
851-72-1676,12/07/2024,12:30:00 pm,W. Crossgrove,Male,74,White,General Practice,Not Admission,,14
763-60-6360,12/07/2024,4:53:00 am,K. Scini,Female,70,African American,General Practice,Admission,,18
637-52-8720,12/07/2024,4:16:00 am,F. Gitthouse,Male,61,Two or More Races,Cardiology,Not Admission,,27
493-68-6784,12/07/2024,1:17:00 am,D. Stronge,Female,3,Two or More Races,None,Admission,9,34
227-59-0578,12/07/2024,5:07:00 am,C. Sandbach,Male,45,Asian,None,Admission,,45
778-27-1739,12/07/2024,3:52:00 pm,C. Freathy,Female,39,African American,None,Admission,1,42
191-38-8114,12/07/2024,1:31:00 pm,O. Romaines,Male,52,White,General Practice,Admission,7,50
363-78-2720,12/07/2024,7:02:00 am,O. Ferraresi,Male,37,Native American/Alaska Native,None,Admission,,50
558-14-1217,12/07/2024,7:18:00 pm,G. Lead,Male,53,Native American/Alaska Native,Orthopedics,Admission,8,51
669-85-1884,12/07/2024,2:03:00 pm,H. Kenningham,Female,11,White,None,Not Admission,,34
449-82-3256,12/07/2024,6:23:00 pm,M. Orhrt,Male,39,White,None,Not Admission,,49
179-52-4667,12/07/2024,8:09:00 am,W. O'Henecan,Male,71,African American,General Practice,Admission,,25
217-91-6642,12/07/2024,7:33:00 pm,C. Chevins,Female,48,Declined to Identify,None,Not Admission,4,42
200-13-6377,12/07/2024,5:23:00 pm,Q. Berryman,Male,66,Two or More Races,None,Admission,,25
849-61-2255,12/07/2023,8:12:00 pm,N. Firmager,Male,49,White,None,Admission,,28
708-20-8149,12/07/2023,11:07:00 pm,F. Sculley,Male,43,Declined to Identify,None,Not Admission,,32
258-44-7719,12/07/2023,8:59:00 pm,S. Heliar,Female,62,Two or More Races,General Practice,Not Admission,,33
508-17-5890,12/07/2023,3:20:00 am,Y. Jouaneton,Female,40,White,Orthopedics,Not Admission,,39
676-57-7633,12/07/2023,8:11:00 am,O. Francillo,Male,24,African American,None,Not Admission,7,12
327-24-4976,12/07/2023,11:26:00 pm,L. Kearns,Male,39,Two or More Races,Orthopedics,Admission,,24
598-29-3507,12/07/2023,12:10:00 am,Q. Warr,Female,10,White,None,Admission,,54
823-91-0073,12/07/2023,1:34:00 pm,G. Goodfellowe,Male,23,White,None,Not Admission,2,54
393-87-9467,12/07/2023,8:36:00 pm,V. Akam,Male,2,Native American/Alaska Native,General Practice,Not Admission,0,26
290-43-5673,12/07/2023,7:35:00 am,Y. Brunker,Female,14,Two or More Races,None,Not Admission,,16
719-64-1635,12/07/2023,12:16:00 pm,D. McLewd,Male,18,White,None,Not Admission,,15
291-85-3197,12/07/2023,4:39:00 am,O. Guerin,Female,62,Pacific Islander,None,Admission,,10
897-53-7110,12/07/2023,10:00:00 pm,V. Gwatkin,Female,11,Declined to Identify,None,Admission,,52
368-88-6976,12/07/2023,12:22:00 am,M. Chezier,Female,66,Two or More Races,General Practice,Admission,7,59
839-52-8308,12/06/2024,4:42:00 pm,L. Scanderet,Male,32,Two or More Races,Cardiology,Not Admission,,49
659-69-2555,12/06/2024,5:37:00 pm,Y. Castro,Male,47,Declined to Identify,None,Admission,4,43
318-75-8375,12/06/2024,9:52:00 am,Q. Mesnard,Male,51,White,General Practice,Admission,,37
514-44-5278,12/06/2024,7:52:00 am,V. Dominelli,Female,28,African American,None,Not Admission,6,19
684-60-4060,12/06/2024,3:49:00 pm,B. Blose,Female,59,Pacific Islander,None,Not Admission,,21
171-56-3657,12/06/2024,12:40:00 am,R. Quixley,Male,77,African American,None,Not Admission,4,36
384-24-5300,12/06/2024,11:28:00 pm,C. Dempster,Male,46,Two or More Races,General Practice,Not Admission,,26
608-66-3521,12/06/2024,12:01:00 am,A. Coldbathe,Female,29,White,Orthopedics,Not Admission,1,25
489-43-8448,12/06/2024,12:37:00 am,O. Bunstone,Male,10,White,None,Not Admission,,21
536-78-3429,12/06/2024,11:24:00 pm,K. Isaac,Male,72,White,None,Admission,,39
713-14-9027,12/06/2024,12:38:00 pm,X. Kearsley,Female,1,Declined to Identify,None,Admission,2,41
667-42-3519,12/06/2024,5:56:00 pm,D. Timbrell,Male,54,Declined to Identify,Orthopedics,Admission,,57
524-32-9191,12/06/2024,2:50:00 pm,F. Hacon,Male,50,Asian,General Practice,Not Admission,,60
393-06-6114,12/06/2024,5:09:00 am,E. Labrenz,Male,40,White,Neurology,Not Admission,9,39
259-47-2459,12/06/2024,3:01:00 am,L. Lochead,Female,12,Declined to Identify,None,Admission,,45
283-63-7892,12/06/2024,9:09:00 pm,V. Hanigan,Female,4,White,Orthopedics,Admission,,14
254-61-0446,12/06/2024,1:36:00 am,M. Vittle,Male,68,Declined to Identify,None,Admission,,51
557-58-5294,12/06/2023,2:49:00 am,U. Mullane,Male,77,White,None,Admission,,59
846-75-1744,12/06/2023,10:17:00 am,V. Visick,Male,32,Declined to Identify,General Practice,Not Admission,,43
451-65-8048,12/06/2023,12:54:00 pm,V. Semrad,Female,15,Two or More Races,None,Admission,,22
522-98-0828,12/06/2023,6:43:00 pm,Z. Bonifazio,Female,7,White,None,Not Admission,,52
231-44-6158,12/06/2023,5:32:00 am,M. Collidge,Female,18,Two or More Races,Cardiology,Not Admission,,42
193-02-5632,12/06/2023,11:04:00 pm,J. Ivermee,Female,68,African American,None,Not Admission,,49
669-65-6281,12/06/2023,10:07:00 pm,H. Phillip,Male,9,Two or More Races,None,Admission,3,13
206-75-4960,12/06/2023,10:57:00 pm,P. Meadley,Male,53,White,None,Admission,4,14
866-88-0473,12/06/2023,5:07:00 am,X. Iddiens,Male,58,Pacific Islander,None,Not Admission,,15
372-60-9119,12/06/2023,10:05:00 am,L. Strelitz,Male,66,Declined to Identify,Physiotherapy,Admission,,15
649-13-0648,12/06/2023,11:30:00 pm,Q. Beevis,Female,42,Two or More Races,General Practice,Not Admission,,22
422-79-2376,12/06/2023,10:46:00 pm,R. Guilfoyle,Male,20,African American,None,Not Admission,,56
885-77-1156,12/06/2023,4:13:00 am,Q. Dun,Female,34,Declined to Identify,General Practice,Admission,2,23
820-32-2123,12/06/2023,2:01:00 pm,M. Linfoot,Female,72,Two or More Races,Neurology,Admission,,56
783-74-8530,12/06/2023,7:47:00 pm,C. Jeffrey,Male,46,White,None,Admission,,58
387-82-3558,12/06/2023,7:14:00 am,M. Borman,Female,64,Asian,None,Not Admission,,16
477-07-4012,12/06/2023,11:51:00 pm,M. Matzaitis,Male,23,Asian,General Practice,Admission,,11
719-81-3707,12/06/2023,1:41:00 pm,E. Espadas,Female,41,Two or More Races,None,Not Admission,,39
118-32-9062,12/06/2023,8:23:00 pm,A. Mattosoff,Female,33,White,Cardiology,Admission,,16
328-74-8801,12/06/2023,9:02:00 am,J. Layson,Female,15,Asian,None,Not Admission,,30
272-51-8307,12/05/2024,3:41:00 am,E. MacManus,Female,30,Native American/Alaska Native,Neurology,Admission,,45
887-81-0302,12/05/2024,12:56:00 pm,N. Hurt,Female,27,White,None,Not Admission,0,16
384-22-6406,12/05/2024,2:21:00 am,Y. Ebben,Female,56,African American,None,Not Admission,5,60
251-98-9445,12/05/2024,5:55:00 pm,L. Treffry,Female,71,African American,General Practice,Admission,5,54
878-75-0356,12/05/2024,6:14:00 am,T. Barber,Female,49,Declined to Identify,None,Not Admission,,59
427-28-6383,12/05/2024,7:12:00 am,S. Gallafant,Male,73,Two or More Races,Orthopedics,Not Admission,,15
372-60-0704,12/05/2024,2:25:00 am,O. Teague,Female,37,White,None,Not Admission,,32
686-69-6116,12/05/2024,1:40:00 am,K. Greger,Male,14,Native American/Alaska Native,Cardiology,Admission,,44
112-71-8998,12/05/2024,11:35:00 pm,V. Cromack,Female,70,White,None,Admission,,22
181-73-8685,12/05/2024,6:07:00 pm,C. Seeking,Male,14,White,General Practice,Admission,10,53
696-09-2882,12/05/2024,6:27:00 pm,K. Burl,Female,64,Declined to Identify,None,Not Admission,,58
696-21-9147,12/05/2024,9:29:00 am,R. Rands,Male,32,Native American/Alaska Native,General Practice,Admission,,50
163-81-9187,12/05/2024,8:24:00 am,F. Bloxham,Female,8,White,Orthopedics,Admission,,23
218-42-3462,12/05/2024,10:23:00 am,Y. Dumbleton,Male,75,African American,None,Admission,,58
126-02-5429,12/05/2023,10:55:00 pm,H. Tibbetts,Female,6,White,Gastroenterology,Admission,,51
339-11-4345,12/05/2023,7:40:00 am,L. Crunkhurn,Female,50,White,None,Admission,,51
839-41-1835,12/05/2023,10:43:00 am,K. Zumbusch,Female,7,White,None,Not Admission,,14
552-65-1035,12/05/2023,7:56:00 pm,G. Bortolomei,Female,30,Two or More Races,Neurology,Not Admission,,45
608-62-4792,12/05/2023,11:17:00 pm,G. David,Male,67,African American,General Practice,Admission,,49
404-11-0410,12/05/2023,12:18:00 am,P. Baton,Male,78,Asian,Cardiology,Not Admission,1,33
234-07-0725,12/05/2023,9:29:00 pm,J. Mellmer,Female,36,African American,None,Admission,,31
249-65-1599,12/05/2023,1:29:00 pm,O. Laurenceau,Male,49,White,None,Admission,2,55
510-69-5252,12/05/2023,4:52:00 pm,Y. Mabon,Male,51,White,None,Admission,,33
516-34-6394,12/05/2023,11:32:00 am,F. Hylands,Female,28,White,None,Admission,1,20
447-43-8712,12/05/2023,12:13:00 am,U. Klejin,Female,32,White,None,Admission,9,34
608-69-9918,12/04/2024,2:40:00 am,R. Lebell,Female,55,Two or More Races,General Practice,Not Admission,,43
456-11-4142,12/04/2024,2:27:00 am,N. Tretwell,Male,28,African American,General Practice,Not Admission,,13
508-96-3583,12/04/2024,7:21:00 am,G. Varnham,Male,4,Declined to Identify,None,Not Admission,,41
527-45-1421,12/04/2024,4:25:00 am,J. Bundy,Male,23,Native American/Alaska Native,None,Admission,8,41
765-36-0361,12/04/2024,11:36:00 pm,Q. Keave,Male,38,African American,None,Admission,,24
496-61-3989,12/04/2024,2:39:00 am,S. Roderick,Female,23,White,None,Admission,,33
724-76-3876,12/04/2024,11:37:00 pm,Y. Ragbourne,Female,43,White,None,Not Admission,,57
807-87-0849,12/04/2024,10:57:00 am,N. Hadenton,Female,21,Asian,None,Not Admission,,40
648-86-9843,12/04/2024,11:14:00 am,Z. Boyington,Male,50,White,None,Admission,10,30
454-42-3319,12/04/2024,3:04:00 pm,O. Kneaphsey,Male,27,White,Orthopedics,Admission,,21
859-62-7867,12/04/2024,1:53:00 pm,U. Marke,Male,76,White,None,Not Admission,,38
322-58-0100,12/04/2024,1:05:00 pm,U. Statefield,Male,39,White,None,Not Admission,9,55
385-83-1337,12/04/2023,1:34:00 pm,A. Simoni,Male,5,Declined to Identify,General Practice,Not Admission,6,54
714-04-7254,12/04/2023,2:03:00 pm,K. Odo,Female,25,Two or More Races,Neurology,Not Admission,,32
653-25-4152,12/04/2023,3:57:00 am,K. Smowton,Female,11,Two or More Races,None,Not Admission,,14
240-68-3060,12/04/2023,2:01:00 am,I. Tootell,Male,66,White,General Practice,Not Admission,,29
732-47-1768,12/04/2023,3:40:00 pm,O. Causby,Female,56,Two or More Races,Gastroenterology,Not Admission,,58
569-17-1454,12/04/2023,8:39:00 am,H. Lopez,Male,20,Two or More Races,None,Not Admission,,47
547-68-7669,12/04/2023,5:06:00 am,Y. Hurn,Male,6,Two or More Races,General Practice,Not Admission,,45
439-32-1631,12/04/2023,3:25:00 pm,L. Quinton,Male,16,White,Orthopedics,Admission,8,42
897-46-6177,12/04/2023,4:53:00 am,W. Dillingham,Female,52,Two or More Races,None,Not Admission,,13
360-59-1270,12/04/2023,10:50:00 pm,T. Coneley,Male,30,Native American/Alaska Native,General Practice,Not Admission,,59
224-58-4970,12/04/2023,7:18:00 pm,P. Elverstone,Male,70,African American,None,Admission,,47
871-56-7981,12/04/2023,11:13:00 pm,H. Landy,Male,33,Two or More Races,Orthopedics,Not Admission,,43
182-89-0226,12/04/2023,6:12:00 pm,R. Lothlorien,Female,74,African American,Cardiology,Not Admission,9,26
481-07-6937,12/04/2023,9:51:00 pm,S. Garrard,Female,46,African American,General Practice,Not Admission,,42
449-77-1658,12/04/2023,10:17:00 am,W. Broad,Male,35,African American,None,Admission,,24
630-75-8261,12/04/2023,6:07:00 pm,Y. Recher,Female,64,Two or More Races,Orthopedics,Admission,,53
563-64-1719,12/04/2023,7:37:00 am,Y. Winteringham,Male,64,African American,None,Admission,,23
854-90-8395,12/04/2023,10:55:00 pm,P. Gossop,Female,69,Native American/Alaska Native,Neurology,Not Admission,,53
661-92-7059,12/04/2023,9:02:00 pm,Z. Sleightholm,Male,42,African American,None,Not Admission,0,51
344-99-0228,12/04/2023,12:52:00 am,V. Limpricht,Male,17,Asian,Physiotherapy,Admission,,44
867-30-8564,12/04/2023,6:24:00 pm,L. Elijahu,Male,43,Asian,None,Not Admission,,54
277-77-1790,12/04/2023,3:18:00 pm,O. Lilion,Female,73,Native American/Alaska Native,None,Not Admission,,59
142-78-0838,12/04/2023,9:12:00 am,L. Mattusov,Female,3,Asian,General Practice,Admission,,29
233-20-7150,12/04/2023,12:53:00 pm,E. Yole,Female,53,White,Gastroenterology,Admission,,13
628-20-1693,12/04/2023,7:08:00 am,H. Klimke,Female,18,White,None,Not Admission,,11
529-58-1742,12/04/2023,1:56:00 am,S. Sellman,Male,26,White,Orthopedics,Admission,,16
511-02-6241,12/04/2023,7:36:00 am,J. Kingscote,Male,78,Declined to Identify,General Practice,Admission,,26
274-29-8312,12/04/2023,9:45:00 pm,G. Vaulkhard,Male,73,White,None,Not Admission,,47
274-62-9187,12/04/2023,7:25:00 pm,O. Esland,Male,42,White,General Practice,Not Admission,,27
177-87-5959,12/04/2023,2:37:00 pm,Z. Prattin,Female,39,African American,None,Admission,,27
674-63-6347,12/03/2024,6:53:00 pm,D. Lamort,Male,75,Two or More Races,None,Admission,,53
514-54-2083,12/03/2024,8:48:00 am,U. Pelerin,Male,4,Two or More Races,None,Not Admission,1,53
709-15-6535,12/03/2024,4:19:00 pm,O. Heaven,Male,68,White,None,Not Admission,,33
166-10-4126,12/03/2024,10:41:00 am,M. Nockalls,Female,71,Declined to Identify,Cardiology,Admission,,28
115-79-7016,12/03/2024,11:53:00 am,W. Fraser,Male,24,Two or More Races,Physiotherapy,Admission,,57
219-07-1932,12/03/2024,12:38:00 am,P. Boner,Male,30,Declined to Identify,None,Not Admission,,21
567-63-2475,12/03/2024,10:48:00 am,S. Lynock,Male,60,Declined to Identify,None,Admission,,46
465-58-1592,12/03/2024,7:51:00 am,C. Dufaire,Male,56,Two or More Races,None,Admission,,41
247-62-4290,12/03/2024,10:12:00 am,Q. Lomansey,Male,66,Native American/Alaska Native,Orthopedics,Admission,,28
314-47-2091,12/03/2024,8:45:00 am,Z. Weyman,Male,35,African American,General Practice,Admission,,44
372-64-7580,12/03/2024,11:35:00 am,M. Iskow,Male,55,African American,None,Not Admission,,45
762-61-4765,12/03/2024,11:02:00 pm,U. Harley,Male,37,Declined to Identify,None,Admission,,57
350-57-1734,12/03/2024,6:58:00 am,F. Maber,Male,5,Asian,None,Admission,,48
131-23-8601,12/02/2024,1:07:00 pm,N. Ragborne,Female,18,White,None,Admission,,38
871-75-0210,12/02/2024,2:43:00 am,T. MacArdle,Male,76,Declined to Identify,None,Not Admission,5,28
227-87-1629,12/02/2024,3:08:00 pm,S. Gainsburgh,Male,8,White,None,Not Admission,3,37
412-07-8001,12/02/2024,12:29:00 am,S. Sivewright,Female,40,Native American/Alaska Native,None,Admission,,16
232-89-7136,12/02/2024,8:04:00 pm,R. Silverthorne,Male,65,White,Orthopedics,Not Admission,,14
349-17-8032,12/02/2024,3:55:00 am,J. Milton-White,Male,70,White,General Practice,Admission,6,51
701-34-7176,12/02/2024,1:34:00 am,X. Isakson,Female,57,Native American/Alaska Native,None,Not Admission,,11
632-60-1284,12/02/2024,8:52:00 am,O. Shorter,Male,39,Asian,None,Admission,,47
677-73-9012,12/02/2024,12:44:00 am,P. Jendrassik,Male,38,African American,None,Admission,,21
296-68-1456,12/02/2024,7:08:00 pm,K. Abbati,Male,48,White,None,Admission,9,26
451-83-4132,12/02/2024,12:22:00 pm,O. Bills,Female,22,White,None,Not Admission,,24
390-36-3570,12/02/2024,8:53:00 am,Q. Groomebridge,Male,79,African American,General Practice,Not Admission,5,31
794-82-3847,12/02/2024,9:02:00 pm,L. Bagger,Female,60,White,None,Not Admission,,17
420-56-3659,12/12/2023,4:39:00 pm,E. Ragot,Male,48,Asian,None,Not Admission,,25
291-47-8677,12/12/2023,8:49:00 am,W. Verling,Female,12,African American,Renal,Not Admission,,28
398-91-6399,12/12/2023,10:45:00 pm,T. Smale,Male,27,African American,None,Admission,6,14
663-70-2265,12/12/2023,5:31:00 am,J. Wivell,Female,20,Declined to Identify,None,Admission,,32
660-37-9784,12/12/2023,7:13:00 pm,A. Childe,Female,64,Pacific Islander,General Practice,Admission,,12
372-98-8410,12/12/2023,2:32:00 am,M. Giles,Male,11,Two or More Races,None,Admission,,40
454-13-3336,12/12/2023,11:17:00 pm,D. Ubank,Male,57,White,General Practice,Admission,,31
107-86-6061,12/12/2023,8:14:00 am,C. Abela,Male,78,Asian,General Practice,Not Admission,,12
619-81-7587,12/12/2023,11:33:00 pm,X. Probbing,Male,9,White,Orthopedics,Not Admission,,15
681-47-7161,12/12/2023,7:41:00 pm,X. Fenner,Male,30,Two or More Races,None,Not Admission,,32
218-05-9604,12/12/2023,2:57:00 am,H. Devinn,Male,25,African American,Physiotherapy,Admission,9,48
451-80-6419,12/12/2023,8:59:00 am,M. Regi,Female,53,Asian,None,Admission,,11
313-53-5376,12/12/2023,11:05:00 am,B. Attard,Female,49,White,None,Admission,,50
692-61-2801,12/12/2023,3:48:00 pm,E. Prahm,Male,23,Asian,None,Not Admission,,40
478-86-9949,12/12/2023,9:55:00 pm,S. Jensen,Male,37,Declined to Identify,None,Admission,5,36
436-65-3999,12/12/2023,9:49:00 pm,R. Cliffe,Female,48,White,Orthopedics,Admission,,30
763-28-8161,12/12/2023,10:14:00 pm,R. Dorie,Male,26,Asian,General Practice,Admission,,56
769-70-5050,12/12/2023,2:19:00 pm,Y. McQuilkin,Female,4,African American,General Practice,Not Admission,1,10
839-32-4736,12/12/2023,3:39:00 pm,P. Matuszinski,Female,35,White,None,Not Admission,,23
292-74-3783,12/11/2023,8:13:00 pm,W. Ferrillio,Male,31,Two or More Races,General Practice,Admission,,23
811-63-4808,12/11/2023,6:24:00 am,Y. Dolohunty,Female,73,Asian,General Practice,Admission,,40
400-06-0553,12/11/2023,8:14:00 am,V. Mourant,Male,66,White,None,Admission,,22
389-42-6852,12/11/2023,2:42:00 am,M. Tomsu,Female,4,Native American/Alaska Native,Orthopedics,Not Admission,,34
868-57-6762,12/11/2023,4:31:00 pm,V. Goodfellow,Male,65,White,General Practice,Not Admission,,56
844-86-6653,12/11/2023,4:29:00 am,F. Trett,Male,3,White,General Practice,Not Admission,3,38
537-50-1785,12/11/2023,11:40:00 am,C. Fountian,Female,10,Asian,None,Admission,,22
327-18-9666,12/11/2023,8:18:00 pm,V. Brakespear,Female,17,African American,Orthopedics,Admission,,60
283-41-9667,12/11/2023,5:06:00 am,B. Grunnell,Male,49,Native American/Alaska Native,General Practice,Not Admission,,59
726-23-2278,12/11/2023,7:49:00 pm,G. Downes,Male,63,Two or More Races,General Practice,Admission,,14
202-20-9289,12/11/2023,12:11:00 pm,F. Hollibone,Female,31,Two or More Races,None,Not Admission,,42
397-07-5239,12/11/2023,1:01:00 pm,E. Haliday,Female,11,Declined to Identify,None,Admission,3,57
288-05-6370,12/11/2023,4:00:00 pm,R. Brixey,Female,16,Native American/Alaska Native,General Practice,Admission,,53
532-52-7052,12/11/2023,8:09:00 am,I. Nannini,Female,25,Pacific Islander,None,Not Admission,,32
369-70-1222,12/11/2023,11:16:00 am,L. Radmore,Male,27,African American,General Practice,Not Admission,,30
318-43-6176,12/11/2023,1:34:00 pm,G. Yvens,Male,12,Two or More Races,General Practice,Admission,,27
437-30-1210,12/10/2024,10:39:00 am,F. Derle,Male,60,White,Orthopedics,Not Admission,,12
876-55-5877,12/10/2024,10:26:00 pm,U. Mothersole,Male,32,Pacific Islander,None,Not Admission,,34
558-13-0654,12/10/2024,6:22:00 pm,X. McVey,Female,61,African American,None,Admission,,42
780-85-4078,12/10/2024,9:14:00 pm,I. Lachaize,Female,18,Two or More Races,None,Admission,,10
195-51-9264,12/10/2024,1:08:00 am,C. Lympany,Female,47,White,Physiotherapy,Admission,,40
561-82-6237,12/10/2024,1:52:00 pm,H. Bausmann,Female,49,White,General Practice,Admission,,20
769-87-9911,12/10/2024,1:55:00 pm,I. Crusham,Male,11,African American,None,Not Admission,,47
267-77-7081,12/10/2024,12:53:00 pm,V. Heavy,Female,46,Asian,Orthopedics,Admission,3,38
420-19-1201,12/10/2024,3:34:00 am,N. Stampe,Female,2,Two or More Races,General Practice,Not Admission,,40
226-88-2331,12/10/2024,10:33:00 pm,I. Arlt,Male,43,African American,None,Admission,,48
183-30-4656,12/10/2024,11:20:00 pm,M. Venes,Female,35,Declined to Identify,None,Not Admission,5,52
796-98-4459,12/10/2024,4:16:00 pm,Y. Outram,Female,68,African American,Orthopedics,Admission,,60
857-51-1030,12/10/2024,7:14:00 pm,B. Andreaccio,Male,1,Two or More Races,Cardiology,Admission,,14
735-60-3323,12/10/2024,11:09:00 pm,B. Tuffell,Male,8,African American,None,Admission,,56
577-64-5812,12/10/2024,2:07:00 am,C. Pairpoint,Male,33,African American,None,Admission,,59
624-07-8564,12/10/2024,7:34:00 am,S. Fegan,Female,27,White,General Practice,Not Admission,,34
670-67-2348,12/10/2024,7:55:00 pm,R. Need,Female,76,Two or More Races,None,Admission,,39
260-50-0772,12/10/2024,9:07:00 pm,O. Coston,Male,1,Two or More Races,None,Admission,,19
535-15-4291,12/10/2024,8:42:00 pm,T. Sherel,Female,15,Native American/Alaska Native,None,Not Admission,,48
643-14-5413,12/10/2023,3:19:00 am,D. De Caroli,Female,54,Two or More Races,Renal,Not Admission,,53
459-21-7302,12/10/2023,6:49:00 am,W. Smithen,Male,23,Asian,None,Not Admission,,11
239-59-8659,12/10/2023,10:55:00 pm,K. Gapp,Female,78,Asian,None,Admission,9,43
540-90-9866,12/10/2023,8:24:00 pm,O. Blumsom,Male,44,Two or More Races,None,Admission,,58
260-97-5738,12/10/2023,10:27:00 am,T. Dullingham,Male,59,African American,None,Not Admission,2,58
515-14-1230,12/10/2023,11:31:00 am,P. Lownes,Female,75,White,None,Admission,,58
315-14-6189,12/10/2023,3:11:00 pm,K. Spyvye,Male,72,Declined to Identify,None,Not Admission,,24
361-75-8418,12/10/2023,3:26:00 pm,N. O'Finan,Female,34,White,None,Not Admission,3,44
887-46-5642,12/10/2023,6:12:00 am,K. Ullrich,Male,26,Declined to Identify,None,Not Admission,,54
438-91-9401,12/10/2023,3:39:00 pm,H. Pilger,Female,30,White,Orthopedics,Admission,,29
472-28-5842,12/10/2023,3:03:00 pm,N. Gulliman,Female,41,Pacific Islander,None,Not Admission,,16
174-15-0807,12/10/2023,2:15:00 am,U. Walsh,Female,43,African American,General Practice,Admission,,52
548-38-0350,12/10/2023,5:05:00 pm,H. Pettiford,Female,48,African American,Gastroenterology,Admission,4,35
801-86-2310,12/10/2023,7:35:00 pm,H. Marmon,Male,18,African American,None,Admission,1,18
491-05-3734,12/10/2023,6:38:00 am,S. Fowkes,Male,69,Asian,None,Admission,,59
579-47-5526,12/10/2023,5:09:00 am,T. Lahrs,Female,56,Asian,Orthopedics,Not Admission,2,16
496-43-4865,12/10/2023,6:55:00 am,L. Woodstock,Male,22,Asian,None,Admission,0,59
138-23-4405,12/10/2023,11:56:00 pm,P. Renihan,Male,45,Asian,General Practice,Not Admission,,52
291-35-7777,12/01/2024,5:44:00 pm,H. Tangye,Female,75,Declined to Identify,General Practice,Admission,,41
865-30-2867,12/01/2024,10:40:00 am,M. Biskupski,Female,63,Two or More Races,General Practice,Not Admission,,42
162-86-9521,12/01/2024,6:56:00 am,A. Cudihy,Male,68,Native American/Alaska Native,General Practice,Admission,,33
210-67-0041,12/01/2024,6:19:00 pm,D. Persent,Male,8,White,None,Not Admission,10,49
172-88-9711,12/01/2024,9:21:00 pm,L. Fricke,Male,61,Two or More Races,Orthopedics,Admission,,37
422-32-8778,12/01/2024,8:40:00 am,M. Strevens,Female,58,White,None,Admission,,10
480-83-8725,12/01/2024,6:01:00 pm,C. Colleck,Male,1,White,General Practice,Not Admission,,25
873-79-1304,12/01/2024,10:07:00 am,A. Eickhoff,Male,38,White,General Practice,Admission,,23
740-27-0503,12/01/2024,9:37:00 am,Q. Lodwick,Female,30,Asian,Orthopedics,Admission,,49
183-15-0828,12/01/2024,5:06:00 pm,T. Fernez,Female,66,Asian,None,Not Admission,,19
694-56-2971,12/01/2024,9:42:00 pm,V. Doldon,Male,1,Pacific Islander,None,Not Admission,7,24
873-89-4096,12/01/2024,11:25:00 pm,P. Gilpin,Male,61,Declined to Identify,None,Admission,,23
284-83-4586,12/01/2024,7:38:00 pm,Y. Stanistreet,Male,26,Two or More Races,None,Admission,,50
739-91-8582,12/01/2024,12:09:00 am,V. Pedersen,Male,11,Declined to Identify,General Practice,Not Admission,7,40
815-18-9064,12/01/2024,12:44:00 am,X. Elles,Male,12,Asian,None,Not Admission,1,12
578-18-1747,12/01/2024,11:02:00 pm,M. Scambler,Female,63,African American,Cardiology,Admission,1,45
646-91-7660,11/09/2024,12:19:00 pm,J. Gleeton,Female,21,Native American/Alaska Native,None,Not Admission,,57
586-89-1969,11/09/2024,8:22:00 am,W. Keele,Female,75,Native American/Alaska Native,None,Not Admission,,53
835-98-7545,11/09/2024,8:25:00 pm,T. Suffe,Female,71,White,None,Admission,,45
631-01-8401,11/09/2024,10:52:00 am,Y. Ferbrache,Male,52,White,None,Admission,,58
437-92-3747,11/09/2024,4:41:00 pm,K. Pedwell,Male,38,Pacific Islander,General Practice,Not Admission,,11
879-96-5283,11/09/2024,1:26:00 pm,K. Gorvette,Female,69,Two or More Races,None,Admission,,26
295-25-4846,11/09/2024,9:13:00 am,C. Kepp,Male,72,Two or More Races,None,Admission,8,53
453-26-5597,11/09/2024,11:41:00 am,I. Bertholin,Male,44,African American,None,Not Admission,,44
353-67-7450,11/09/2024,9:54:00 am,I. Cragoe,Male,50,Declined to Identify,None,Admission,,22
538-85-4594,11/09/2024,12:28:00 am,G. Loude,Female,48,Two or More Races,None,Admission,,28
394-02-2360,11/09/2024,12:02:00 am,Y. Chappelle,Female,37,White,General Practice,Not Admission,,22
886-02-8536,11/09/2024,6:55:00 am,J. Ruselin,Male,17,Declined to Identify,None,Not Admission,4,21
207-33-7470,11/09/2023,4:07:00 am,Z. Gayforth,Male,44,African American,General Practice,Not Admission,8,34
163-37-3593,11/09/2023,5:38:00 pm,M. Hazley,Female,44,White,General Practice,Not Admission,,15
574-42-7411,11/09/2023,3:13:00 pm,K. Sharpless,Female,21,Asian,None,Admission,7,31
749-06-8527,11/09/2023,1:50:00 pm,L. Semens,Male,41,African American,General Practice,Admission,,60
442-19-9879,11/09/2023,4:31:00 pm,I. Summergill,Male,78,African American,Neurology,Not Admission,,20
852-82-9914,11/09/2023,5:45:00 am,X. Piffe,Female,41,White,None,Not Admission,,41
712-44-5959,11/09/2023,9:15:00 pm,N. Reichert,Male,5,White,General Practice,Not Admission,,41
551-01-4099,11/09/2023,6:23:00 am,G. Meconi,Female,5,Native American/Alaska Native,None,Admission,9,51
760-71-3160,11/09/2023,9:53:00 am,W. Wray,Male,18,White,General Practice,Not Admission,5,20
411-64-9516,11/08/2024,12:24:00 pm,I. Gehringer,Female,62,Asian,None,Admission,,14
578-70-1520,11/08/2024,1:53:00 am,Q. Stanworth,Male,77,Asian,General Practice,Not Admission,0,58
345-08-3538,11/08/2024,9:22:00 pm,Y. Colchett,Female,45,Two or More Races,General Practice,Not Admission,,56
672-38-5049,11/08/2024,6:38:00 am,G. Ranger,Female,61,African American,None,Not Admission,,39
326-32-9009,11/08/2024,5:05:00 am,Q. Brechin,Male,4,Two or More Races,General Practice,Not Admission,,25
632-25-9926,11/08/2024,6:21:00 am,P. Bugby,Male,25,White,None,Admission,,14
207-09-3254,11/08/2024,11:24:00 pm,J. Chatel,Male,61,African American,None,Not Admission,,45
431-60-6906,11/08/2024,11:56:00 pm,V. Shasnan,Male,1,Native American/Alaska Native,None,Admission,,31
425-76-5422,11/08/2024,12:01:00 pm,E. Knell,Male,55,African American,None,Not Admission,,33
655-89-8382,11/08/2024,9:59:00 am,I. Kellett,Female,69,African American,None,Admission,,18
439-58-8420,11/08/2024,1:44:00 am,D. Giron,Male,73,White,Physiotherapy,Not Admission,3,34
832-47-0142,11/08/2024,6:18:00 am,T. Summerton,Male,22,Pacific Islander,None,Admission,,23
487-25-9893,11/08/2024,7:01:00 pm,N. Keston,Male,52,African American,None,Not Admission,5,54
737-87-2672,11/08/2024,5:23:00 am,R. Arniz,Female,32,White,General Practice,Not Admission,,27
658-77-0611,11/08/2024,9:39:00 pm,V. Gittens,Female,49,Asian,General Practice,Admission,,58
589-47-6817,11/08/2024,6:30:00 am,Q. Haszard,Female,36,Two or More Races,None,Not Admission,,48
690-16-9413,11/08/2023,1:32:00 am,Q. Allan,Female,27,Two or More Races,None,Admission,,10
899-89-7946,11/08/2023,6:18:00 am,C. Bocke,Male,62,African American,General Practice,Not Admission,,59
609-54-3148,11/08/2023,5:35:00 pm,E. Murfin,Female,66,Asian,None,Admission,,44
652-77-9755,11/08/2023,1:20:00 am,J. Chamberlin,Male,44,African American,General Practice,Admission,,16
151-79-4805,11/08/2023,11:19:00 pm,N. Monelle,Male,48,Two or More Races,General Practice,Not Admission,,26
869-64-3032,11/08/2023,12:17:00 pm,U. Karus,Male,16,Two or More Races,None,Admission,,27
575-68-6070,11/08/2023,9:59:00 pm,R. Ebbitt,Male,36,Asian,General Practice,Admission,,25
829-58-0293,11/08/2023,10:54:00 am,T. Bausor,Male,47,Declined to Identify,None,Not Admission,,31
119-69-8577,11/08/2023,1:15:00 pm,N. Glennon,Female,36,African American,None,Admission,,26
447-73-8414,11/08/2023,12:37:00 pm,H. Poulsen,Male,11,White,None,Admission,,18
337-61-9280,11/08/2023,10:30:00 pm,J. Sneath,Male,64,Declined to Identify,None,Admission,,17
496-69-3161,11/08/2023,1:22:00 am,A. Shark,Female,48,Declined to Identify,None,Not Admission,,49
371-22-5842,11/08/2023,6:45:00 am,B. O'Hearn,Female,75,African American,None,Admission,,51
517-52-9662,11/08/2023,11:33:00 pm,U. Birkenhead,Male,59,White,None,Not Admission,,18
821-49-1763,11/08/2023,9:51:00 am,V. Bullent,Female,68,Declined to Identify,None,Admission,3,34
829-83-5259,11/08/2023,2:00:00 pm,E. Verdy,Male,25,African American,Orthopedics,Admission,,59
526-34-7706,11/07/2024,11:09:00 am,G. Moulin,Female,54,Pacific Islander,None,Admission,,30
155-08-4866,11/07/2024,9:37:00 pm,Q. MacConnal,Female,30,Asian,None,Admission,,26
806-98-7631,11/07/2024,8:05:00 pm,F. Harbord,Male,62,African American,None,Not Admission,,34
128-04-8702,11/07/2024,4:39:00 pm,U. Albion,Female,68,African American,General Practice,Not Admission,10,34
608-51-4964,11/07/2024,2:22:00 am,V. Fyers,Female,3,White,None,Admission,1,51
704-38-7358,11/07/2024,4:17:00 am,N. Lambard,Female,41,White,General Practice,Not Admission,,27
292-95-6291,11/07/2024,5:49:00 pm,H. Walkling,Male,65,African American,None,Not Admission,8,31
224-37-3281,11/07/2024,10:36:00 pm,W. Lacotte,Male,18,African American,Gastroenterology,Not Admission,,37
373-37-3790,11/07/2024,11:07:00 pm,J. Sumers,Male,67,Two or More Races,None,Not Admission,3,56
816-20-1565,11/07/2024,6:35:00 am,T. Conyard,Female,9,African American,General Practice,Not Admission,,31
794-84-7228,11/07/2024,6:23:00 pm,U. Greed,Male,48,Two or More Races,None,Admission,,22
185-10-7325,11/07/2024,9:22:00 pm,I. Sibery,Female,59,Native American/Alaska Native,Cardiology,Admission,10,21
699-94-6597,11/07/2024,12:12:00 pm,K. Basey,Male,52,Declined to Identify,Cardiology,Not Admission,,45
784-60-3129,11/07/2024,6:48:00 am,E. Willers,Male,52,Declined to Identify,General Practice,Admission,7,16
304-16-6136,11/07/2024,3:42:00 am,U. Folomkin,Female,52,White,None,Not Admission,,37
648-42-6604,11/07/2023,3:15:00 pm,H. Cherm,Female,14,African American,Orthopedics,Admission,,51
471-26-6540,11/07/2023,8:27:00 am,D. Cruden,Male,15,Declined to Identify,General Practice,Admission,0,60
787-79-0546,11/07/2023,2:35:00 am,Y. Rasch,Female,63,White,General Practice,Admission,0,36
844-61-5242,11/07/2023,8:49:00 pm,Q. Berkelay,Male,78,Two or More Races,Neurology,Admission,,23
183-37-9410,11/07/2023,11:29:00 pm,W. Elener,Male,32,Native American/Alaska Native,None,Admission,7,12
562-21-7626,11/07/2023,6:42:00 am,D. Cumming,Female,21,Two or More Races,None,Admission,,45
669-83-2459,11/07/2023,6:00:00 am,N. Boddington,Male,39,Two or More Races,None,Not Admission,,19
767-85-5226,11/07/2023,3:07:00 pm,J. Zoppo,Male,11,Two or More Races,None,Admission,,15
716-73-0115,11/07/2023,12:02:00 am,U. Lillecrop,Female,32,Declined to Identify,None,Not Admission,,29
230-08-3256,11/07/2023,9:11:00 am,Q. Spaice,Male,35,White,General Practice,Admission,10,35
176-04-1535,11/07/2023,5:35:00 pm,Z. Ketcher,Male,18,Two or More Races,None,Not Admission,,45
516-70-7067,11/07/2023,5:23:00 pm,C. McCahill,Female,17,Declined to Identify,None,Admission,,18
291-99-8598,11/07/2023,10:52:00 pm,G. Hogbin,Male,11,Native American/Alaska Native,Cardiology,Not Admission,,50
153-49-7320,11/07/2023,1:16:00 am,O. Rabley,Male,46,Declined to Identify,None,Admission,,33
692-57-0575,11/07/2023,6:44:00 pm,X. Skillington,Female,60,Native American/Alaska Native,General Practice,Admission,3,13
360-57-7022,11/07/2023,7:20:00 am,Z. Reneke,Male,19,African American,None,Not Admission,,17
152-47-3239,11/07/2023,2:57:00 am,Y. Reinger,Male,50,White,None,Not Admission,7,14
370-55-2291,11/06/2024,11:22:00 am,X. Mc Trusty,Female,40,Two or More Races,None,Admission,1,51
481-53-7133,11/06/2024,7:28:00 am,X. Willoughey,Male,4,Two or More Races,None,Admission,4,18
809-80-6025,11/06/2024,5:23:00 pm,B. Ivy,Male,57,African American,None,Admission,6,20
726-10-5465,11/06/2024,6:37:00 am,E. Vooght,Female,43,White,Gastroenterology,Not Admission,,46
385-06-1474,11/06/2024,11:23:00 am,O. Dysart,Female,36,African American,None,Admission,,44
166-14-0422,11/06/2024,6:03:00 pm,L. Cawte,Female,50,African American,None,Admission,6,21
659-59-5114,11/06/2024,7:25:00 am,Y. Oakden,Male,18,Declined to Identify,None,Admission,,59
604-72-2115,11/06/2024,9:11:00 pm,M. Kinghorn,Female,32,White,None,Not Admission,,37
216-23-9901,11/06/2024,7:36:00 am,F. Alphonso,Female,60,Two or More Races,None,Not Admission,3,44
307-89-1652,11/06/2024,1:55:00 am,D. Eglese,Male,3,White,None,Admission,10,54
826-42-1468,11/06/2024,4:45:00 pm,L. Mildenhall,Female,71,African American,None,Admission,,19
504-68-7812,11/06/2024,5:52:00 pm,Y. Cawthorn,Male,75,Declined to Identify,None,Admission,,24
684-50-5707,11/06/2024,8:06:00 pm,H. Delort,Female,60,Native American/Alaska Native,None,Admission,1,46
479-41-7486,11/06/2024,10:47:00 am,U. Weyland,Male,35,Native American/Alaska Native,None,Admission,,46
501-21-0272,11/06/2024,12:05:00 am,S. Hearl,Female,43,White,None,Admission,,18
730-36-4244,11/06/2024,6:16:00 pm,M. Cade,Female,26,Asian,None,Not Admission,,52
102-20-6596,11/06/2024,7:06:00 pm,V. Asson,Female,69,African American,General Practice,Not Admission,0,33
876-71-2417,11/06/2023,9:01:00 am,B. Gladebeck,Female,6,White,Orthopedics,Not Admission,2,56
508-84-3647,11/06/2023,1:43:00 pm,Z. Sigfrid,Male,53,Declined to Identify,General Practice,Not Admission,,50
451-83-7227,11/06/2023,5:54:00 pm,D. Levy,Female,19,Two or More Races,Orthopedics,Admission,10,42
899-65-7826,11/06/2023,11:39:00 pm,Y. Allan,Male,26,White,Orthopedics,Admission,,42
606-25-1593,11/06/2023,7:38:00 pm,K. Somerfield,Male,69,Declined to Identify,Orthopedics,Not Admission,9,45
399-42-9314,11/06/2023,6:08:00 am,M. Heape,Male,36,White,None,Admission,,51
602-51-2635,11/06/2023,1:35:00 pm,H. Ruskin,Male,29,Two or More Races,Neurology,Not Admission,,57
839-10-4290,11/06/2023,1:53:00 am,T. Romeo,Male,52,Declined to Identify,None,Admission,4,10
670-40-9098,11/06/2023,12:34:00 pm,J. Davidge,Male,14,Asian,Orthopedics,Not Admission,8,50
595-86-7693,11/06/2023,3:12:00 pm,Z. Panter,Male,74,White,General Practice,Not Admission,,57
630-21-7470,11/06/2023,6:10:00 am,I. Crisp,Male,37,Declined to Identify,None,Not Admission,,36
428-19-8362,11/06/2023,1:38:00 pm,V. Seviour,Female,71,Two or More Races,None,Not Admission,,59
491-12-1945,11/06/2023,7:09:00 pm,G. Hentzeler,Male,24,African American,None,Not Admission,,30
843-42-9690,11/06/2023,6:23:00 am,L. Mariner,Male,32,White,None,Admission,,50
417-60-6491,11/06/2023,9:21:00 am,E. Creegan,Male,11,African American,General Practice,Admission,,58
473-53-0515,11/06/2023,11:49:00 pm,J. Limrick,Male,31,African American,None,Not Admission,4,42
120-16-5066,11/06/2023,8:18:00 am,E. Farny,Female,43,Declined to Identify,None,Admission,,38
242-25-0104,11/05/2024,9:27:00 am,V. Nestor,Female,57,African American,None,Admission,,15
759-80-0475,11/05/2024,9:50:00 pm,G. Gould,Male,51,White,General Practice,Not Admission,,27
628-49-9090,11/05/2024,7:28:00 pm,N. Quantrill,Female,29,Native American/Alaska Native,None,Admission,5,30
412-29-6293,11/05/2024,3:52:00 pm,J. Gianneschi,Femaleemale,76,Two or More Races,Gastroenterology,Admission,,34
506-78-3537,11/05/2024,9:38:00 am,I. Bullcock,Female,39,African American,None,Not Admission,,10
800-16-9268,11/05/2024,11:51:00 pm,E. Coulthard,Male,68,African American,None,Not Admission,,24
400-48-7366,11/05/2024,3:33:00 am,H. Mattioli,Female,64,African American,None,Admission,9,32
345-35-5116,11/05/2024,11:05:00 pm,Y. Jahnisch,Female,42,White,None,Admission,5,50
271-06-3676,11/05/2024,9:28:00 am,A. Reisen,Female,32,Declined to Identify,None,Not Admission,,18
858-24-9963,11/05/2024,9:11:00 am,K. Golds,Female,60,White,None,Admission,7,25
717-12-1341,11/05/2024,1:36:00 am,K. Pywell,Male,46,African American,None,Not Admission,,17
139-35-0163,11/05/2024,5:14:00 am,Q. Kynoch,Male,53,Two or More Races,None,Admission,,43
832-02-4384,11/05/2024,10:25:00 pm,X. Thwaite,Male,56,Two or More Races,None,Not Admission,,51
745-61-1116,11/05/2023,5:44:00 am,C. Humpage,Female,75,White,General Practice,Not Admission,,47
208-89-0119,11/05/2023,3:28:00 am,R. Plane,Female,54,Asian,None,Not Admission,,50
362-68-6096,11/05/2023,4:41:00 pm,Q. Sola,Male,73,African American,None,Not Admission,,39
133-23-1511,11/05/2023,11:28:00 am,M. Crux,Male,25,African American,General Practice,Admission,,49
116-34-3247,11/05/2023,2:13:00 pm,A. Rainsbury,Male,10,Two or More Races,None,Admission,,50
465-37-0015,11/05/2023,8:01:00 am,C. Rothery,Female,57,Declined to Identify,General Practice,Not Admission,1,15
754-26-1685,11/05/2023,6:00:00 pm,A. Reckless,Female,45,Declined to Identify,None,Not Admission,,57
621-38-3484,11/05/2023,7:36:00 am,D. Abbatt,Female,70,Two or More Races,General Practice,Admission,,12
691-01-5879,11/05/2023,7:05:00 pm,Z. Lefley,Female,60,Two or More Races,General Practice,Not Admission,,26
644-58-7967,11/05/2023,12:58:00 pm,B. Ducroe,Female,27,White,Cardiology,Admission,,11
199-62-2068,11/05/2023,8:29:00 am,Z. Kubu,Male,43,Asian,None,Not Admission,2,22
122-16-6072,11/05/2023,2:27:00 am,V. Gurnay,Male,54,White,None,Not Admission,,60
873-15-6021,11/05/2023,10:47:00 pm,X. Yerson,Female,51,Pacific Islander,None,Admission,2,20
447-95-3661,11/05/2023,1:46:00 pm,X. Upchurch,Male,25,Native American/Alaska Native,General Practice,Admission,,10
229-16-0094,11/05/2023,7:02:00 pm,E. Payle,Male,63,Two or More Races,Cardiology,Admission,7,56
662-75-3787,11/05/2023,3:45:00 am,R. Eates,Female,33,Asian,General Practice,Not Admission,10,37
331-25-4113,11/05/2023,12:20:00 am,A. Ettridge,Male,28,Pacific Islander,None,Admission,,14
742-47-1941,11/05/2023,9:44:00 pm,Q. Lundbech,Female,3,White,None,Admission,,30
314-49-8117,11/04/2024,4:37:00 am,V. Joss,Male,18,White,None,Admission,,26
422-40-6058,11/04/2024,6:43:00 am,R. Hele,Female,38,Declined to Identify,None,Not Admission,,19
795-71-2961,11/04/2024,9:32:00 am,J. Englishby,Female,39,Native American/Alaska Native,General Practice,Not Admission,,16
844-39-7915,11/04/2024,5:42:00 am,K. Tilford,Male,71,White,General Practice,Not Admission,,39
809-57-0960,11/04/2024,3:37:00 pm,V. Gurton,Female,49,Two or More Races,General Practice,Admission,,39
293-76-2040,11/04/2024,1:26:00 am,I. Samet,Male,26,White,General Practice,Not Admission,,22
727-21-8996,11/04/2024,1:21:00 am,F. Bulch,Male,73,African American,None,Not Admission,2,58
812-87-5553,11/04/2024,5:31:00 pm,P. Matuszkiewicz,Male,68,Asian,None,Admission,,39
709-85-1189,11/04/2024,6:48:00 am,W. Sibery,Male,11,African American,None,Admission,,29
630-15-2305,11/04/2024,3:33:00 pm,V. Komorowski,Female,54,White,None,Admission,,27
226-44-1067,11/04/2024,11:03:00 pm,L. Antoniutti,Male,15,White,Physiotherapy,Admission,,49
103-89-7991,11/04/2024,10:13:00 am,U. Cranmore,Female,74,Pacific Islander,Physiotherapy,Not Admission,,34
746-94-4167,11/04/2024,2:05:00 am,M. Byatt,Male,55,African American,None,Not Admission,,55
543-41-5786,11/04/2024,7:05:00 am,I. Delooze,Female,36,Pacific Islander,Cardiology,Admission,4,50
787-26-4744,11/04/2024,1:53:00 am,S. Childe,Male,56,African American,General Practice,Admission,1,58
153-47-5777,11/04/2024,5:10:00 am,T. Gardner,Male,20,White,None,Admission,,49
286-53-3539,11/04/2023,11:09:00 am,V. Membry,Female,30,Two or More Races,None,Admission,,46
713-60-5418,11/04/2023,5:02:00 pm,H. Gilliam,Male,54,Asian,None,Admission,,52
366-08-8943,11/04/2023,10:55:00 am,H. Bubeer,Female,36,Asian,General Practice,Admission,,40
814-09-6431,11/04/2023,1:15:00 pm,F. Barstock,Male,67,African American,General Practice,Not Admission,,11
421-08-1967,11/04/2023,9:20:00 am,B. Mahmood,Male,57,Asian,General Practice,Not Admission,,48
347-27-1017,11/04/2023,7:31:00 am,J. Pull,Female,19,Two or More Races,General Practice,Not Admission,,27
267-84-6280,11/04/2023,8:19:00 am,L. Rising,Female,57,Two or More Races,Cardiology,Admission,10,47
496-71-2879,11/04/2023,9:06:00 pm,J. Braham,Female,1,Two or More Races,Gastroenterology,Admission,6,21
840-59-8475,11/04/2023,3:41:00 am,V. Romeo,Male,61,Asian,General Practice,Admission,8,50
204-94-7733,11/04/2023,10:55:00 pm,V. Newband,Male,50,Two or More Races,Orthopedics,Not Admission,,51
241-39-9857,11/04/2023,5:14:00 am,U. Petett,Male,23,Native American/Alaska Native,General Practice,Not Admission,,57
414-99-7136,11/04/2023,4:15:00 pm,R. Tirrey,Male,51,White,None,Admission,2,53
142-10-3821,11/04/2023,9:35:00 pm,U. Oxenham,Female,3,Declined to Identify,General Practice,Not Admission,,24
342-18-9585,11/04/2023,10:53:00 pm,Q. Faichney,Female,52,White,None,Admission,,43
762-64-4163,11/04/2023,12:51:00 am,T. Cookson,Female,73,Pacific Islander,None,Admission,,16
683-70-1477,11/04/2023,1:49:00 pm,J. MacLese,Female,51,Declined to Identify,General Practice,Not Admission,,53
647-70-1937,11/04/2023,3:29:00 am,X. Benzing,Female,36,Two or More Races,None,Admission,,26
868-61-4528,11/03/2024,11:18:00 am,P. Merriman,Female,6,African American,None,Admission,,51
383-99-2729,11/03/2024,8:36:00 am,P. Waymont,Male,77,Two or More Races,None,Admission,0,43
487-28-9451,11/03/2024,7:31:00 am,G. Rominov,Male,17,Declined to Identify,General Practice,Not Admission,,32
669-74-2146,11/03/2024,5:06:00 pm,C. Bilby,Female,58,Declined to Identify,Orthopedics,Not Admission,,55
519-99-8494,11/03/2024,4:39:00 pm,H. Malster,Female,56,Two or More Races,None,Admission,7,60
455-30-9819,11/03/2024,8:00:00 am,R. Gurnell,Male,45,Declined to Identify,Neurology,Admission,,42
288-58-9865,11/03/2024,4:09:00 pm,U. Hawkin,Male,59,African American,General Practice,Not Admission,,51
762-01-0784,11/03/2024,1:07:00 pm,Q. Brocks,Female,25,White,General Practice,Admission,,60
212-14-9787,11/03/2024,6:02:00 pm,R. Holhouse,Female,1,White,None,Admission,,41
306-24-6121,11/03/2024,12:06:00 am,M. Cocks,Male,68,Two or More Races,None,Admission,,54
600-60-0546,11/03/2024,8:38:00 am,W. Cusick,Female,55,White,None,Admission,8,41
721-80-6855,11/03/2024,5:27:00 am,Y. Borgne,Male,67,Two or More Races,General Practice,Admission,,25
658-55-7464,11/03/2024,10:58:00 am,O. Sainte Paul,Male,26,African American,General Practice,Not Admission,,22
548-77-4672,11/03/2024,9:23:00 am,G. Vamplers,Male,57,Declined to Identify,None,Not Admission,,43
829-75-6831,11/03/2024,9:11:00 pm,Z. McColley,Female,35,African American,None,Admission,,28
472-41-8672,11/03/2024,2:28:00 pm,T. McGrah,Male,52,Declined to Identify,None,Admission,4,39
436-13-7446,11/03/2024,1:06:00 am,Z. Rudyard,Male,11,Asian,None,Not Admission,,17
613-68-5042,11/03/2024,2:37:00 pm,B. Millmoe,Male,66,Declined to Identify,None,Admission,,53
403-95-6018,11/03/2024,7:20:00 am,V. Kingswell,Male,64,Asian,None,Not Admission,0,42
362-70-5793,11/03/2024,2:16:00 am,X. Ragborne,Female,52,Two or More Races,None,Not Admission,,42
684-32-0338,11/02/2024,12:02:00 pm,J. Jedrysik,Female,8,Two or More Races,General Practice,Not Admission,,26
187-98-7243,11/02/2024,9:37:00 pm,M. Hessle,Male,38,Declined to Identify,General Practice,Admission,,35
895-70-7727,11/02/2024,2:20:00 pm,Z. Yelden,Male,72,Pacific Islander,Orthopedics,Admission,9,47
388-34-2380,11/02/2024,1:32:00 am,E. Normanton,Female,46,African American,Orthopedics,Admission,,12
548-38-7756,11/02/2024,8:36:00 pm,L. Otham,Female,14,African American,General Practice,Not Admission,,40
875-86-2290,11/02/2024,12:21:00 pm,Y. Hawarden,Female,30,African American,None,Not Admission,,19
582-90-6970,11/02/2024,8:15:00 pm,E. Biles,Female,74,Two or More Races,None,Not Admission,,47
678-92-5624,11/02/2024,7:59:00 pm,X. Fermoy,Female,8,African American,None,Admission,,47
276-38-4682,11/02/2024,11:23:00 pm,O. Theodore,Female,13,Declined to Identify,Cardiology,Not Admission,,40
315-47-9666,11/02/2024,1:19:00 pm,A. Gransden,Female,72,White,None,Admission,,49
562-95-1851,11/02/2024,1:22:00 am,O. Daber,Male,74,White,Orthopedics,Not Admission,,53
588-44-5318,11/02/2024,5:29:00 am,Y. Challenor,Male,59,African American,General Practice,Admission,,40
587-35-6481,11/02/2024,11:52:00 pm,M. Anfossi,Male,79,Declined to Identify,None,Not Admission,2,33
748-48-5657,11/02/2024,5:50:00 am,L. Plunket,Male,74,Declined to Identify,None,Admission,,49
660-87-6404,11/02/2024,6:11:00 pm,R. Nortcliffe,Male,33,White,General Practice,Not Admission,,24
733-21-0718,11/12/2023,8:17:00 pm,E. McLoney,Female,61,White,Orthopedics,Not Admission,8,13
596-01-0068,11/12/2023,12:00:00 am,E. Brazener,Male,60,African American,Cardiology,Not Admission,4,58
145-56-8675,11/12/2023,4:48:00 pm,S. De Benedictis,Male,27,White,None,Not Admission,,27
762-40-4019,11/12/2023,9:37:00 am,J. Huntly,Male,15,Asian,General Practice,Admission,,22
245-91-2609,11/12/2023,6:06:00 am,E. Snoddon,Male,59,Two or More Races,None,Not Admission,,48
144-83-2680,11/12/2023,10:16:00 am,G. Androlli,Male,60,Declined to Identify,General Practice,Admission,,20
426-38-4934,11/12/2023,3:02:00 am,M. Leander,Male,59,African American,None,Not Admission,,33
282-19-0346,11/12/2023,9:14:00 am,Z. Dupree,Male,68,African American,Physiotherapy,Not Admission,,55
155-09-0503,11/12/2023,9:32:00 pm,P. Greenhalgh,Female,62,Pacific Islander,None,Not Admission,,58
787-98-6577,11/12/2023,1:31:00 pm,C. Wherry,Male,59,Native American/Alaska Native,General Practice,Admission,,15
636-90-5035,11/12/2023,8:40:00 pm,Q. Neggrini,Male,13,Asian,None,Admission,,34
844-95-3112,11/12/2023,1:23:00 pm,Y. Speechly,Male,61,Native American/Alaska Native,General Practice,Not Admission,,24
354-85-0711,11/12/2023,4:16:00 am,N. Cornelleau,Male,58,Two or More Races,None,Admission,,58
894-85-2431,11/12/2023,5:44:00 pm,R. Stainton - Skinn,Female,4,White,General Practice,Not Admission,,28
311-70-6319,11/12/2023,4:51:00 am,N. Swannack,Male,16,African American,None,Admission,,54
561-60-1178,11/12/2023,2:23:00 pm,C. Speedin,Female,72,Declined to Identify,None,Admission,5,12
752-34-8096,11/11/2023,2:28:00 pm,W. Burnet,Male,57,Pacific Islander,Physiotherapy,Not Admission,,59
429-95-4610,11/11/2023,2:53:00 pm,H. Knowlys,Male,14,African American,Cardiology,Not Admission,,22
736-08-9674,11/11/2023,1:24:00 pm,E. Itscowicz,Female,1,African American,None,Admission,,48
472-72-8473,11/11/2023,10:32:00 pm,A. Kildahl,Female,23,African American,None,Not Admission,9,54
368-97-6319,11/11/2023,6:24:00 pm,S. Daughtery,Female,61,African American,None,Not Admission,,24
559-16-3603,11/11/2023,7:21:00 am,B. Lewton,Male,12,Asian,None,Admission,10,34
532-56-5183,11/11/2023,3:59:00 am,H. Verrick,Male,5,Two or More Races,None,Admission,,60
574-67-5283,11/11/2023,10:42:00 am,U. Gilfether,Male,31,Declined to Identify,None,Not Admission,7,53
121-61-4569,11/11/2023,2:18:00 pm,T. Duffet,Female,67,White,None,Admission,,28
208-45-8047,11/11/2023,8:37:00 am,A. Pickton,Female,37,Declined to Identify,Gastroenterology,Not Admission,,57
325-51-1348,11/11/2023,12:10:00 am,C. Wiltsher,Male,33,White,Orthopedics,Admission,,37
333-38-6115,11/11/2023,10:03:00 pm,J. Langston,Male,52,Declined to Identify,General Practice,Not Admission,3,22
133-59-7490,11/10/2024,5:31:00 am,N. Hardy-Piggin,Male,58,African American,None,Not Admission,,54
386-69-5532,11/10/2024,4:38:00 am,D. Chapelhow,Female,65,White,General Practice,Not Admission,,25
813-15-4119,11/10/2024,9:22:00 pm,O. Valentetti,Male,20,Declined to Identify,General Practice,Admission,6,19
631-01-2994,11/10/2024,6:53:00 pm,H. Guinan,Male,67,White,Orthopedics,Admission,,20
602-47-8260,11/10/2024,9:50:00 am,B. Emloch,Male,52,African American,Orthopedics,Not Admission,,38
650-57-7841,11/10/2024,4:33:00 am,J. Gladwish,Female,47,Two or More Races,Neurology,Not Admission,,30
312-12-5886,11/10/2024,8:16:00 am,B. Patemore,Female,36,White,General Practice,Not Admission,,36
351-71-9604,11/10/2024,6:52:00 am,B. Kearney,Male,75,White,None,Admission,,15
518-52-9027,11/10/2024,12:12:00 pm,I. Morsley,Female,65,African American,None,Not Admission,,45
275-97-9757,11/10/2024,11:11:00 am,S. Alkin,Female,59,African American,None,Not Admission,2,13
410-03-2700,11/10/2024,3:27:00 pm,S. Hempshall,Male,8,Two or More Races,Neurology,Not Admission,,29
889-96-0217,11/10/2024,5:25:00 am,X. Fishbourne,Male,40,Two or More Races,None,Admission,,38
688-94-0633,11/10/2024,6:46:00 am,M. Buttress,Male,65,African American,None,Admission,,29
344-56-0209,11/10/2024,7:36:00 am,G. Yeaman,Male,1,White,None,Admission,,41
606-58-0499,11/10/2024,11:37:00 pm,P. Connett,Female,76,African American,None,Not Admission,,47
807-77-5028,11/10/2024,11:12:00 am,S. Shasnan,Male,30,African American,None,Not Admission,,12
385-79-2506,11/10/2024,8:23:00 am,K. Haile,Male,57,White,Orthopedics,Not Admission,10,15
887-69-1907,11/10/2024,12:33:00 pm,A. Dowker,Female,35,Asian,Orthopedics,Admission,,27
452-96-1280,11/10/2024,7:53:00 pm,C. Paolucci,Female,33,African American,None,Admission,,39
609-17-8678,11/10/2024,5:25:00 am,M. Crebo,Male,62,African American,None,Not Admission,,51
180-98-5818,11/10/2024,5:32:00 am,V. Southall,Female,18,African American,General Practice,Admission,,59
545-54-6359,11/10/2024,1:35:00 am,L. Buttner,Male,60,Declined to Identify,General Practice,Not Admission,,51
389-46-5464,11/10/2024,12:27:00 am,F. Gateman,Male,9,Pacific Islander,None,Not Admission,4,39
753-83-3567,11/10/2023,10:12:00 pm,L. Ellett,Female,37,Two or More Races,None,Admission,,19
536-60-6147,11/10/2023,7:36:00 am,O. Caberas,Female,76,African American,None,Admission,,23
624-71-9493,11/10/2023,1:56:00 am,X. Leake,Femaleemale,53,White,None,Not Admission,,21
783-31-0633,11/10/2023,7:57:00 am,C. Ughini,Male,74,African American,None,Not Admission,,42
496-23-9655,11/10/2023,3:24:00 am,X. Maffin,Female,15,Declined to Identify,General Practice,Admission,9,15
842-53-5450,11/10/2023,5:26:00 pm,P. Ruperti,Female,68,African American,None,Admission,,54
318-13-3726,11/10/2023,3:31:00 pm,S. Murray,Female,71,White,None,Admission,4,21
852-08-4548,11/10/2023,5:26:00 pm,F. Hardisty,Female,76,African American,Orthopedics,Admission,,40
633-74-7415,11/10/2023,12:34:00 pm,O. Amor,Female,17,White,None,Admission,4,37
864-39-8168,11/10/2023,11:17:00 am,S. Alywen,Female,67,White,None,Not Admission,1,28
867-67-1720,11/10/2023,5:34:00 pm,A. Delete,Male,14,Native American/Alaska Native,None,Not Admission,,18
594-14-9127,11/10/2023,5:21:00 am,X. Bleas,Female,41,African American,None,Admission,,45
639-02-4514,11/10/2023,2:51:00 am,R. Jobbins,Female,27,White,None,Not Admission,10,60
260-14-4032,11/10/2023,4:46:00 pm,W. Rustan,Male,53,White,None,Admission,,51
503-09-9421,11/10/2023,11:17:00 am,L. Ley,Male,79,White,None,Not Admission,,60
832-36-7335,11/10/2023,1:56:00 am,J. Landrick,Female,29,Asian,None,Not Admission,6,52
599-12-3787,11/10/2023,7:35:00 am,S. Polding,Female,25,African American,None,Not Admission,3,35
420-73-7015,11/10/2023,8:23:00 am,T. Stenner,Male,79,Pacific Islander,Neurology,Not Admission,,15
410-24-9561,11/10/2023,11:43:00 am,A. Sayse,Male,53,Asian,None,Admission,,26
535-70-6724,11/10/2023,10:49:00 am,Y. Everett,Female,11,White,Orthopedics,Not Admission,,32
267-10-5957,11/01/2024,8:49:00 pm,O. Guslon,Female,26,Asian,None,Admission,,14
445-10-8118,11/01/2024,2:13:00 am,E. Dax,Female,8,White,None,Admission,,10
283-38-5208,11/01/2024,6:19:00 am,N. Pleass,Male,58,African American,None,Admission,,26
889-02-1595,11/01/2024,6:01:00 pm,R. Cawcutt,Female,12,White,None,Admission,,53
723-96-0625,11/01/2024,11:51:00 am,W. Baythrop,Female,39,African American,General Practice,Not Admission,,23
894-34-4848,11/01/2024,3:54:00 am,I. Bedborough,Female,11,Asian,None,Not Admission,,23
448-62-7896,11/01/2024,12:41:00 pm,P. Bruins,Male,77,Declined to Identify,None,Admission,4,44
388-56-6915,11/01/2024,7:08:00 pm,U. Feather,Female,38,African American,None,Not Admission,,36
774-89-5184,11/01/2024,10:34:00 am,V. Bourdice,Male,6,White,General Practice,Not Admission,,44
423-67-7757,11/01/2024,2:14:00 pm,Y. Seagrave,Female,66,African American,Orthopedics,Admission,,60
382-18-5399,11/01/2024,10:22:00 pm,B. Assiratti,Male,42,Declined to Identify,None,Admission,10,57
547-45-4774,11/01/2024,8:01:00 am,B. Akaster,Male,25,White,None,Not Admission,,49
660-02-3659,11/01/2024,2:10:00 pm,N. Danilchik,Male,60,Two or More Races,None,Admission,4,27
842-87-0322,10/09/2024,7:42:00 am,H. Martindale,Male,76,African American,None,Not Admission,,36
597-02-5455,10/09/2024,6:36:00 am,M. Schleicher,Female,5,African American,Orthopedics,Admission,,30
753-19-0249,10/09/2024,11:58:00 pm,Y. Arthars,Male,17,White,None,Not Admission,,25
810-82-1197,10/09/2024,6:22:00 am,F. Mabbitt,Male,52,Pacific Islander,None,Admission,,55
411-41-2276,10/09/2024,4:33:00 am,S. Bygreaves,Male,7,Declined to Identify,None,Not Admission,,36
864-61-2647,10/09/2024,8:45:00 pm,X. Bonnesen,Male,35,Two or More Races,Orthopedics,Admission,5,16
307-79-4993,10/09/2024,2:35:00 am,N. Tortoishell,Female,8,African American,General Practice,Not Admission,,36
844-85-1514,10/09/2024,11:04:00 am,N. Pleager,Male,20,African American,None,Not Admission,9,17
645-32-3397,10/09/2024,5:13:00 am,L. Harrald,Female,3,African American,None,Admission,,42
237-45-7615,10/09/2024,8:17:00 pm,S. Rollitt,Male,58,White,None,Not Admission,,19
164-11-5953,10/09/2024,9:29:00 pm,P. Vardie,Female,41,African American,General Practice,Admission,,51
378-24-4152,10/09/2024,12:07:00 am,I. Attwoul,Male,48,Pacific Islander,None,Not Admission,,35
384-72-1340,10/09/2024,12:18:00 pm,P. Duester,Female,15,Asian,Orthopedics,Admission,,55
818-20-9986,10/09/2023,3:24:00 am,B. Emanuele,Female,30,Asian,Renal,Not Admission,,10
827-11-0047,10/09/2023,7:28:00 am,Y. Hatherleigh,Male,69,White,None,Admission,,46
843-36-4800,10/09/2023,7:02:00 pm,N. Guiett,Female,42,African American,None,Not Admission,3,13
384-30-2755,10/09/2023,7:58:00 am,U. Widdocks,Male,39,White,None,Not Admission,,21
759-48-2045,10/09/2023,6:13:00 am,K. Kerbey,Male,50,White,None,Admission,6,22
324-34-8824,10/09/2023,10:45:00 pm,S. Quincey,Male,57,African American,None,Not Admission,,34
570-63-3288,10/09/2023,12:10:00 pm,V. Gogarty,Male,12,African American,Orthopedics,Admission,,52
191-43-3101,10/09/2023,2:12:00 am,P. Keattch,Male,10,Asian,General Practice,Admission,0,16
272-26-4065,10/09/2023,9:05:00 pm,W. Girodon,Male,3,Asian,Neurology,Admission,,13
637-94-0312,10/09/2023,7:44:00 am,Y. Pratten,Female,59,White,None,Not Admission,,16
116-09-9875,10/09/2023,2:58:00 pm,U. Baggs,Male,64,Asian,None,Admission,1,30
793-79-7063,10/09/2023,4:04:00 am,O. Cunnell,Female,66,Pacific Islander,None,Admission,,21
629-51-6493,10/09/2023,10:47:00 pm,S. Tippings,Male,2,Declined to Identify,Orthopedics,Admission,,33
659-62-1017,10/09/2023,3:22:00 am,G. Ginnety,Male,16,Two or More Races,None,Admission,,29
701-63-6274,10/09/2023,11:37:00 am,L. Vickers,Male,1,African American,None,Not Admission,,52
808-37-0659,10/09/2023,12:59:00 am,Y. Anfusso,Male,38,Two or More Races,General Practice,Not Admission,,46
875-73-1721,10/08/2024,1:02:00 am,A. Pitrelli,Male,31,Pacific Islander,None,Not Admission,,51
306-88-5651,10/08/2024,12:52:00 pm,P. McArte,Female,51,African American,None,Admission,,16
883-22-1946,10/08/2024,12:08:00 pm,P. Paulusch,Female,35,African American,None,Admission,,15
544-61-3704,10/08/2024,10:50:00 pm,V. Jennery,Female,28,Native American/Alaska Native,General Practice,Admission,,55
162-27-6936,10/08/2024,2:24:00 am,Z. Strood,Male,50,White,None,Admission,7,12
386-68-5391,10/08/2024,12:55:00 am,F. MacPaik,Female,27,Two or More Races,None,Not Admission,,19
542-80-3587,10/08/2024,8:41:00 am,N. Hazley,Male,67,Asian,Physiotherapy,Not Admission,,42
760-33-4176,10/08/2024,2:38:00 am,Q. Dear,Femaleemale,45,White,Orthopedics,Not Admission,,57
715-46-2216,10/08/2024,6:49:00 am,M. Breckenridge,Male,35,Asian,None,Not Admission,,59
266-60-4228,10/08/2024,12:23:00 pm,B. Balhatchet,Male,59,Asian,Neurology,Not Admission,,48
613-25-8167,10/08/2024,12:56:00 am,X. Southcott,Female,78,Asian,None,Admission,,24
450-09-5808,10/08/2024,10:43:00 pm,A. Saladine,Male,3,White,Orthopedics,Admission,,31
547-62-9847,10/08/2024,11:33:00 am,E. Mensler,Female,43,Declined to Identify,None,Admission,,57
253-96-6379,10/08/2024,5:40:00 pm,X. Aggus,Female,70,White,None,Admission,,38
881-39-8203,10/08/2024,11:50:00 pm,H. Woolens,Female,77,White,None,Not Admission,,27
265-67-6171,10/08/2024,6:37:00 pm,W. Tompkinson,Male,53,White,General Practice,Admission,,19
254-34-7286,10/08/2024,1:12:00 pm,Z. Sawl,Female,34,White,None,Not Admission,,38
372-61-0636,10/08/2024,3:27:00 pm,F. Threlkeld,Male,28,Asian,General Practice,Not Admission,,55
887-82-9940,10/08/2024,8:56:00 pm,J. Sealy,Male,60,White,Cardiology,Admission,,21
317-63-5565,10/08/2024,6:59:00 pm,Z. Berthelmot,Female,67,Native American/Alaska Native,None,Admission,,44
155-62-3819,10/08/2024,6:31:00 am,W. Kirkwood,Female,39,White,General Practice,Admission,7,53
735-74-1211,10/08/2024,2:28:00 pm,C. Rubinshtein,Male,23,White,None,Not Admission,,15
535-23-2938,10/08/2024,7:40:00 am,O. Scarfe,Female,75,Declined to Identify,General Practice,Not Admission,6,59
202-36-3749,10/08/2024,6:57:00 pm,P. Godwin,Male,59,White,None,Not Admission,,42
629-41-3758,10/08/2023,3:48:00 pm,N. Sporgeon,Male,41,Pacific Islander,None,Not Admission,,22
616-33-9502,10/08/2023,11:19:00 am,Q. McRoberts,Female,70,African American,General Practice,Not Admission,,60
335-24-1217,10/08/2023,10:26:00 am,Y. Boothman,Female,43,Pacific Islander,None,Admission,,50
750-20-0343,10/08/2023,5:07:00 am,F. Smullen,Male,36,African American,None,Admission,,14
306-12-0501,10/08/2023,4:51:00 pm,B. Korba,Female,5,Two or More Races,None,Admission,,37
338-36-9753,10/08/2023,2:06:00 am,W. Bierton,Female,36,Two or More Races,None,Not Admission,,55
206-69-0689,10/08/2023,9:38:00 pm,Z. Kenrat,Female,5,Two or More Races,None,Not Admission,1,36
571-01-1479,10/08/2023,12:40:00 am,N. Smallman,Male,21,Two or More Races,None,Not Admission,,21
205-08-0013,10/08/2023,8:07:00 pm,D. Korn,Male,30,African American,General Practice,Admission,,45
807-34-6476,10/08/2023,12:18:00 pm,L. Fender,Male,55,Two or More Races,None,Admission,,15
226-06-4231,10/08/2023,1:05:00 am,S. Brownsall,Female,26,Declined to Identify,None,Not Admission,,31
486-72-5476,10/08/2023,10:45:00 pm,I. Allnatt,Male,36,Asian,None,Not Admission,,27
240-48-1291,10/08/2023,9:02:00 pm,E. Bellchamber,Female,31,African American,None,Not Admission,,27
333-49-1175,10/08/2023,10:28:00 am,J. Frostdyke,Male,49,Pacific Islander,None,Admission,,41
354-84-2920,10/08/2023,10:34:00 pm,V. Lerwell,Male,35,African American,None,Admission,,43
739-65-5265,10/08/2023,11:21:00 am,Y. Blakeman,Male,12,White,None,Admission,3,26
683-91-0420,10/08/2023,1:56:00 am,J. Wedgwood,Female,1,Two or More Races,None,Admission,,36
536-83-0771,10/08/2023,1:08:00 pm,D. Antley,Male,16,Two or More Races,Orthopedics,Not Admission,,55
116-36-0093,10/08/2023,3:21:00 am,W. Gwilt,Male,40,Pacific Islander,None,Not Admission,,49
234-83-4671,10/08/2023,7:04:00 am,O. Kubera,Male,52,White,None,Admission,,23
156-45-0074,10/08/2023,9:46:00 pm,O. Lagde,Female,76,White,None,Not Admission,4,39
409-90-4444,10/08/2023,1:40:00 pm,Y. Eady,Male,65,African American,None,Admission,,35
775-47-1974,10/08/2023,5:00:00 pm,F. Luttger,Female,38,Two or More Races,None,Admission,1,59
240-68-0827,10/08/2023,5:33:00 pm,X. Daniel,Female,17,White,None,Admission,,25
699-87-8336,10/07/2024,7:14:00 pm,E. Denekamp,Female,19,African American,None,Not Admission,2,30
619-42-8131,10/07/2024,9:59:00 pm,L. MacCague,Female,47,White,None,Admission,3,33
696-86-5614,10/07/2024,12:32:00 pm,L. Winfrey,Female,44,Pacific Islander,Orthopedics,Admission,9,15
187-97-2013,10/07/2024,6:10:00 am,T. Gerault,Male,65,Two or More Races,None,Not Admission,0,47
849-76-4601,10/07/2024,6:41:00 am,G. MacUchadair,Male,5,African American,None,Not Admission,,21
425-53-3080,10/07/2024,12:09:00 am,D. Hardisty,Male,10,Two or More Races,General Practice,Admission,,13
868-41-4249,10/07/2024,2:30:00 am,H. Tuminini,Female,65,White,General Practice,Admission,,25
517-09-3692,10/07/2024,1:34:00 pm,U. Stanyland,Male,34,African American,Orthopedics,Not Admission,,58
236-18-8893,10/07/2024,11:43:00 am,E. Brimman,Male,65,African American,None,Admission,,28
506-80-3575,10/07/2024,12:11:00 pm,W. Patshull,Female,70,Two or More Races,None,Admission,,52
190-98-0234,10/07/2024,9:45:00 am,C. Poltone,Male,79,Asian,None,Admission,,52
728-34-1870,10/07/2024,2:24:00 am,W. Duester,Female,13,Native American/Alaska Native,Orthopedics,Not Admission,,30
736-54-2232,10/07/2024,8:34:00 pm,W. Yoxen,Female,56,Asian,None,Not Admission,,37
778-77-6945,10/07/2023,1:52:00 pm,M. Bradnick,Female,30,Native American/Alaska Native,Orthopedics,Admission,,56
174-22-5046,10/07/2023,12:57:00 pm,X. Driuzzi,Female,29,White,None,Not Admission,,23
354-50-5854,10/07/2023,5:00:00 pm,P. Llewellin,Male,31,White,Orthopedics,Not Admission,6,18
382-45-2464,10/07/2023,4:44:00 am,A. Ewen,Male,48,African American,None,Not Admission,,11
248-89-4575,10/07/2023,10:40:00 pm,I. Tosdevin,Male,39,Native American/Alaska Native,None,Not Admission,,27
230-03-7366,10/07/2023,9:48:00 am,N. Spadotto,Male,70,Native American/Alaska Native,None,Admission,,45
860-76-5490,10/07/2023,11:24:00 pm,W. Keyworth,Female,60,White,General Practice,Admission,,59
264-87-9312,10/07/2023,2:43:00 pm,Y. Goady,Male,3,White,General Practice,Admission,,17
766-80-1138,10/07/2023,1:50:00 pm,U. Monckman,Male,43,White,None,Admission,,58
394-06-7689,10/07/2023,10:25:00 pm,U. Castagnet,Male,36,Declined to Identify,Orthopedics,Not Admission,,50
155-22-9624,10/07/2023,3:13:00 am,O. Snodden,Male,69,White,None,Admission,,47
773-49-0669,10/07/2023,2:23:00 am,Q. Dunklee,Female,1,White,None,Admission,,32
350-75-4511,10/07/2023,1:28:00 pm,J. Hillhouse,Male,10,White,Neurology,Not Admission,,52
820-68-0040,10/07/2023,3:12:00 am,I. Pandya,Female,55,Asian,None,Not Admission,,34
824-90-7037,10/07/2023,6:31:00 am,X. Whalley,Female,25,Asian,Neurology,Not Admission,8,26
722-04-7671,10/07/2023,3:53:00 am,R. Mews,Male,46,Asian,None,Admission,9,17
234-46-1768,10/07/2023,8:42:00 pm,P. Libby,Male,4,African American,None,Not Admission,,22
402-45-4382,10/06/2024,2:21:00 am,U. Fitzpayn,Male,51,Asian,Orthopedics,Admission,,40
228-41-0095,10/06/2024,8:16:00 pm,O. Leete,Female,74,White,Orthopedics,Admission,4,32
202-24-9835,10/06/2024,5:38:00 am,U. Delnevo,Male,55,Two or More Races,None,Admission,3,39
884-30-0023,10/06/2024,1:30:00 pm,C. Rechert,Female,58,Declined to Identify,Cardiology,Not Admission,,35
456-85-7685,10/06/2024,12:10:00 am,P. Boyson,Female,30,African American,None,Admission,1,32
478-06-8771,10/06/2024,12:55:00 pm,O. Gelsthorpe,Female,76,Two or More Races,General Practice,Admission,,39
489-59-2907,10/06/2024,9:09:00 pm,G. Folkerd,Female,51,Two or More Races,General Practice,Admission,,38
120-71-9392,10/06/2024,9:44:00 am,K. Haet,Male,26,White,Orthopedics,Admission,,53
208-30-8894,10/06/2024,2:36:00 am,Y. Quiddinton,Female,59,Native American/Alaska Native,General Practice,Not Admission,,43
700-13-0524,10/06/2024,12:44:00 am,Z. Surphliss,Male,74,Two or More Races,General Practice,Not Admission,,26
422-80-2579,10/06/2024,11:30:00 pm,Y. Hamments,Female,31,African American,Neurology,Admission,,36
795-97-8042,10/06/2024,3:05:00 pm,K. Gillow,Female,47,White,None,Admission,2,39
273-26-8525,10/06/2024,6:32:00 pm,Q. Laister,Male,53,Asian,None,Admission,,19
130-34-9435,10/06/2024,9:40:00 pm,F. Antwis,Female,7,White,General Practice,Not Admission,,29
143-86-3656,10/06/2024,1:40:00 pm,M. Grafham,Male,26,African American,None,Admission,,25
321-88-9571,10/06/2024,7:04:00 pm,J. Steade,Female,53,Asian,None,Admission,10,33
374-94-7302,10/06/2024,12:45:00 am,Z. Gillogley,Male,2,African American,None,Not Admission,3,23
430-81-2099,10/06/2023,8:14:00 pm,D. Knotte,Male,43,White,None,Not Admission,,20
786-04-8828,10/06/2023,3:58:00 am,N. Paaso,Male,45,Native American/Alaska Native,None,Admission,,60
508-60-4216,10/06/2023,2:05:00 am,F. Geffe,Female,78,Asian,None,Admission,1,12
369-61-0041,10/06/2023,1:35:00 pm,P. Clurow,Male,48,African American,Orthopedics,Not Admission,,25
210-06-8525,10/06/2023,6:49:00 am,L. Bergstram,Female,38,White,Physiotherapy,Not Admission,4,24
714-15-3274,10/06/2023,7:09:00 am,L. Oliff,Female,78,White,Physiotherapy,Admission,,59
209-94-4931,10/06/2023,1:58:00 pm,X. Tabert,Male,37,Asian,None,Admission,,35
490-06-4815,10/06/2023,2:02:00 am,W. Ranald,Female,3,White,None,Not Admission,,10
350-72-3131,10/06/2023,6:45:00 am,F. Crutchley,Male,22,African American,None,Not Admission,,41
716-64-7519,10/06/2023,5:06:00 am,I. MacAscaidh,Female,51,White,Neurology,Not Admission,,39
667-25-2596,10/06/2023,10:41:00 pm,P. Medcraft,Male,4,Two or More Races,None,Admission,,49
142-06-4332,10/06/2023,9:07:00 am,B. Eccles,Female,69,White,None,Admission,,31
796-61-3221,10/06/2023,8:29:00 pm,X. Grealy,Male,11,Two or More Races,General Practice,Admission,,24
754-82-0930,10/06/2023,1:39:00 am,E. Scamerdine,Female,51,Native American/Alaska Native,None,Not Admission,10,11
727-20-1005,10/05/2024,9:39:00 pm,F. Giametti,Male,44,Declined to Identify,None,Admission,,34
835-35-3059,10/05/2024,11:13:00 am,I. Mailey,Male,60,White,None,Admission,,15
713-45-4927,10/05/2024,5:01:00 am,Q. Looby,Female,63,African American,None,Admission,5,21
801-12-2935,10/05/2024,12:55:00 am,Y. Sambrok,Female,74,African American,None,Admission,3,33
163-37-9298,10/05/2024,4:34:00 am,B. Philippet,Male,21,African American,None,Admission,,22
488-42-2856,10/05/2024,6:09:00 am,N. Dudley,Female,2,Asian,None,Not Admission,,12
514-12-0922,10/05/2024,10:06:00 pm,U. Traite,Female,19,White,Orthopedics,Not Admission,,28
474-68-7516,10/05/2024,11:22:00 am,C. Dixsee,Male,66,Asian,None,Admission,5,43
332-35-8330,10/05/2024,4:55:00 am,O. Dolbey,Female,14,Declined to Identify,Neurology,Admission,,19
244-01-5218,10/05/2024,6:13:00 am,T. Southwick,Male,15,White,Physiotherapy,Admission,,60
542-12-4124,10/05/2024,11:28:00 am,J. Breslau,Male,2,White,None,Not Admission,0,38
623-88-0026,10/05/2024,6:55:00 am,O. Bough,Female,54,White,None,Admission,,17
137-21-4628,10/05/2024,2:51:00 pm,Q. Warrick,Male,34,Asian,General Practice,Not Admission,,10
535-57-8080,10/05/2024,2:57:00 am,Q. Leavry,Male,45,Asian,Orthopedics,Not Admission,,22
418-93-2750,10/05/2024,6:24:00 am,C. Puttrell,Male,16,African American,General Practice,Not Admission,,26
600-20-8677,10/05/2024,11:25:00 am,O. Concannon,Female,21,Two or More Races,None,Admission,,57
431-96-7393,10/05/2024,10:47:00 am,Z. Sumbler,Female,38,Declined to Identify,General Practice,Not Admission,,59
385-35-4502,10/05/2024,5:46:00 am,F. Tarney,Female,54,Native American/Alaska Native,Cardiology,Not Admission,,21
540-87-5256,10/05/2024,5:41:00 am,L. Brighouse,Male,27,Asian,None,Admission,,33
440-26-9007,10/05/2024,2:30:00 am,D. Halms,Female,22,Native American/Alaska Native,General Practice,Not Admission,10,43
369-27-1391,10/05/2024,7:33:00 am,Z. Kilduff,Male,7,White,None,Not Admission,,47
643-52-5908,10/05/2024,3:22:00 pm,O. Thorne,Female,69,Native American/Alaska Native,None,Admission,,29
686-87-6613,10/05/2024,3:11:00 am,M. Goldsmith,Female,75,White,None,Not Admission,,45
360-19-3301,10/05/2024,11:20:00 am,P. Oaker,Male,3,White,None,Admission,,27
692-55-1347,10/05/2023,4:02:00 am,G. Esslement,Male,15,Declined to Identify,General Practice,Admission,,30
529-08-9822,10/05/2023,5:26:00 am,M. Meller,Female,67,White,None,Admission,,10
854-16-1184,10/05/2023,5:22:00 am,O. Crocetti,Female,12,Declined to Identify,None,Not Admission,,39
427-21-9330,10/05/2023,9:31:00 am,R. Peasgood,Female,71,Declined to Identify,None,Not Admission,,46
823-66-1885,10/05/2023,4:48:00 pm,K. Rolfo,Female,39,White,General Practice,Not Admission,3,23
225-11-8653,10/05/2023,2:21:00 pm,V. Whitebread,Female,55,African American,None,Not Admission,,17
645-31-7078,10/05/2023,11:14:00 am,O. Dominique,Male,61,African American,General Practice,Not Admission,,59
738-36-0484,10/05/2023,7:41:00 pm,P. Wontner,Male,69,African American,None,Admission,7,36
659-12-8843,10/05/2023,4:39:00 pm,F. Redhouse,Female,48,White,General Practice,Admission,6,12
152-95-4374,10/05/2023,9:34:00 pm,O. Parncutt,Male,39,Two or More Races,None,Admission,,36
375-30-9722,10/05/2023,2:16:00 pm,M. Duddin,Male,46,African American,Orthopedics,Not Admission,,10
316-77-4231,10/05/2023,12:29:00 am,H. Callan,Male,58,Two or More Races,None,Admission,,51
238-94-8308,10/05/2023,5:39:00 pm,F. Ricart,Male,40,African American,None,Not Admission,,30
639-72-8897,10/04/2024,9:03:00 am,Q. Haslum,Male,10,Two or More Races,Cardiology,Not Admission,,19
235-04-5200,10/04/2024,2:45:00 pm,D. Easthope,Male,8,White,None,Admission,,23
643-17-6227,10/04/2024,3:26:00 am,C. Dummett,Male,44,White,None,Admission,,24
814-08-7027,10/04/2024,5:45:00 pm,F. Skelbeck,Male,65,African American,General Practice,Admission,,17
678-07-7445,10/04/2024,9:03:00 pm,H. Rixon,Male,45,White,None,Admission,,30
868-34-1436,10/04/2024,3:05:00 pm,K. Attenburrow,Female,56,Two or More Races,None,Admission,,40
770-14-1224,10/04/2024,11:30:00 pm,K. Yacob,Male,63,African American,Orthopedics,Admission,,29
409-38-0348,10/04/2024,9:41:00 am,P. Harrie,Male,17,African American,None,Not Admission,,48
371-99-9321,10/04/2024,5:35:00 pm,K. Gubbins,Female,49,Pacific Islander,None,Not Admission,,29
614-43-7853,10/04/2024,7:34:00 pm,Y. Siggin,Male,34,White,Cardiology,Not Admission,,41
581-29-6727,10/04/2024,7:21:00 am,I. Feeham,Male,18,Native American/Alaska Native,General Practice,Admission,,47
689-34-0657,10/04/2024,6:43:00 pm,X. Furmonger,Male,61,White,Orthopedics,Admission,,21
773-46-9525,10/04/2024,9:14:00 am,S. Pardon,Female,5,White,None,Admission,,30
386-58-0850,10/04/2024,1:54:00 am,T. Syplus,Female,47,White,None,Admission,,29
526-56-4625,10/04/2023,1:30:00 pm,G. Dreinan,Female,12,White,None,Admission,,20
606-08-9022,10/04/2023,6:13:00 am,C. Hawkslee,Male,51,Asian,None,Admission,5,35
136-16-3393,10/04/2023,8:45:00 am,U. Carswell,Male,27,White,Renal,Admission,4,47
222-85-6440,10/04/2023,9:45:00 am,S. Petrolli,Male,35,White,Neurology,Not Admission,,34
888-77-0325,10/04/2023,1:51:00 am,J. Jerzycowski,Female,55,Native American/Alaska Native,None,Not Admission,7,18
133-59-5051,10/04/2023,7:02:00 pm,V. Conrad,Female,51,Two or More Races,None,Not Admission,,33
419-53-5282,10/04/2023,4:38:00 am,R. Philippon,Male,52,Two or More Races,None,Not Admission,9,30
371-27-7072,10/04/2023,3:28:00 am,I. Pycock,Female,24,Pacific Islander,None,Admission,,48
427-24-2579,10/04/2023,8:39:00 am,M. Prewett,Male,3,Pacific Islander,None,Admission,0,36
845-28-0750,10/04/2023,3:49:00 am,D. Sikorsky,Female,18,Asian,None,Admission,9,50
725-92-4975,10/04/2023,4:24:00 am,W. Goldstone,Female,35,White,General Practice,Not Admission,,19
894-47-3029,10/04/2023,4:23:00 pm,L. McNeachtain,Male,29,White,General Practice,Admission,8,48
222-81-0128,10/04/2023,1:20:00 am,S. Ricardin,Female,55,Asian,General Practice,Admission,,20
393-38-9502,10/03/2024,10:02:00 pm,N. Corpes,Female,16,White,Orthopedics,Not Admission,,39
745-50-8958,10/03/2024,1:51:00 pm,I. Longhurst,Female,53,Declined to Identify,None,Not Admission,3,42
874-45-7716,10/03/2024,9:01:00 am,J. Dudden,Male,65,Declined to Identify,Gastroenterology,Admission,5,36
733-11-5395,10/03/2024,12:21:00 am,X. Speeks,Female,9,Two or More Races,General Practice,Admission,,33
531-05-3251,10/03/2024,3:17:00 am,D. Velez,Male,61,Native American/Alaska Native,Orthopedics,Admission,3,41
177-67-6738,10/03/2024,4:36:00 am,H. Massy,Male,69,White,General Practice,Admission,,34
158-96-1115,10/03/2024,7:19:00 am,V. Crann,Female,20,Declined to Identify,None,Admission,,54
687-34-3845,10/03/2024,4:52:00 pm,K. Tandy,Male,26,Native American/Alaska Native,None,Not Admission,,43
581-96-1885,10/03/2024,11:29:00 pm,G. Sigmund,Male,18,Native American/Alaska Native,None,Not Admission,,58
379-34-6995,10/03/2024,4:53:00 pm,I. Sothern,Male,26,African American,None,Admission,,26
608-38-2277,10/03/2024,10:23:00 pm,X. Habershon,Male,63,White,None,Admission,,60
657-61-2319,10/03/2024,11:18:00 pm,X. Seeks,Female,77,White,None,Not Admission,,48
596-83-3465,10/03/2024,7:34:00 pm,N. Boothe,Female,77,Declined to Identify,None,Not Admission,,34
644-24-9754,10/03/2024,2:46:00 pm,S. Pattinson,Male,61,African American,General Practice,Not Admission,,58
536-62-3509,10/03/2024,6:32:00 am,E. Pyecroft,Male,78,African American,General Practice,Not Admission,,11
820-83-9876,10/03/2024,10:11:00 pm,A. Castelyn,Male,62,White,General Practice,Not Admission,,33
595-46-8071,10/03/2024,4:22:00 am,C. Drieu,Female,11,Two or More Races,None,Admission,,39
458-83-6410,10/03/2024,1:21:00 pm,Q. Cajkler,Female,10,Declined to Identify,None,Not Admission,,35
840-85-3205,10/02/2024,9:30:00 am,F. Siemandl,Male,30,Declined to Identify,Orthopedics,Admission,,49
736-03-3064,10/02/2024,7:32:00 pm,R. O'Crevan,Female,73,White,General Practice,Admission,,14
396-36-0799,10/02/2024,9:27:00 am,K. Dyshart,Male,25,Pacific Islander,None,Not Admission,,59
590-50-6357,10/02/2024,12:55:00 pm,C. Garraway,Male,75,White,None,Admission,,39
419-92-1735,10/02/2024,11:00:00 am,R. McNeice,Male,15,Two or More Races,General Practice,Admission,,57
472-22-1392,10/02/2024,8:30:00 am,N. Abbatt,Male,37,Pacific Islander,None,Admission,,36
436-04-4586,10/02/2024,2:23:00 am,T. Himpson,Male,42,Two or More Races,General Practice,Admission,,17
564-80-3063,10/02/2024,8:18:00 pm,C. Qualtro,Female,26,Declined to Identify,None,Not Admission,,16
624-35-0744,10/02/2024,11:21:00 am,G. Routham,Male,76,African American,General Practice,Admission,,38
464-43-6789,10/02/2024,3:15:00 pm,B. Philippard,Male,57,Two or More Races,None,Admission,,39
554-09-0300,10/02/2024,11:31:00 pm,S. Brierley,Female,42,African American,Orthopedics,Not Admission,,56
412-75-9383,10/02/2024,10:07:00 pm,R. Potzold,Male,64,Two or More Races,General Practice,Admission,,46
389-53-3260,10/02/2024,10:19:00 am,N. Dudliston,Male,76,Two or More Races,Orthopedics,Not Admission,,34
575-80-4899,10/02/2024,12:52:00 am,C. Todaro,Male,76,White,None,Admission,2,45
276-56-0604,10/02/2024,11:28:00 pm,R. McMurray,Male,34,White,General Practice,Not Admission,7,55
871-89-4819,10/02/2024,8:54:00 am,J. Turmall,Female,36,African American,General Practice,Not Admission,7,39
263-80-6685,10/02/2024,11:23:00 am,C. Bartkowiak,Female,58,White,Orthopedics,Admission,,19
455-54-8491,10/02/2024,5:02:00 am,K. Yeskin,Female,71,Asian,Orthopedics,Admission,,29
613-37-8053,10/02/2024,10:13:00 pm,W. Hale,Female,5,Native American/Alaska Native,None,Admission,2,54
181-93-2611,10/02/2024,9:31:00 am,G. Molan,Male,42,Two or More Races,General Practice,Admission,,53
772-47-3814,10/12/2023,9:31:00 pm,V. Sokill,Female,69,Asian,Gastroenterology,Not Admission,,55
300-34-2747,10/12/2023,9:12:00 pm,B. Durrant,Male,16,Pacific Islander,None,Admission,4,34
806-55-2798,10/12/2023,12:22:00 am,A. Gulc,Female,40,Pacific Islander,None,Not Admission,,17
710-59-7802,10/12/2023,10:55:00 am,A. Beakes,Female,27,Pacific Islander,None,Not Admission,,46
526-80-6917,10/12/2023,7:17:00 pm,C. Scones,Female,76,Two or More Races,None,Admission,,57
110-77-9670,10/12/2023,4:39:00 am,D. Skacel,Male,36,African American,Orthopedics,Admission,,42
768-69-7056,10/12/2023,8:31:00 am,X. Heales,Female,72,White,Cardiology,Not Admission,6,58
785-15-2888,10/12/2023,3:19:00 am,L. Schachter,Male,19,Asian,None,Not Admission,,13
604-08-4200,10/12/2023,7:19:00 am,C. McChesney,Female,2,Native American/Alaska Native,General Practice,Not Admission,,20
314-15-4273,10/12/2023,12:32:00 pm,H. Poulden,Female,1,White,None,Not Admission,,55
691-39-6392,10/12/2023,12:11:00 pm,T. Regorz,Male,2,White,None,Not Admission,8,34
169-41-1872,10/12/2023,1:07:00 pm,I. Ketchaside,Male,61,Two or More Races,General Practice,Not Admission,,23
121-06-3424,10/12/2023,11:28:00 pm,G. Booth-Jarvis,Male,19,Declined to Identify,None,Admission,,25
606-55-9151,10/12/2023,6:02:00 am,T. Lerven,Female,59,Two or More Races,Cardiology,Not Admission,,54
470-60-5830,10/12/2023,8:34:00 pm,Q. Olenchenko,Female,53,White,General Practice,Not Admission,,57
494-79-9100,10/12/2023,7:27:00 pm,U. Cator,Male,64,Two or More Races,General Practice,Not Admission,4,53
587-01-1932,10/11/2023,11:29:00 pm,B. Leppo,Female,8,African American,None,Admission,,50
264-56-3045,10/11/2023,8:08:00 am,N. Sulley,Male,45,White,Gastroenterology,Admission,,58
675-22-7922,10/11/2023,10:40:00 pm,P. Beggini,Male,76,Declined to Identify,None,Not Admission,2,50
689-53-7459,10/11/2023,12:19:00 pm,E. Mixer,Male,6,White,General Practice,Admission,,21
851-08-1351,10/11/2023,11:07:00 pm,F. Innott,Female,78,White,Orthopedics,Not Admission,,26
676-68-0533,10/11/2023,11:43:00 am,O. Kinzett,Female,14,Declined to Identify,General Practice,Admission,7,53
740-14-6005,10/11/2023,6:23:00 am,T. Dunk,Male,9,African American,None,Not Admission,0,24
805-72-1704,10/11/2023,6:16:00 am,Y. Whitear,Female,32,Declined to Identify,Gastroenterology,Not Admission,5,11
558-68-4555,10/11/2023,4:54:00 am,C. Pladen,Male,61,Two or More Races,None,Not Admission,,36
126-50-2838,10/11/2023,1:34:00 pm,C. Klulik,Male,2,White,None,Admission,9,14
746-03-9818,10/11/2023,3:04:00 am,C. Glaum,Female,11,African American,None,Not Admission,2,11
276-52-8357,10/11/2023,5:01:00 am,M. Quinsee,Male,15,African American,General Practice,Not Admission,0,53
871-30-6974,10/11/2023,9:15:00 pm,J. Furlong,Male,5,Asian,Orthopedics,Admission,6,51
643-12-7293,10/10/2024,8:50:00 am,V. Hancorn,Male,6,Two or More Races,None,Admission,,42
473-20-6494,10/10/2024,11:39:00 pm,U. Pankhurst.,Female,10,White,None,Admission,,56
636-37-2797,10/10/2024,11:44:00 am,A. Isenor,Female,16,Declined to Identify,Physiotherapy,Not Admission,,14
550-23-1722,10/10/2024,12:33:00 pm,D. Vamplers,Male,19,Two or More Races,None,Admission,,20
174-02-8280,10/10/2024,11:58:00 am,G. Coppard,Male,38,Asian,None,Admission,10,31
439-25-2191,10/10/2024,4:29:00 am,M. Plews,Female,10,White,General Practice,Admission,,26
398-80-1558,10/10/2024,6:30:00 pm,R. Eliassen,Female,76,Declined to Identify,General Practice,Admission,,10
684-07-0904,10/10/2024,10:53:00 pm,J. Drissell,Female,10,White,None,Admission,,32
863-96-5808,10/10/2024,3:23:00 pm,Z. Finlow,Female,20,White,Neurology,Not Admission,,51
112-97-3102,10/10/2024,10:27:00 pm,A. Dumbellow,Male,66,Declined to Identify,None,Admission,,43
869-78-4400,10/10/2023,8:49:00 pm,D. Binestead,Female,65,Native American/Alaska Native,Orthopedics,Admission,,51
710-20-0028,10/10/2023,12:18:00 pm,C. Driver,Male,23,Two or More Races,General Practice,Admission,,47
378-95-6646,10/10/2023,4:52:00 pm,P. Walkling,Male,11,Declined to Identify,None,Not Admission,,10
358-58-0862,10/10/2023,1:43:00 am,F. Ghion,Female,6,Declined to Identify,None,Admission,,60
646-18-3088,10/10/2023,1:31:00 pm,C. Nevins,Male,36,Pacific Islander,None,Admission,,36
186-95-9617,10/10/2023,12:21:00 pm,F. Hissie,Male,9,African American,None,Admission,,40
536-53-9660,10/10/2023,12:47:00 pm,Y. Beaushaw,Male,26,African American,Orthopedics,Admission,7,57
698-56-3363,10/10/2023,8:53:00 am,F. Peregrine,Male,11,Declined to Identify,None,Not Admission,,14
422-14-3991,10/10/2023,4:36:00 pm,X. Morbey,Male,25,Native American/Alaska Native,None,Admission,,55
301-45-7864,10/10/2023,9:14:00 am,Y. Pennuzzi,Male,34,Native American/Alaska Native,General Practice,Admission,,26
719-53-4693,10/10/2023,11:02:00 am,C. Drinkhill,Female,57,Asian,General Practice,Admission,,58
571-79-9300,10/10/2023,12:19:00 am,D. Ree,Male,43,Two or More Races,None,Admission,,24
383-24-5206,10/01/2024,2:17:00 pm,O. Blackford,Female,51,White,Renal,Admission,,60
193-23-1557,10/01/2024,4:17:00 pm,Q. Laguerre,Male,39,Asian,General Practice,Not Admission,1,14
587-69-3886,10/01/2024,11:58:00 pm,V. Wombwell,Male,62,Two or More Races,None,Admission,,12
374-46-8007,10/01/2024,5:18:00 pm,R. McLugish,Male,11,White,Orthopedics,Admission,,60
599-03-3606,10/01/2024,8:16:00 pm,G. Deverose,Male,30,Native American/Alaska Native,Cardiology,Admission,,53
260-70-4444,10/01/2024,1:57:00 pm,I. Temprell,Male,46,White,Orthopedics,Admission,,47
607-90-8770,10/01/2024,1:27:00 pm,Q. Tidman,Male,26,Asian,None,Admission,,42
578-88-9545,10/01/2024,11:46:00 am,O. Seally,Male,53,African American,None,Not Admission,,58
233-87-0588,10/01/2024,6:01:00 am,F. Aronoff,Female,68,African American,None,Admission,,55
376-36-7341,10/01/2024,4:25:00 pm,F. Gore,Male,25,African American,None,Not Admission,,21
757-23-1659,10/01/2024,3:24:00 pm,E. Orpwood,Male,17,Two or More Races,None,Not Admission,8,47
234-45-3966,10/01/2024,12:09:00 pm,M. Treweek,Male,14,White,Physiotherapy,Admission,,16
219-14-6147,10/01/2024,9:15:00 am,Z. Girardengo,Male,63,Native American/Alaska Native,Renal,Not Admission,,10
556-92-5924,01/09/2024,1:38:00 pm,I. Fulstow,Female,37,Declined to Identify,None,Not Admission,,52
776-73-0164,01/09/2024,5:23:00 pm,O. Ridoutt,Male,39,Declined to Identify,Orthopedics,Admission,2,30
300-02-4857,01/09/2024,1:44:00 pm,D. Easman,Female,52,White,None,Not Admission,,26
387-19-7057,01/09/2024,12:41:00 pm,Z. Stannering,Female,49,Native American/Alaska Native,None,Not Admission,,48
256-07-5165,01/09/2024,11:26:00 pm,A. Powter,Female,22,White,None,Admission,5,43
659-98-9321,01/09/2024,11:34:00 pm,N. Alwin,Male,11,White,General Practice,Not Admission,,47
459-58-9413,01/09/2024,1:51:00 am,W. Allsworth,Male,20,White,None,Admission,,29
227-50-8036,01/09/2024,4:58:00 pm,R. McAne,Male,58,White,General Practice,Not Admission,,56
333-45-8232,01/09/2024,1:04:00 am,Y. Tethcote,Male,9,Declined to Identify,General Practice,Admission,,42
352-98-0907,01/09/2024,2:23:00 am,M. Saywell,Male,64,African American,Orthopedics,Not Admission,,47
497-27-2881,01/09/2024,6:15:00 pm,W. Grimsdith,Male,42,African American,None,Not Admission,8,36
616-41-9787,01/09/2024,10:15:00 am,Q. Nanetti,Male,54,African American,Cardiology,Admission,,34
327-01-6909,01/09/2024,6:32:00 am,R. Oldfield,Male,77,Two or More Races,General Practice,Not Admission,,38
654-75-7180,01/09/2024,4:37:00 am,L. Scneider,Male,2,Declined to Identify,None,Admission,8,45
810-32-8712,01/09/2024,10:04:00 pm,R. Langmaid,Female,63,White,None,Admission,,35
659-80-5601,01/09/2024,5:20:00 pm,C. Angliss,Female,64,White,None,Admission,,14
172-36-2378,01/09/2024,3:12:00 am,F. Darycott,Female,58,Two or More Races,None,Admission,,38
587-71-6980,01/09/2024,4:25:00 am,P. Grieve,Female,37,White,None,Admission,0,57
845-45-0091,01/09/2024,9:36:00 pm,G. Baldinotti,Female,6,Two or More Races,None,Not Admission,,41
749-62-9350,01/09/2024,10:09:00 pm,H. Aldridge,Male,1,Declined to Identify,None,Not Admission,0,32
471-40-0310,01/09/2024,7:41:00 am,J. Fawckner,Male,1,White,Neurology,Admission,,46
712-66-6927,01/09/2024,2:04:00 pm,H. Tolomei,Female,44,Pacific Islander,None,Not Admission,7,36
728-96-6611,01/09/2024,3:20:00 am,H. Rickson,Female,61,African American,None,Admission,,32
155-67-7834,01/09/2023,5:34:00 pm,G. Guerrazzi,Male,51,White,None,Admission,,24
846-91-5022,01/09/2023,2:50:00 pm,Q. Bootton,Female,62,Two or More Races,None,Admission,7,47
382-23-5205,01/09/2023,8:41:00 pm,G. Cyples,Female,25,African American,General Practice,Admission,,11
530-45-3867,01/09/2023,3:50:00 am,B. Arondel,Male,4,African American,Orthopedics,Admission,,28
622-03-5279,01/09/2023,6:31:00 am,B. Rouse,Female,24,Native American/Alaska Native,Cardiology,Admission,,10
503-18-9280,01/09/2023,3:53:00 pm,X. Brightman,Male,35,White,Orthopedics,Admission,0,28
778-31-9819,01/09/2023,4:58:00 pm,M. Tolossi,Male,78,Asian,None,Admission,,58
445-48-0091,01/09/2023,8:46:00 am,J. Beckingham,Female,42,Declined to Identify,None,Admission,,11
148-25-3695,01/09/2023,3:11:00 pm,X. Lillegard,Male,48,Native American/Alaska Native,None,Not Admission,,44
770-95-4240,01/09/2023,1:58:00 am,C. McCleverty,Male,39,Native American/Alaska Native,None,Admission,2,55
807-69-0903,01/09/2023,1:54:00 am,T. Cocker,Male,68,White,None,Admission,5,15
518-57-8790,01/09/2023,9:14:00 am,Q. Ratt,Male,28,Declined to Identify,General Practice,Not Admission,,27
707-35-6910,01/08/2024,8:38:00 pm,I. Kennler,Female,61,Two or More Races,Physiotherapy,Not Admission,,27
238-90-8285,01/08/2024,8:05:00 pm,C. Quodling,Female,39,Native American/Alaska Native,Gastroenterology,Not Admission,,15
508-31-1080,01/08/2024,11:32:00 am,G. Uren,Female,9,Asian,None,Admission,,59
543-17-9313,01/08/2024,4:07:00 pm,J. Rolls,Female,23,Pacific Islander,None,Not Admission,,30
337-97-5948,01/08/2024,12:25:00 am,V. Henric,Male,78,Pacific Islander,General Practice,Not Admission,9,36
740-90-4651,01/08/2024,4:27:00 pm,F. Tillyer,Male,56,White,None,Not Admission,,47
254-84-0202,01/08/2024,7:08:00 am,I. Liverseege,Male,51,Two or More Races,None,Not Admission,,40
283-13-1525,01/08/2024,1:12:00 am,W. Gyde,Female,3,Two or More Races,None,Not Admission,1,55
888-65-6333,01/08/2024,2:01:00 pm,S. Gration,Male,12,Asian,None,Admission,,28
365-31-3066,01/08/2024,3:56:00 am,O. Wickie,Male,22,African American,None,Not Admission,,52
382-29-0136,01/08/2024,3:22:00 pm,U. Pacey,Male,66,White,None,Admission,,54
721-59-3542,01/08/2024,5:09:00 am,Z. Busse,Male,67,Declined to Identify,None,Admission,,24
229-64-6626,01/08/2024,4:25:00 pm,F. Leggott,Male,72,White,None,Not Admission,,46
543-99-4748,01/08/2024,12:27:00 pm,R. Corradi,Female,62,African American,None,Not Admission,1,35
283-07-6389,01/08/2024,5:18:00 pm,A. Kildea,Male,46,White,Orthopedics,Not Admission,5,51
862-32-2195,01/08/2024,8:23:00 am,S. Cleave,Male,24,Asian,General Practice,Not Admission,,10
410-44-5767,01/08/2024,12:00:00 pm,M. Bembrigg,Male,60,White,None,Not Admission,3,23
741-98-3267,01/08/2024,10:40:00 am,J. Branton,Male,8,Declined to Identify,None,Not Admission,10,33
397-69-1392,01/08/2024,12:07:00 pm,I. Oddie,Female,10,African American,General Practice,Not Admission,,58
669-23-3949,01/08/2024,10:21:00 am,A. Gadsdon,Male,7,Two or More Races,General Practice,Not Admission,,32
665-57-2100,01/08/2024,11:09:00 am,H. Gorrissen,Female,72,White,None,Not Admission,,30
842-41-3604,01/08/2024,4:39:00 pm,J. Fairfoull,Male,37,Asian,None,Not Admission,,25
774-05-5714,01/08/2024,5:41:00 pm,U. Mariette,Male,31,Two or More Races,Gastroenterology,Not Admission,,20
307-42-0988,01/08/2024,4:10:00 am,V. Terrell,Male,77,African American,General Practice,Admission,1,59
259-50-3010,01/08/2024,1:53:00 am,F. Stone Fewings,Male,4,Asian,None,Not Admission,,42
250-44-9023,01/08/2024,8:55:00 am,A. Paaso,Female,7,Native American/Alaska Native,Orthopedics,Not Admission,6,15
858-03-5171,01/08/2024,11:42:00 pm,L. Luty,Male,36,White,None,Not Admission,,26
556-45-4348,01/08/2024,1:39:00 pm,L. Curd,Male,15,Two or More Races,General Practice,Not Admission,,16
167-80-2652,01/08/2023,3:13:00 pm,V. Risso,Male,63,Asian,None,Admission,,47
616-29-5551,01/08/2023,10:41:00 pm,P. Chinge de Hals,Female,22,White,None,Not Admission,,25
501-47-2075,01/08/2023,9:42:00 am,W. Dutson,Male,51,White,None,Admission,6,20
505-44-9196,01/08/2023,8:58:00 am,P. Nisot,Male,27,Two or More Races,None,Admission,,48
804-69-5163,01/08/2023,8:50:00 pm,W. Chue,Female,43,White,None,Admission,,43
207-41-0142,01/08/2023,5:37:00 pm,Y. Chatto,Male,76,Two or More Races,Cardiology,Admission,,33
146-92-9842,01/08/2023,2:09:00 pm,H. Luce,Female,21,Pacific Islander,None,Admission,,28
894-86-2329,01/08/2023,10:50:00 pm,W. Newe,Female,53,Pacific Islander,None,Admission,10,32
487-35-8534,01/08/2023,9:44:00 am,Q. Illes,Male,38,African American,None,Not Admission,,31
243-43-7192,01/08/2023,10:26:00 pm,R. Altham,Female,57,Two or More Races,None,Not Admission,,34
317-55-6525,01/08/2023,3:50:00 pm,C. Fogt,Male,35,Two or More Races,None,Not Admission,,49
838-39-0089,01/08/2023,11:59:00 am,O. Doche,Male,39,African American,General Practice,Admission,,27
253-84-5746,01/08/2023,7:12:00 am,Q. Celli,Female,22,Declined to Identify,None,Admission,,29
621-48-6458,01/08/2023,9:48:00 am,N. Kinsella,Female,38,African American,None,Not Admission,,54
219-41-5143,01/07/2024,3:54:00 pm,F. Priver,Female,53,White,None,Not Admission,0,44
788-50-6371,01/07/2024,8:15:00 am,I. Abrahart,Male,9,White,None,Not Admission,,34
541-38-5588,01/07/2024,7:31:00 pm,Q. Gorbell,Female,31,Two or More Races,None,Not Admission,,31
778-65-4673,01/07/2024,12:56:00 pm,G. Summerly,Female,13,White,None,Not Admission,,49
545-31-9630,01/07/2024,3:14:00 pm,W. Pendlebery,Female,44,Pacific Islander,None,Not Admission,,50
187-33-8018,01/07/2024,10:05:00 pm,T. Reeks,Male,10,Asian,Neurology,Not Admission,2,42
220-85-4256,01/07/2024,2:01:00 am,O. Cuerda,Male,11,Declined to Identify,None,Admission,8,40
870-30-5356,01/07/2024,3:40:00 pm,Z. Kelston,Male,23,Pacific Islander,General Practice,Admission,,27
346-84-5825,01/07/2024,4:59:00 am,B. McGann,Female,50,White,None,Not Admission,,60
447-24-8349,01/07/2024,11:50:00 am,W. De Vuyst,Male,29,Two or More Races,General Practice,Not Admission,4,18
610-81-3745,01/07/2024,9:05:00 am,G. Hing,Male,53,White,Orthopedics,Admission,,56
419-56-9936,01/07/2024,2:00:00 am,G. Troutbeck,Male,2,Asian,General Practice,Admission,,27
584-75-1706,01/07/2024,1:31:00 am,U. Zohrer,Female,19,Two or More Races,None,Not Admission,4,45
531-97-4128,01/07/2024,12:36:00 am,H. Bullier,Female,49,African American,General Practice,Admission,,21
895-09-2744,01/07/2024,10:13:00 am,J. Wickens,Female,49,White,None,Not Admission,9,38
453-29-3036,01/07/2024,3:42:00 pm,N. Tebbe,Male,2,Native American/Alaska Native,None,Admission,1,30
854-45-3713,01/07/2024,4:18:00 pm,B. Riggulsford,Female,39,Two or More Races,Orthopedics,Admission,5,16
500-12-4114,01/07/2023,10:29:00 pm,E. Connal,Male,56,White,None,Admission,,15
593-21-1380,01/07/2023,6:50:00 am,L. Crawshay,Male,40,Two or More Races,None,Not Admission,,16
322-87-0204,01/07/2023,12:38:00 pm,N. Androletti,Male,40,African American,None,Admission,,57
394-17-4256,01/07/2023,5:58:00 am,F. Giannassi,Female,17,Two or More Races,None,Admission,,52
374-34-0979,01/07/2023,10:03:00 am,N. Bodman,Female,5,Native American/Alaska Native,General Practice,Admission,,57
497-70-2885,01/07/2023,9:57:00 pm,Y. Drain,Male,31,African American,None,Admission,,47
733-04-5324,01/07/2023,12:16:00 pm,J. Pickervance,Male,25,White,None,Not Admission,,38
458-48-8079,01/07/2023,12:58:00 am,P. Mendes,Female,51,African American,None,Admission,,32
428-71-5740,01/07/2023,7:29:00 am,F. Braisher,Male,73,White,None,Not Admission,,34
308-72-6633,01/07/2023,12:07:00 pm,E. Tregidga,Female,51,Declined to Identify,General Practice,Not Admission,,40
640-43-6147,01/07/2023,2:35:00 am,P. Merwood,Male,10,Two or More Races,None,Not Admission,,59
581-94-1985,01/07/2023,7:15:00 am,W. Hatherley,Male,2,African American,None,Admission,2,39
342-72-7611,01/07/2023,1:10:00 pm,M. Yeats,Male,71,Declined to Identify,None,Not Admission,,47
545-41-0302,01/07/2023,2:47:00 am,S. Jills,Male,17,Two or More Races,None,Admission,,14
229-94-6883,01/07/2023,10:47:00 am,K. Sibly,Female,4,African American,None,Not Admission,2,26
825-28-0932,01/06/2024,5:58:00 am,L. Escoffier,Female,38,Two or More Races,Orthopedics,Not Admission,,56
124-73-3676,01/06/2024,10:34:00 am,K. Bilofsky,Male,48,Declined to Identify,None,Not Admission,,35
165-78-8054,01/06/2024,9:22:00 pm,D. Kleinhandler,Male,49,Native American/Alaska Native,None,Admission,,16
156-04-1460,01/06/2024,11:55:00 pm,V. Caress,Male,21,African American,None,Not Admission,10,22
383-43-2338,01/06/2024,3:47:00 am,H. Wylder,Female,22,African American,None,Admission,,41
439-09-4695,01/06/2024,7:48:00 pm,T. Bastiman,Male,2,Declined to Identify,Orthopedics,Admission,4,51
763-41-5675,01/06/2024,3:47:00 am,I. Yardy,Male,10,Declined to Identify,Orthopedics,Admission,,15
619-25-0963,01/06/2024,3:34:00 pm,N. Wolverson,Male,4,Asian,None,Not Admission,,16
139-06-1169,01/06/2024,6:17:00 pm,P. Swann,Female,24,Asian,Orthopedics,Admission,,48
418-76-1742,01/06/2024,10:26:00 pm,Y. Kock,Female,43,Asian,None,Not Admission,,25
471-82-1748,01/06/2024,2:35:00 pm,V. Cullrford,Female,19,Two or More Races,None,Not Admission,,47
577-56-7589,01/06/2024,1:17:00 am,T. Utterson,Male,11,Declined to Identify,None,Admission,,19
290-17-4655,01/06/2024,6:10:00 am,Y. Whitington,Female,79,Asian,None,Not Admission,,37
835-45-5469,01/06/2024,12:40:00 am,B. Jorat,Male,71,White,Orthopedics,Not Admission,0,53
628-78-2242,01/06/2024,11:31:00 am,T. Fury,Female,18,Asian,None,Admission,,17
444-32-3923,01/06/2024,6:19:00 am,T. Lawie,Female,36,Asian,Cardiology,Not Admission,5,15
470-74-4865,01/06/2024,7:47:00 am,T. Leyborne,Male,9,Two or More Races,None,Not Admission,,54
352-70-3795,01/06/2023,10:24:00 pm,L. Ord,Female,27,White,General Practice,Not Admission,,46
404-31-3488,01/06/2023,1:23:00 pm,A. Scallon,Male,67,Pacific Islander,None,Not Admission,,39
456-57-3018,01/06/2023,2:37:00 am,B. Tousy,Female,26,White,None,Admission,,56
809-10-0879,01/06/2023,7:46:00 pm,J. Duffy,Female,60,African American,Orthopedics,Not Admission,,58
807-20-6718,01/06/2023,3:43:00 pm,Q. Seleway,Male,56,Declined to Identify,None,Not Admission,8,17
381-42-5162,01/06/2023,9:34:00 am,Q. Wones,Male,3,Two or More Races,None,Not Admission,,43
140-47-4325,01/06/2023,5:36:00 pm,O. Sewell,Male,23,Declined to Identify,None,Not Admission,,57
455-80-8231,01/06/2023,10:09:00 am,N. Rzehorz,Male,8,Declined to Identify,None,Not Admission,,54
360-87-9898,01/06/2023,1:24:00 pm,Q. Rycraft,Male,67,African American,General Practice,Admission,,17
146-74-0413,01/06/2023,11:36:00 am,N. Weddeburn,Male,40,Native American/Alaska Native,General Practice,Admission,,41
896-58-5072,01/06/2023,5:33:00 pm,T. Neenan,Male,73,Asian,None,Admission,,18
193-70-0168,01/06/2023,5:52:00 pm,F. Lenox,Male,54,Declined to Identify,None,Not Admission,,11
703-55-3364,01/06/2023,7:48:00 am,H. Hickeringill,Male,30,Pacific Islander,None,Admission,,19
174-46-8097,01/06/2023,11:24:00 am,Q. Dickie,Female,65,Pacific Islander,Gastroenterology,Not Admission,10,53
875-18-8746,01/06/2023,10:55:00 am,A. Renzini,Female,63,Declined to Identify,General Practice,Admission,,41
350-23-6043,01/06/2023,9:12:00 pm,Y. Truss,Male,18,Two or More Races,None,Not Admission,,39
838-74-6166,01/06/2023,12:54:00 am,X. Briance,Male,39,African American,None,Admission,,12
478-89-5652,01/06/2023,12:57:00 am,G. Delph,Male,7,Native American/Alaska Native,None,Admission,,30
215-96-3099,01/06/2023,2:17:00 pm,S. Millan,Female,70,African American,None,Not Admission,1,37
312-76-3868,01/06/2023,6:31:00 pm,Z. O'Doherty,Female,79,White,General Practice,Not Admission,,44
893-28-5273,01/06/2023,11:31:00 pm,F. Metcalf,Female,23,White,Neurology,Not Admission,2,42
576-57-4936,01/06/2023,9:24:00 am,Q. Headingham,Female,23,Two or More Races,Cardiology,Admission,,23
735-55-8837,01/06/2023,3:12:00 am,C. Polet,Male,36,White,None,Not Admission,,37
784-87-8463,01/06/2023,9:20:00 pm,O. Knight,Male,4,African American,Physiotherapy,Admission,,32
353-90-2932,01/06/2023,4:32:00 am,P. Sangwin,Female,19,Declined to Identify,None,Admission,3,10
295-99-2730,01/06/2023,8:42:00 am,M. Ingolotti,Male,66,White,General Practice,Admission,,31
191-43-9431,01/05/2024,2:15:00 pm,G. Bain,Male,5,Two or More Races,None,Not Admission,,52
534-57-7812,01/05/2024,3:39:00 am,A. Newns,Female,20,Asian,None,Not Admission,10,17
167-66-0469,01/05/2024,11:46:00 am,I. Snuggs,Male,71,Asian,None,Not Admission,8,56
629-65-4881,01/05/2024,3:01:00 am,R. Vecard,Male,20,Two or More Races,None,Not Admission,,38
852-52-8451,01/05/2024,10:32:00 pm,Q. Andrivot,Female,31,African American,General Practice,Not Admission,6,12
578-08-6528,01/05/2024,2:14:00 pm,V. McGeown,Male,32,Two or More Races,None,Not Admission,,14
586-06-0042,01/05/2024,4:50:00 am,S. Wickendon,Male,21,Two or More Races,General Practice,Not Admission,,22
256-40-0553,01/05/2024,5:55:00 pm,T. Medford,Male,23,Asian,None,Admission,7,59
543-72-2686,01/05/2024,3:02:00 am,F. Heddy,Male,56,White,None,Not Admission,6,38
394-48-4997,01/05/2024,6:29:00 pm,U. McClements,Female,67,Declined to Identify,None,Admission,,41
409-22-8805,01/05/2024,7:11:00 am,O. Ayton,Female,59,White,Orthopedics,Admission,,37
752-35-4165,01/05/2024,8:43:00 am,C. Glewe,Female,22,Asian,None,Not Admission,,54
468-54-8320,01/05/2024,11:12:00 pm,N. Swindall,Male,50,Two or More Races,General Practice,Not Admission,,27
194-94-2789,01/05/2024,8:25:00 am,D. Mosdill,Male,66,Native American/Alaska Native,None,Admission,,32
435-33-5469,01/05/2023,3:04:00 am,E. Anthoine,Female,28,African American,None,Admission,,23
214-91-3829,01/05/2023,6:05:00 am,Y. Maylor,Female,77,White,General Practice,Not Admission,5,46
180-40-9473,01/05/2023,7:38:00 pm,Y. Mattioli,Male,5,Declined to Identify,Orthopedics,Admission,,17
439-52-0309,01/05/2023,12:29:00 am,F. Pochet,Male,30,White,None,Not Admission,,37
260-06-9563,01/05/2023,11:20:00 pm,H. Sherville,Female,41,African American,None,Not Admission,,17
108-35-4145,01/05/2023,10:04:00 am,B. Brychan,Male,79,White,None,Admission,,48
319-60-7646,01/05/2023,5:20:00 am,W. Tatnell,Female,76,Two or More Races,Orthopedics,Admission,,26
742-60-3962,01/05/2023,12:07:00 pm,Z. Windley,Male,61,Declined to Identify,General Practice,Not Admission,,56
714-41-2161,01/05/2023,10:37:00 pm,T. Solley,Female,31,African American,Neurology,Admission,,41
786-88-7335,01/05/2023,5:01:00 pm,B. Normansell,Female,7,African American,General Practice,Admission,,19
228-43-4348,01/05/2023,6:28:00 pm,D. McDowell,Male,65,African American,None,Admission,,36
559-43-9962,01/05/2023,6:25:00 am,A. Destouche,Female,36,Asian,None,Not Admission,,13
594-06-1700,01/05/2023,12:38:00 am,F. Wickens,Male,77,Asian,None,Not Admission,,28
357-72-8460,01/05/2023,7:01:00 am,T. Fannon,Female,56,Two or More Races,None,Admission,,56
444-83-4739,01/05/2023,12:54:00 am,Q. Airey,Female,44,White,General Practice,Not Admission,,30
229-39-4308,01/05/2023,6:29:00 pm,W. Tirkin,Male,27,African American,None,Admission,6,16
555-65-1219,01/05/2023,10:36:00 am,B. Gammell,Male,45,African American,None,Not Admission,,29
534-15-5048,01/05/2023,8:20:00 pm,X. Vasilyonok,Female,10,African American,General Practice,Not Admission,,43
209-04-5455,01/05/2023,5:09:00 pm,L. Booley,Female,18,Two or More Races,Gastroenterology,Admission,,35
737-84-1709,01/05/2023,12:20:00 pm,I. Fallowfield,Male,61,White,None,Not Admission,,14
685-14-2682,01/04/2024,4:44:00 pm,V. Mityakov,Female,37,Native American/Alaska Native,Orthopedics,Admission,,20
210-44-1324,01/04/2024,1:59:00 pm,A. Oates,Female,11,African American,None,Not Admission,,20
496-35-0982,01/04/2024,11:39:00 am,A. Hamblett,Female,42,Pacific Islander,None,Admission,,44
405-16-6690,01/04/2024,3:36:00 am,A. Russam,Female,21,Declined to Identify,None,Not Admission,,40
869-40-4882,01/04/2024,10:24:00 am,W. Strover,Female,56,White,Orthopedics,Not Admission,,43
822-92-9656,01/04/2024,10:18:00 pm,U. Pendell,Male,1,Declined to Identify,None,Not Admission,,12
325-65-7104,01/04/2024,9:53:00 pm,D. Golding,Female,72,Declined to Identify,None,Admission,,51
210-50-1801,01/04/2024,8:46:00 am,W. Martinelli,Female,76,White,None,Not Admission,,23
208-28-7749,01/04/2024,5:51:00 pm,S. Shakespeare,Male,59,Asian,None,Admission,,20
897-16-6821,01/04/2024,9:17:00 pm,A. Blowfelde,Male,47,Asian,None,Admission,,55
100-34-9587,01/04/2024,4:17:00 am,U. Lamburn,Male,20,Declined to Identify,Neurology,Not Admission,,24
494-35-2410,01/04/2024,10:27:00 pm,O. Mercy,Male,4,Two or More Races,Gastroenterology,Not Admission,,30
417-42-4910,01/04/2023,11:46:00 pm,V. Clelle,Female,79,Two or More Races,None,Not Admission,,45
874-57-8352,01/04/2023,9:49:00 am,V. Matyushenko,Male,38,White,None,Not Admission,,50
628-45-6492,01/04/2023,6:07:00 am,L. McCarrison,Female,6,White,None,Admission,,52
106-45-9457,01/04/2023,10:49:00 pm,I. Nicol,Female,71,Two or More Races,General Practice,Admission,,14
570-93-0122,01/04/2023,10:29:00 pm,X. Olech,Female,43,Declined to Identify,Orthopedics,Not Admission,,47
889-96-0276,01/04/2023,10:10:00 pm,Q. Purseglove,Male,10,Two or More Races,Cardiology,Not Admission,,45
576-82-1180,01/04/2023,7:16:00 am,X. Bassford,Male,69,Asian,General Practice,Admission,,50
170-60-7747,01/04/2023,1:25:00 pm,T. Snowdon,Male,31,White,General Practice,Not Admission,0,56
389-14-6190,01/04/2023,3:10:00 pm,E. Bygate,Female,20,Asian,General Practice,Not Admission,,30
111-52-9197,01/04/2023,7:07:00 pm,G. Hawkeswood,Female,64,White,None,Not Admission,,59
338-11-7529,01/04/2023,5:41:00 pm,B. Grzelczak,Female,38,African American,None,Admission,,54
766-20-3662,01/04/2023,1:13:00 am,N. Sparsholt,Male,60,Two or More Races,Cardiology,Admission,1,35
689-22-4635,01/04/2023,2:08:00 pm,V. Game,Male,53,African American,None,Admission,7,46
161-03-2325,01/04/2023,1:31:00 pm,Q. Everson,Female,26,Declined to Identify,None,Not Admission,8,44
125-52-4944,01/04/2023,4:34:00 am,N. Sommerscales,Male,79,White,General Practice,Not Admission,,21
868-10-5414,01/04/2023,6:16:00 pm,R. Fulker,Female,55,African American,None,Admission,,24
701-64-7880,01/04/2023,1:21:00 am,L. Brothwell,Male,18,Two or More Races,None,Admission,3,40
428-40-4491,01/04/2023,2:07:00 pm,J. Antonnikov,Female,46,African American,None,Admission,,45
259-51-9518,01/04/2023,2:45:00 am,T. Rolingson,Male,62,Asian,None,Not Admission,,12
701-74-8201,01/03/2024,11:37:00 am,R. Jeaycock,Female,33,White,None,Admission,,50
787-02-2075,01/03/2024,11:45:00 am,D. Bartalin,Female,31,White,None,Not Admission,9,25
218-16-4997,01/03/2024,2:50:00 am,S. Rapper,Female,67,Declined to Identify,None,Admission,,48
102-24-8249,01/03/2024,4:52:00 pm,A. Staples,Male,2,African American,General Practice,Not Admission,,27
180-35-8890,01/03/2024,8:58:00 am,S. Vigurs,Female,22,Declined to Identify,None,Not Admission,8,31
439-72-3934,01/03/2024,2:31:00 am,C. Morby,Female,20,Pacific Islander,Orthopedics,Admission,8,22
249-47-9666,01/03/2024,8:50:00 am,Y. Greep,Male,35,White,General Practice,Admission,,39
732-99-8011,01/03/2024,1:29:00 am,H. Gurrado,Female,43,White,None,Admission,,16
227-23-5068,01/03/2024,10:27:00 pm,F. Faherty,Male,78,Pacific Islander,None,Not Admission,1,60
232-46-5874,01/03/2024,10:15:00 am,X. Wilse,Male,39,White,Gastroenterology,Not Admission,,37
541-22-8120,01/03/2024,7:44:00 pm,T. Shreeves,Female,53,Asian,Orthopedics,Not Admission,,48
763-76-4655,01/03/2024,2:00:00 am,B. Havoc,Male,16,Two or More Races,None,Not Admission,,13
263-10-1520,01/03/2024,7:26:00 am,M. Saipy,Male,37,White,Cardiology,Not Admission,,27
771-58-1297,01/03/2024,11:39:00 am,G. Chesney,Female,33,African American,Physiotherapy,Admission,,17
180-02-8927,01/03/2024,4:54:00 am,L. Eltringham,Male,23,Declined to Identify,None,Not Admission,,27
807-06-2498,01/03/2024,3:23:00 am,X. Cowpertwait,Female,66,African American,None,Admission,,60
869-10-5238,01/03/2024,7:29:00 am,L. Ewers,Male,18,Asian,Physiotherapy,Not Admission,,19
498-19-8616,01/03/2024,11:41:00 pm,P. Lambe,Male,30,Declined to Identify,Cardiology,Admission,,43
551-35-9369,01/03/2024,12:16:00 pm,B. Simonetto,Female,9,African American,General Practice,Not Admission,10,47
484-09-1969,01/02/2024,5:30:00 am,G. Dougill,Male,54,Declined to Identify,None,Admission,,60
481-25-8959,01/02/2024,3:01:00 am,U. O'Kinneally,Male,8,Pacific Islander,Orthopedics,Not Admission,,33
356-43-7542,01/02/2024,11:57:00 pm,E. Blunden,Female,5,White,None,Not Admission,,50
657-17-7377,01/02/2024,7:01:00 am,J. Howroyd,Male,26,African American,General Practice,Admission,,12
254-35-5734,01/02/2024,4:11:00 am,S. Foulstone,Female,32,White,Neurology,Not Admission,5,60
168-12-2195,01/02/2024,6:31:00 am,Q. Willett,Female,48,Declined to Identify,General Practice,Not Admission,,25
876-14-0295,01/02/2024,8:53:00 pm,E. Bellhouse,Male,21,Two or More Races,General Practice,Admission,4,36
493-10-9938,01/02/2024,6:47:00 am,A. Haworth,Female,66,African American,Orthopedics,Not Admission,1,16
493-10-1682,01/02/2024,4:41:00 pm,M. Akroyd,Male,15,Two or More Races,None,Not Admission,7,37
828-49-0441,01/02/2024,8:13:00 am,U. Jensen,Male,19,African American,None,Not Admission,,38
428-04-4880,01/02/2024,6:20:00 am,L. Masdin,Male,78,White,None,Not Admission,0,13
259-48-1976,01/02/2024,9:47:00 am,T. Collis,Male,64,Two or More Races,None,Not Admission,,47
490-11-8769,01/02/2024,7:32:00 am,F. Bourcq,Female,39,White,General Practice,Not Admission,8,37
208-63-9371,01/12/2023,11:46:00 pm,V. Verralls,Male,42,Pacific Islander,General Practice,Admission,,10
121-21-9177,01/12/2023,6:10:00 am,V. Glabach,Female,42,White,General Practice,Admission,,36
465-82-9189,01/12/2023,11:01:00 am,P. Rosenfield,Male,56,African American,None,Admission,,43
290-33-0784,01/12/2023,1:16:00 pm,U. Battman,Female,70,White,General Practice,Not Admission,,10
164-49-8624,01/12/2023,6:22:00 pm,I. Lambole,Male,25,White,None,Not Admission,,32
143-15-8333,01/12/2023,3:11:00 am,S. Merle,Female,12,Declined to Identify,Orthopedics,Not Admission,,35
230-49-9379,01/12/2023,1:50:00 pm,U. Zouch,Female,61,White,None,Admission,,57
504-25-5424,01/12/2023,11:05:00 am,V. Aslum,Male,24,Two or More Races,None,Not Admission,,14
673-87-9658,01/12/2023,3:20:00 am,O. Trumper,Male,53,Two or More Races,Cardiology,Admission,,57
586-51-5316,01/12/2023,6:21:00 pm,I. Imason,Female,59,Native American/Alaska Native,Neurology,Not Admission,,24
645-56-1978,01/12/2023,3:00:00 pm,K. Trounson,Male,17,Two or More Races,None,Admission,,50
244-72-1639,01/12/2023,11:57:00 pm,N. Howood,Female,27,Asian,None,Admission,9,59
782-56-2604,01/12/2023,3:54:00 pm,C. Vogeler,Female,4,African American,Gastroenterology,Not Admission,,14
452-21-6657,01/12/2023,2:54:00 pm,G. Yatman,Male,42,Asian,None,Admission,9,33
153-10-3389,01/12/2023,6:34:00 am,B. Ruzek,Male,12,Two or More Races,General Practice,Not Admission,,59
869-71-2604,01/12/2023,9:50:00 pm,O. Basini-Gazzi,Female,49,Two or More Races,None,Admission,,19
337-67-0209,01/11/2023,8:08:00 pm,Z. Fraczak,Male,58,African American,Physiotherapy,Admission,,35
362-55-6622,01/11/2023,4:06:00 pm,G. Sousa,Male,55,Declined to Identify,Gastroenterology,Admission,,26
891-36-7946,01/11/2023,6:30:00 pm,K. Wollaston,Female,6,White,Orthopedics,Admission,6,21
389-05-1442,01/11/2023,2:27:00 pm,F. Batch,Female,33,African American,None,Not Admission,,30
453-54-2453,01/11/2023,1:27:00 pm,U. Dowall,Female,20,White,Physiotherapy,Admission,,48
620-23-8298,01/11/2023,9:52:00 am,B. Dolden,Male,25,White,None,Not Admission,,58
155-16-2327,01/11/2023,9:08:00 pm,R. Hannam,Male,36,African American,None,Admission,,55
673-55-3238,01/11/2023,12:00:00 am,J. Kasting,Female,41,African American,None,Not Admission,,22
891-38-4475,01/11/2023,8:04:00 am,B. Heymann,Female,77,Declined to Identify,None,Not Admission,3,10
728-48-6496,01/11/2023,3:11:00 am,E. Liggens,Female,13,White,None,Not Admission,,16
559-99-9805,01/11/2023,1:15:00 am,C. O'Hoolahan,Female,66,African American,None,Admission,,39
592-85-9953,01/11/2023,7:17:00 am,W. Phidgin,Female,38,White,Orthopedics,Not Admission,,52
442-88-8033,01/11/2023,3:41:00 pm,O. Winny,Female,68,African American,General Practice,Admission,5,19
576-68-0482,01/11/2023,1:54:00 pm,D. Hosier,Female,33,Asian,Orthopedics,Not Admission,,49
631-58-0524,01/11/2023,7:20:00 pm,I. Antliff,Female,58,Declined to Identify,None,Admission,,50
357-19-2990,01/11/2023,10:49:00 pm,L. Weekly,Male,24,Pacific Islander,None,Not Admission,,55
866-83-2347,01/11/2023,10:53:00 am,X. Ruff,Male,46,Two or More Races,Orthopedics,Admission,,12
262-61-0435,01/10/2024,8:14:00 am,E. Landon,Female,18,Asian,None,Not Admission,9,30
715-98-3805,01/10/2024,4:37:00 pm,S. Aland,Female,41,Two or More Races,None,Admission,,47
676-01-7454,01/10/2024,2:28:00 pm,N. Snowball,Male,73,Two or More Races,General Practice,Admission,,41
280-40-2482,01/10/2024,6:58:00 pm,M. Wolseley,Male,50,White,General Practice,Admission,,22
890-71-5629,01/10/2024,1:42:00 pm,L. Philipeaux,Female,37,Pacific Islander,None,Not Admission,,54
826-42-2244,01/10/2024,2:13:00 am,T. Mawd,Female,77,White,General Practice,Admission,4,32
611-71-8999,01/10/2024,8:56:00 am,V. Kmietsch,Female,33,Native American/Alaska Native,Orthopedics,Not Admission,,17
328-12-4206,01/10/2024,3:44:00 pm,K. Bexon,Male,1,White,Cardiology,Not Admission,7,11
314-39-8096,01/10/2024,4:23:00 pm,W. Darnborough,Female,29,African American,None,Admission,,46
836-45-5911,01/10/2024,12:05:00 pm,Z. Jirsa,Male,78,African American,None,Not Admission,9,30
344-07-4253,01/10/2024,7:50:00 am,Q. Pinshon,Female,39,Asian,General Practice,Admission,2,44
518-99-6870,01/10/2024,3:19:00 pm,C. Bachelar,Male,22,Declined to Identify,Physiotherapy,Not Admission,,60
354-05-8896,01/10/2024,8:31:00 am,V. Gorrissen,Male,36,Two or More Races,Gastroenterology,Not Admission,,33
447-93-4805,01/10/2024,7:58:00 am,Q. Rubinovici,Male,14,African American,None,Admission,,14
767-26-2712,01/10/2024,5:02:00 am,X. Rheam,Female,3,White,None,Admission,,37
450-28-3332,01/10/2024,4:30:00 am,B. Hindes,Male,26,White,None,Not Admission,,17
645-48-6279,01/10/2024,2:20:00 am,X. Tour,Female,24,Native American/Alaska Native,None,Admission,,53
516-27-3906,01/10/2024,3:24:00 pm,M. Stringman,Male,43,Two or More Races,None,Not Admission,,48
204-42-0922,01/10/2024,6:46:00 pm,C. Pallin,Male,68,White,General Practice,Not Admission,3,56
209-61-6925,01/10/2024,9:49:00 pm,S. Brumpton,Female,68,African American,None,Admission,0,56
240-32-0217,01/10/2023,6:53:00 pm,D. Jayes,Male,40,Two or More Races,None,Not Admission,,35
291-90-1058,01/10/2023,5:38:00 am,M. Connell,Male,8,Two or More Races,General Practice,Not Admission,,55
249-35-1997,01/10/2023,7:03:00 am,S. Waldie,Male,78,White,None,Not Admission,0,42
801-74-4085,01/10/2023,10:40:00 am,J. Kerton,Female,79,Two or More Races,None,Admission,,40
241-06-7024,01/10/2023,3:44:00 pm,E. Cutress,Female,19,African American,Physiotherapy,Admission,1,60
364-28-5162,01/10/2023,3:20:00 pm,I. De Ambrosis,Female,28,Pacific Islander,Cardiology,Not Admission,7,18
362-30-0094,01/10/2023,3:34:00 pm,X. Outibridge,Male,65,Native American/Alaska Native,General Practice,Not Admission,,39
266-73-6494,01/10/2023,11:36:00 am,P. Cockshutt,Female,13,Declined to Identify,None,Admission,9,40
565-06-0269,01/10/2023,6:01:00 am,S. Thornewell,Male,79,Declined to Identify,General Practice,Not Admission,,34
651-30-0618,01/10/2023,1:12:00 am,Q. Craigg,Male,73,African American,None,Admission,,34
202-68-7145,01/10/2023,4:15:00 pm,X. Bastock,Female,38,African American,Renal,Not Admission,,20
758-69-7526,01/10/2023,2:19:00 pm,Y. Durning,Female,13,Asian,General Practice,Admission,7,48
636-65-9131,01/10/2023,4:06:00 am,C. Melladew,Female,74,White,None,Not Admission,,40
802-43-8558,01/10/2023,8:27:00 am,O. Pusey,Female,57,White,None,Not Admission,,11
320-34-9500,01/10/2023,4:23:00 pm,E. Spavon,Female,57,Pacific Islander,General Practice,Admission,,30
175-49-8550,01/01/2024,9:00:00 pm,B. Nisot,Female,63,Pacific Islander,Cardiology,Admission,,36
687-65-8903,01/01/2024,9:13:00 pm,R. Lovstrom,Male,51,African American,None,Admission,10,60
452-18-8105,01/01/2024,11:25:00 am,U. Pattini,Male,53,Pacific Islander,Neurology,Admission,,22
533-87-1299,01/01/2024,12:55:00 pm,E. Brownlee,Female,28,White,None,Not Admission,,57
868-41-2022,01/01/2024,11:11:00 am,M. Baulcombe,Male,55,Native American/Alaska Native,None,Admission,10,59
320-82-5563,01/01/2024,8:57:00 am,S. Rubel,Female,5,Declined to Identify,None,Admission,5,14
237-42-9499,01/01/2024,12:10:00 am,M. Broadbury,Male,70,African American,None,Admission,,21
730-54-8361,01/01/2024,1:00:00 pm,R. O'Lennachain,Male,59,White,Orthopedics,Admission,,45
130-03-6486,01/01/2024,9:08:00 am,M. Carwithan,Female,17,White,None,Admission,7,56
761-66-7563,01/01/2024,10:03:00 am,W. Colvin,Male,6,Asian,General Practice,Admission,,52
860-05-8907,01/01/2024,11:57:00 pm,E. St Clair,Male,37,White,None,Admission,,14
338-57-1208,01/01/2024,11:48:00 pm,S. Samwayes,Female,5,Asian,None,Admission,3,47
566-17-1941,01/01/2024,7:37:00 pm,H. Hatz,Male,37,Asian,None,Admission,,55
392-57-1593,01/01/2024,3:19:00 pm,M. Mantz,Male,8,African American,None,Not Admission,,23
353-25-3957,01/01/2024,11:01:00 pm,S. Levermore,Male,19,White,Cardiology,Not Admission,,34
608-47-0337,01/01/2024,5:25:00 pm,R. Boyle,Female,22,White,Orthopedics,Admission,,45
716-90-5923,01/01/2024,11:42:00 am,V. Seadon,Female,8,African American,None,Admission,,21
641-52-3173,01/01/2024,4:59:00 am,L. Harford,Female,37,White,None,Not Admission,5,10
390-79-5650,01/01/2024,5:33:00 pm,E. Skerritt,Male,59,Asian,None,Not Admission,,47
